SMILES,Tag,Solvent,Absorption max (nm),Emission max (nm),Lifetime (ns),Quantum yield,log(e/mol-1 dm3 cm-1),abs FWHM (cm-1),emi FWHM (cm-1),abs FWHM (nm),emi FWHM (nm),Molecular weight (g mol-1),Reference,identifier,vie,aie,vea,aea,hl,s0s1,s0t1,hr,cr2,cr1,er,ar1,ar2,lumo,homo
c1ccc(-c2nn(-c3ccccc3)c3nc4ccccc4cc23)cc1,5245.0,C1CCCCC1,401.4452027,443.6557232,17.9,0.86,3.819543936,,,55.8,52.6,321.3821,http://dx.doi.org/10.1016/j.dyepig.2015.09.016,csd_IZOXUS,7.131050505,7.043577011,-0.887147968,-1.027934581,5.85589328,3.0428,2.147,0.18374906,0.096275566,0.087473494,0.274055261,0.140786613,0.133268648,-1.11022512,-6.9661184
C#Cc1ccc(C#Cc2cnc(C#Cc3ccccc3)nc2)cc1,8111.0,C1CCCCC1,325.0,415.0,1.1,0.0015,4.72427587,,,61.4,102.6,304.35128,10.1021/jo048914h,csd_HAKMIQ,7.506350814,7.38547685,-1.271112386,-1.399121098,5.856709622,3.1233,2.2613,0.248424,0.127550036,0.120873964,0.258214934,0.128008711,0.130206222,-1.443020542,-7.299730164
O=c1c2ccccc2[nH]c2ccccc12,8602.0,CS(C)=O,398.0,408.0,9.1,0.75,3.995635195,,,36.1,38.7,195.22046,https://doi.org/10.1016/j.dyepig.2019.03.028,csd_HIBXOF,7.547571677,7.503940075,-0.147961933,-0.252048259,6.543253244,3.3702,2.7631,0.087676655,0.044045052,0.043631602,0.20771082,0.104086326,0.103624494,-0.571167286,-7.11442053
c1ccc2c(c1)ccc1ccc3ccc4ccccc4c3c12,2109.0,ClC(Cl)Cl,393.0,424.0,26.0,0.04,2.301029996,,,34.5,47.5,278.35316,DOI: 10.1021/acs.orglett.7b00548,csd_DBPHEN04,7.433381105,7.304172561,-0.160501436,-0.322433212,7.298369594,3.5825,2.391,0.264747792,0.135539249,0.129208544,0.324875816,0.161931776,0.16294404,-0.138506026,-7.43687562
c1cc2cccc3c4cccc5cccc(c(c1)c23)c54,4771.0,ClCCl,438.0,448.0,4.7,0.97,4.505149978,,,42.0,48.0,252.31528,http://dx.doi.org/10.1016/j.tet.2013.01.037,csd_GAJRUG,6.772870629,6.697524766,-0.821782266,-0.910443974,5.430579098,2.921,1.5752,0.150889907,0.075544044,0.075345863,0.176430826,0.088661707,0.087769119,-1.070496476,-6.501075574
O=c1c2ccccc2c2c3c(cccc13)c(-c1ccccc1)c1c3cccc4cccc(c43)c12,13975.0,CO,461.0,562.0,9.4,0.97,3.77815125,,,79.2,91.8,430.50492,https://doi.org/10.1016/j.tet.2011.07.018,csd_BUDXOP,7.024204127,6.950559738,-1.371268162,-1.483073546,5.483641328,2.8411,1.8604,0.159160295,0.085515906,0.073644389,0.221360657,0.111805384,0.109555273,-1.466422346,-6.950063674
O=c1oc2ccccc2cc1-c1nc2ccccc2o1,10437.0,CC1CCCCC1,356.0,438.0,3.17,0.94,4.36,,,76.7,77.4,263.25146,https://doi.org/10.1016/S1386-1425(02)00164-6,csd_UGUHIN,7.831287965,7.679657717,-1.165653055,-1.345182008,6.063244148,3.4313,2.2318,0.310857401,0.159227153,0.151630247,0.354366171,0.179528953,0.174837218,-1.453360874,-7.516605022
c1csc(-c2ccc(-c3cccs3)c3nsnc23)c1,5374.0,ClC(Cl)Cl,445.0,565.0,10.24,0.59,3.903957709,,,93.1,93.1,300.42952,https://doi.org/10.1016/j.jphotochem.2012.01.011,csd_WULLIA04,7.04647693,6.889370551,-1.299843407,-1.407292246,5.186764954,2.5323,1.5001,0.316711036,0.159604657,0.157106378,0.214789376,0.107448839,0.107340537,-1.600302434,-6.787067388
c1ccc(-c2nn(-c3ccccn3)c3nc4ccccc4cc23)cc1,3916.0,C1CCCCC1,385.0,421.0,2.16,0.18,3.880813592,,,49.9,44.4,322.37016,https://doi.org/10.1016/j.dyepig.2019.03.031,csd_HIZROA,7.33423041,7.228019145,-0.710943812,-0.881400648,6.623798988,3.4634,2.2335,0.243797001,0.137585736,0.106211264,0.324662751,0.170456836,0.154205915,-0.716748276,-7.340547264
c1cc2ccc3cc4[nH]ccc4c4ccc(c1)c2c34,18639.0,CCOC(C)=O,384.0,398.0,2.8,0.95,4.571708832,,,34.9,45.5,241.29234,DOI: 10.1021/jo049192x,csd_WAGPAW,6.63391401,6.537492019,-0.250297804,-0.350185711,5.780245588,3.3209,1.9115,0.195190719,0.098768729,0.09642199,0.199099011,0.099887906,0.099211105,-0.541234746,-6.321480334
O=Cc1ccc(-c2cccs2)s1,9417.0,CC#N,350.0,425.0,0.9,0.023,4.339451441,,,55.1,64.5,194.27764,10.1021/jo070100o,csd_WIKCIC,7.938587984,7.711760557,-0.640035802,-0.846962988,6.314133256,3.3516,2.2892,0.401962447,0.175135019,0.226827428,0.370622805,0.206927187,0.163695619,-1.132538468,-7.446671724
O=C1c2ccc3c4ccc5c6c(ccc(c7ccc(c2c37)C(=O)N1c1ccc(O)cc1)c64)C(=O)N(c1ccc(O)cc1)C5=O,735.0,CN(C)C=O,522.0,534.0,3.9,0.2,4.604657972,,,55.2,57.6,574.54692,doi:10.1016/j.dyepig.2005.03.001,csd_SAGWAY,7.410488998,7.314488811,-2.389764469,-2.554232347,4.848527252,2.4896,1.2791,0.194445589,0.098445403,0.096000187,0.325891346,0.164467879,0.161423467,-2.474060488,-7.32258774
O=C1NC(=O)C(c2c[nH]c3ccccc23)=C1c1c[nH]c2ccccc12,7271.0,Cc1ccccc1,447.0,552.0,9.5,0.28,3.850033258,,,100.5,93.7,327.34222,10.1021/jp051035u,csd_IGATIV,6.779769291,6.558774627,-0.773996708,-1.001935449,5.43411658,2.57,1.7081,0.444914009,0.223919345,0.220994664,0.452083941,0.227938741,0.2241452,-1.120565452,-6.554682032
C(#Cc1ccccc1)c1ccccc1,8524.0,ClC(Cl)Cl,299.0,320.0,3.89,0.003,4.41,,,41.7,44.7,178.2334,DOI: 10.1021/ol0528991,csd_CAZYAE,7.650435667,7.531552843,-0.068187306,-0.227163543,6.818360498,4.1846,2.7033,0.237654571,0.118771747,0.118882824,0.318868355,0.158976237,0.159892118,-0.420144016,-7.238504514
N#Cc1cc2ccccc2[nH]1,214.0,O,281.595092,350.0,2.9,,4.482860169,,,34.4,57.1,142.16064,http://dx.doi.org/10.1016/j.cplett.2017.07.038,csd_TECGEO,8.452869458,8.268847086,0.254190912,0.046645972,8.763703484,4.8264,2.803,0.372862249,0.188839878,0.184022372,0.416389741,0.20754494,0.208844801,0.273746684,-8.4899568
N#Cc1ccc(C=C(c2ccccc2)c2ccccc2)cc1,13440.0,C1CCOC1,321.0,390.0,31.0,0.046,,,,57.0,46.7,281.3571,https://doi.org/10.1016/j.dyepig.2016.04.014,csd_KUYCIS,7.606547733,7.415000022,-0.822986861,-1.108991682,6.376175248,3.7084,2.3763,0.394475557,0.202927845,0.191547711,0.542864518,0.286004821,0.256859697,-1.0340332,-7.410208448
O=C1OC(=O)c2ccc(N(c3ccccc3)c3c4ccccc4cc4ccccc34)c3cccc1c23,8588.0,CCCCCC,440.0,514.0,5.4,0.304,,,,82.2,74.4,465.50686,DOI: 10.1021/jp044669u,csd_LERGUL,6.986723688,6.838743197,-1.406445971,-1.574768617,5.472484654,2.7492,1.7163,0.319552178,0.171571687,0.147980491,0.336863254,0.168322645,0.168540609,-1.523022058,-6.995506712
c1cc2ccc3cccc4ccc(c1)c2c34,561.0,CCCCCCC,334.0,373.0,462.0,0.53,4.67,,,,24.5,202.2554,doi:10.1016/j.dyepig.2007.11.003,csd_WOGVIA,7.40015574,7.291645603,-0.241350995,-0.380231015,7.171836584,3.9194,2.0405,0.215501363,0.106991225,0.108510138,0.274986218,0.138880019,0.136106198,-0.229664216,-7.4015008
O=C1OC(=O)c2ccc(N(c3ccccc3)c3ccc4ccccc4c3)c3cccc1c23,8593.0,CCCCCC,446.0,520.0,8.42,0.335,,,,101.3,65.3,415.44698,DOI: 10.1021/jp044669u,csd_LERHAS,7.062714244,6.955859158,-1.417844283,-1.632018137,5.353570836,2.7005,2.0002,0.205219671,0.098364585,0.106855086,0.411649977,0.214173854,0.197476123,-1.626153264,-6.9797241
c1ccc(-c2cc(-c3ccc4ccc5cccc6ccc3c4c56)ccn2)nc1,7511.0,CCCCCC,341.997264,385.000385,8.1,0.48,,,,43.0,39.2,356.42704,10.1021/jp000658z,csd_EWOXOF,7.12151427,7.030680712,-0.69283136,-0.917184455,6.016984768,3.5215,2.0595,0.182633393,0.091799835,0.090833558,0.428153419,0.224353095,0.203800325,-0.875118624,-6.892103392
N#Cc1ccc2cc[nH]c2c1,218.0,O,285.0,375.0,0.6,,4.017033339,,,47.5,66.9,142.16064,http://dx.doi.org/10.1016/j.cplett.2017.07.038,csd_MITQUE,8.446013954,8.233032884,0.358594088,0.176827242,9.197997428,4.8694,2.8393,0.422890408,0.209909338,0.21298107,0.36768792,0.181766846,0.185921074,0.56599712,-8.632000308
O=c1c2ccccc2n2c3ccccc3c(=O)c3cccc1c32,16811.0,Cc1ccccc1,432.9648895,465.7997399,,0.724,4.458395255,,,21.6,31.5,297.31234,DOI: 10.1002/adom.201801536,csd_UKIGAW,7.631904159,7.592972075,-1.108701282,-1.186615139,6.016984768,3.1355,2.548,0.081665439,0.042733354,0.038932085,0.155719277,0.077913857,0.07780542,-1.382611234,-7.399596002
O=C1c2ccccc2-c2ccccc21,2959.0,C1CCCCC1,382.0,463.0,0.4,0.0004,2.477121255,,,,118.8,180.20552,DOI: 10.1039/c4cp01724b,csd_FLURON01,8.260451961,8.131122055,-0.800383956,-0.96270891,6.502980372,2.934,2.434,0.259152258,0.129822351,0.129329907,0.326664802,0.162324954,0.164339849,-1.294990526,-7.797970898
O=c1c2ccccc2nc2ccccn12,13303.0,ClCCl,354.0,442.0,,0.96,5.190331698,,,59.0,85.2,196.20852,https://doi.org/10.1016/j.cplett.2018.08.017,csd_WAGDIU,7.526809542,7.40706028,-0.410105023,-0.589777734,6.253451834,3.3912,2.255,0.244241064,0.124491801,0.119749262,0.380932361,0.179672711,0.201259651,-0.84083226,-7.094284094
N#Cc1ccc2[nH]ccc2c1,217.0,O,275.0,390.0,0.3,,3.740362689,,,48.5,62.0,142.16064,http://dx.doi.org/10.1016/j.cplett.2017.07.038,csd_PEDDOT,8.422613293,8.217975809,0.595547884,0.42918933,9.061668314,4.8331,3.0662,0.416131532,0.211494049,0.204637483,0.339392527,0.166358554,0.173033973,0.643277496,-8.418390818
N#Cc1cc(-n2c3ccccc3c3ccccc32)c(-n2c3ccccc3c3ccccc32)cc1C#N,1978.0,Cc1ccccc1,375.0,473.0,28.5,0.465,4.056904851,,,,85.0,458.52292,"doi:10.1038/nature11687, DOI: 10.1021/acsami.8b11136, DOI: 10.1021/acs.joc.5b01496",csd_YEJLEH01,7.44719636,7.388430076,-1.377861756,-1.576919406,5.818613662,3.1306,2.6609,0.146013651,0.087247368,0.058766284,0.411080443,0.19905765,0.212022793,-1.574451604,-7.393065266
c1ccc2ccccc2c1,98.0,C1CCCCC1,286.0,324.0,96.0,0.23,3.58,,,,32.9,128.17352,https://doi.org/10.3390/molecules17055108,csd_CAKRUB11,7.983588973,7.899605259,0.455175864,0.335855153,7.290206174,4.382,2.7529,0.167768077,0.083784363,0.083983714,0.236579041,0.11932071,0.117258331,-0.096872584,-7.387078758
O=C1c2cc(-c3ccccc3)ccc2-c2ccc(-c3ccccc3)cc21,14333.0,C1CCOC1,337.0,360.0,1.0,0.01,,,,98.7,83.1,332.40104,https://doi.org/10.1016/j.dyepig.2016.02.023,csd_IBENOV01,7.488299179,7.323038633,-1.094982382,-1.258970796,5.963106196,2.9154,2.2965,0.323064897,0.157804351,0.165260547,0.329240253,0.163988414,0.165251839,-1.344787388,-7.307893584
O=C(O)c1cc2c(ccc3ccccc32)oc1=O,5104.0,C1COCCO1,372.0,428.0,13.3,0.53,4.219060332,,4268.4,,,240.21352,doi:10.1016/j.jphotochem.2006.02.028,csd_KABFUQ,8.077420357,7.98251698,-1.140759522,-1.342548679,6.184062764,3.3548,2.2409,0.193525735,0.098622359,0.094903377,0.398861681,0.201789157,0.197072524,-1.503157736,-7.6872205
C#Cc1ccc2ccc3cccc4ccc1c2c34,7481.0,C1CCCCC1,357.0,383.0,14.9,0.16,,,,25.0,30.0,226.2774,DOI: 10.1021/acs.jpca.8b09689,csd_NAMYUV01,7.166913634,7.090836491,-0.678572015,-0.783172963,5.873852804,3.4495,1.9458,0.152310097,0.076232955,0.076077142,0.207949437,0.104600948,0.103348489,-0.977161374,-6.851014178
c1ccc(-c2nnc(-c3cc(-n4c5ccccc5c5ccccc54)c(-n4c5ccccc5c5ccccc54)cc3-c3nnc(-c4ccccc4)o3)o2)cc1,6505.0,ClCCl,361.0,500.5191128,15.6,0.383,4.326335861,,,,103.2,696.76832,DOI: 10.1021/acsami.8b11136,csd_ZOFNUG,7.028883671,6.970512769,-1.3047635,-1.538805758,5.766367774,3.232,2.622,0.12135332,0.062982418,0.058370902,0.440958016,0.234042258,0.206915758,-1.271860836,-7.03822861
c1ccc(-c2ccc3c4ccc(-c5ccccc5)c5c(-c6ccccc6)ccc(c6cccc2c63)c54)cc1,4772.0,ClCCl,473.0,500.0,,0.94,4.568201724,,,64.3,53.3,480.60856,http://dx.doi.org/10.1016/j.tet.2013.01.037,csd_GIJROI,6.390102043,6.281922305,-1.157977317,-1.277420941,5.156016072,2.6772,1.4715,0.215755381,0.107575644,0.108179737,0.236258627,0.119443624,0.116815003,-1.190226636,-6.346242708
c1ccc(-c2pc3ccccc3s2)cc1,7436.0,CC#N,330.0,443.0,,0.044,4.565847819,,,64.7,114.9,228.25446,http://dx.doi.org/10.1021/jo400947u,csd_ZUVMIO,7.527945373,7.354344532,-0.468141388,-0.711529129,6.406107788,3.7045,2.1825,0.32592155,0.15232071,0.173600841,0.38758612,0.243387741,0.144198379,-0.777157584,-7.183265372
C(#Cc1c(C#Cc2cccs2)c(C#Cc2cccs2)c(C#Cc2cccs2)c(C#Cc2cccs2)c1C#Cc1cccs1)c1cccs1,12235.0,ClCCl,371.0,453.0,,0.27,5.021189299,,,50.4,68.4,715.00092,DOI: 10.1021/ol2000183,csd_LUPFAF,7.578159658,7.347263038,-1.283988413,-1.464290061,7.780283488,3.7096,0.6672,0.480429512,0.249532892,0.23089662,0.362336934,0.180301648,0.182035286,-0.477832184,-8.258115672
c1csc(-c2ccc(-c3ccc(-c4ccc(-c5cccs5)s4)s3)s2)c1,9426.0,CC#N,413.0,479.0,0.9,0.33,4.630427875,,,,,412.64528,10.1021/jo070100o,csd_RAJGUF,7.174955283,6.737987546,-0.532774722,-0.922920346,7.426535288,3.6757,1.9588,0.75908867,0.322120934,0.436967736,0.671389593,0.390145624,0.281243969,-0.147485788,-7.574021076
c1ccc(-c2nc(-c3c4ccccc4cc4ccccc34)n3ccccc23)cc1,1628.0,ClCCl,382.0,548.0,,0.064,4.153967222,,,,102.0,370.45392,http://dx.doi.org/10.1016/j.dyepig.2016.09.056,csd_EVOVUI,6.606230492,6.452893981,-0.802939569,-0.923327973,5.483369214,2.8552,1.7488,0.298051634,0.144715123,0.153336511,0.2394693,0.120388404,0.119080896,-0.987501706,-6.47087092
O=Cc1ccc2ccc3cccc4ccc1c2c34,1143.0,CCCCCC,387.0,386.0,7.4336,0.002,,,,,28.6,230.2654,doi:10.1016/j.tet.2012.05.072,csd_EFONIY01,7.506946662,7.426036258,-1.060760564,-1.184558256,5.760925494,3.1344,1.9073,0.162167155,0.081256751,0.080910404,0.245356677,0.123797693,0.121558984,-1.403836126,-7.16476162
c1csc(-c2ccc(-c3cccs3)s2)c1,2769.0,ClCCl,355.0,432.0,0.17,0.05,4.357934847,,,,,248.39352,http://dx.doi.org/10.1021/jo500029f,csd_RAJGIT,7.711575247,7.289359899,-0.109168327,-0.507300225,8.798534076,4.3241,1.7949,0.755923984,0.333708637,0.422215348,0.685760478,0.398131898,0.28762858,0.447355416,-8.35117866
c1ccc(-c2cc(-c3ccc(-c4nc(-c5ccccn5)c(-c5ccccn5)[nH]4)cc3)cc(-c3ccccn3)n2)nc1,17117.0,CC(C)=O,381.0,452.0,1.09,0.201,4.093071306,,,,,529.60562,DOI: 10.1021/jp512583m,csd_DAHBAS,6.909832435,6.782486893,-0.660505033,-0.871749581,6.087462294,3.6006,2.5574,0.255553142,0.1282076,0.127345542,0.384897906,0.211244547,0.173653359,-0.720013644,-6.807475938
c1ccc(C2=C(c3ccccc3)c3cccc4c3c(cc3nc5ccccc5nc34)O2)cc1,17344.0,ClCCl,494.0,553.0,,0.54,,,,73.5,73.5,422.48592,DOI: 10.1021/acsomega.7b00335,csd_BELTEU,6.67849499,6.587938445,-1.046662283,-1.153346753,5.370986132,2.7169,1.9405,0.1815531,0.090996554,0.090556546,0.213516699,0.106684471,0.106832229,-1.220975518,-6.59196165
c1ccc2c(c1)[nH]c1c3[nH]c4ccccc4c3c3nsnc3c21,18894.0,Cc1ccccc1,410.0,456.0,1.02,0.07,,,,,72.2,314.3714,DOI: 10.1021/jo301458m,csd_MUNHIN,7.591128611,7.4987938,-0.498937618,-0.644718068,6.854823774,3.5249,2.3918,0.195791465,0.103456654,0.092334811,0.29239248,0.14578045,0.14661203,-0.460416888,-7.315240662
Oc1cc2ccc3cc(O)cc4ccc(c1)c2c34,8384.0,CO,381.0,405.0,29.0,0.93,3.84509804,,,,,234.2534,http://dx.doi.org/10.1021/ja2006862,csd_CARJOW,7.725526859,7.42698229,-0.286999942,-0.497124604,8.048315778,3.8792,1.6095,0.470644374,0.172099805,0.298544569,0.421768128,0.210124662,0.211643466,0.070205412,-7.978110366
c1ccc2c(-n3cnc4ccccc43)cccc2c1,11194.0,C1CCCCC1,283.0,358.0,5.1,0.28,,,2850.0,,,244.29628,https://doi.org/10.1016/j.cplett.2005.12.092,csd_BODTOE,8.063970741,7.814836497,-0.167968054,-0.31944355,7.838515884,4.4442,2.6447,0.517626734,0.268492489,0.249134245,0.303375545,0.151475496,0.151900049,-0.178506784,-8.017022668
Nc1ccc(-c2ccc3c(c2)C(=O)c2ccccc2C3=O)cc1,355.0,CCCCCC,395.0,512.0,1.41,0.0086,,,,,105.1,299.32822,http://dx.doi.org/10.1016/j.dyepig.2017.05.024,csd_DIXQIL,7.44218217,7.179938806,-1.256577716,-1.443752012,6.215900102,3.0686,2.5683,0.440464537,0.178221173,0.262243364,0.374005863,0.187174295,0.186831568,-1.203560222,-7.419460324
c1ccc2c(c1)CCc1ccccc1N2,2624.0,CO,290.0,359.0,3.68,0.131,4.24,,,,,195.26422,10.1021/jp0710739,csd_HBZAZP01,6.856253679,6.798658165,1.365757609,0.988679824,7.20966043,4.2931,3.1445,0.114934396,0.057338882,0.057595513,0.502811814,0.377077785,0.125734029,0.75647692,-6.45318351
c1ccc2c(c1)[nH]c1cccnc12,5075.0,C1CCCCC1,336.0,341.0,4.6,0.145,4.41,,,,,168.19852,https://doi.org/10.1016/S0301-0104(01)00575-4,csd_VAWFUX,7.910272917,7.838805359,0.46631017,0.302623667,8.378662174,4.3346,3.1713,0.170162245,0.098694687,0.071467558,0.327777939,0.163686503,0.164091436,0.46939665,-7.909265524
c1ccc(-c2nnc(-c3ccc(-n4c5ccccc5c5ccccc54)cc3)o2)cc1,19208.0,Cc1ccccc1,340.0,387.0,2.00594,0.57,4.352182518,,,,,387.44098,DOI: 10.1021/jo201488v,csd_UCIXEL,7.172179176,7.11411032,-0.681366109,-0.855098653,6.105421818,3.5787,2.787,0.117388891,0.059320036,0.058068855,0.358885984,0.173732544,0.185153441,-0.878383992,-6.98380581
O=C1c2ccc3c4ccc5c6c(ccc(c7ccc(c2c37)C(=O)N1c1ccncc1)c64)C(=O)N(c1ccncc1)C5=O,14528.0,ClC(Cl)Cl,530.0,576.0,3.74,0.97,4.934498451,,,,,544.52504,https://doi.org/10.1016/j.jlumin.2012.05.017,csd_FEDPOU,7.757602786,7.65215208,-2.655456306,-2.832592452,5.11030092,2.5719,1.2796,0.213982286,0.10853158,0.105450706,0.352485047,0.177136146,0.175348901,-2.652295158,-7.762596078
C(#Cc1ccc(C#Cc2ccccc2)cc1)c1ccccc1,8525.0,ClC(Cl)Cl,328.0,348.0,2.57,0.5,4.59,,,,,278.35316,DOI: 10.1021/ol0528991,csd_FEFPOW01,7.347322086,7.205643184,-0.629060818,-0.79510157,6.766658838,3.8009,2.3673,0.285318522,0.14363962,0.141678902,0.331569848,0.166040752,0.165529096,-0.592120064,-7.358778902
C(#Cc1ccccc1C#Cc1ccccc1)c1ccccc1,2728.0,CC#N,310.0,360.0,1.467,0.52,,,5056.6,,,278.35316,10.1021/jp056127y,csd_PEMZAJ01,7.460980539,7.323734129,-0.443749089,-0.633269198,7.100542716,3.869,2.4878,0.271545472,0.134299062,0.13724641,0.358847616,0.189520108,0.169327508,-0.398374896,-7.498917612
O=C(c1ccc(N2c3ccccc3Oc3ccccc32)cc1)c1ccc2sc3ccccc3c2c1,6518.0,C1CCOC1,312.0,594.0,38.3,0.005,,,,,100.9,469.56286,DOI: 10.1021/acs.chemmater.7b00450,csd_MABCEA,6.445173562,6.351319267,-0.835132832,-1.041941377,5.146764196,2.6787,2.6614,0.191183215,0.097328919,0.093854296,0.403050903,0.206808545,0.196242358,-1.038931252,-6.185695448
C1=Cc2ccccc2Cc2ccccc21,2630.0,CO,285.0,380.0,3.72,0.016,4.26,,,,,192.26028,10.1021/jp0710739,csd_BADLUP,7.626074471,7.412507349,0.12706121,-0.144069315,7.023806568,4.1567,2.7181,0.416080701,0.202513579,0.213567122,0.508076567,0.271130526,0.236946041,-0.223949822,-7.24775639
Cc1ccc2ccc3c(C)ccc4ccc1c2c43,2076.0,CCCCCC,344.0,380.0,54.7,0.52,4.64,,,,,230.30916,http://dx.doi.org/10.1021/jo400128c,csd_DATTID,7.066397606,6.954193303,-0.267381312,-0.39094934,6.807748052,3.7795,1.9572,0.222345438,0.110141135,0.112204303,0.243453022,0.123568029,0.119884993,-0.259324642,-7.067072694
Nc1ccc2c(c1)Cc1ccccc1-2,4878.0,C1CCCCC1,318.0,347.0,5.3,0.74,3.74,,,,,181.23734,https://doi.org/10.1016/S0022-2860(98)00375-5,csd_MATHIY,6.904952016,6.677642348,0.938815042,0.725325717,6.965302058,4.1137,2.9524,0.368731668,0.141422,0.227309668,0.435824694,0.213489324,0.22233537,0.550214508,-6.41508755
O=C(c1ccc(N2c3ccccc3Oc3ccccc32)cc1)c1ccc(N2c3ccccc3Oc3ccccc32)cc1,15930.0,Cc1ccccc1,413.0,509.0,23.0,0.44,,,,,103.0,544.60856,10.1002/anie.201402992,csd_HEBQAJ,6.629481817,6.5867923,-0.984573759,-1.211228395,5.60690897,2.9612,2.7638,0.086091427,0.043401911,0.042689516,0.441480203,0.226654635,0.214825567,-0.975800804,-6.582709774
O=C(O)c1ccc2ccc3cccc4ccc1c2c34,1159.0,CCCCCC,381.0,387.0,8.68,0.56,,,,,6.9,246.2644,doi:10.1016/j.tet.2012.05.072,csd_LAQFUH,7.528814886,7.413156068,-0.789729496,-0.97621956,6.74570606,3.6699,1.928,0.232094956,0.116436138,0.115658818,0.372947394,0.186490065,0.186457329,-0.781783522,-7.527489582
c1ccc(-c2oc(-c3ccccc3)c3ccccc23)cc1,1907.0,CCO,411.0,451.0,4.72,0.74,4.39,,,,,270.33016,doi:10.1016/j.jlumin.2011.05.048,csd_DIWMOM02,6.564312663,6.479127838,-0.576548993,-0.771591465,5.575887974,2.9765,1.6029,0.16632141,0.081136585,0.085184825,0.346185907,0.195042471,0.151143436,-0.781511408,-6.357399382
c1ccc(Nc2ccc3ccccc3n2)cc1,1030.0,Cc1ccccc1,348.0,404.04,,0.1666,4.056180423,,,,69.5,220.27428,https://doi.org/10.1016/j.jlumin.2018.12.059,csd_NILRIM,7.279333914,7.204491026,0.11858456,-0.086301908,7.498373384,3.976,2.8704,0.157551258,0.08270837,0.074842888,0.410564896,0.204886468,0.205678428,0.16054726,-7.337826124
c1ccc(-c2ccccc2)cc1,4482.0,C1CCCCC1,254.1296061,332.7787022,22.2,0.25,4.269512944,,,,,154.2114,https://doi.org/10.1016/S1386-1425(02)00207-X,csd_BIFUOR,8.132867748,7.927008309,0.627203912,0.300550893,7.842869708,4.9208,3.3728,0.382348034,0.176488596,0.205859438,0.561405278,0.32665302,0.234752258,0.191296142,-7.651573566
c1cc2c3c(c1)-c1cccc4cccc(c14)B3c1cccc3cccc-2c13,20215.0,Cc1ccccc1,466.0,491.0,6.31,0.9,4.36361198,,,,,338.2161,DOI: 10.1021/acs.orglett.5b03167,csd_FUXLUH,7.051429132,6.981707539,-1.32939662,-1.375094357,5.45316456,2.817,1.9673,0.141158865,0.071437272,0.069721593,0.090059122,0.045697737,0.044361385,-1.42723793,-6.88040249
c1ccc2c(c1)ncc1ccc3cnc4ccccc4c3c12,19383.0,CC#N,397.0,408.0,6.3,0.14,3.477121255,,,,,280.32928,DOI: 10.1021/acs.joc.6b00835,csd_BOLMIZ,7.982712195,7.835607502,-0.764366947,-0.950862318,7.216191166,3.6127,2.5282,0.299573486,0.152468794,0.147104692,0.370464326,0.186495371,0.183968956,-0.768994164,-7.98518533
c1ccc(N(c2ccccc2)c2ccc(-c3ccc(-c4cc(-c5ccccn5)nc(-c5ccccn5)c4)cc3)cc2)cc1,1191.0,ClCCl,284.0,489.0,2.68,0.6,4.6,,,,,552.67932,DOI: 10.1039/c6cp04252j,csd_BITSUU,6.508738304,6.436814492,-0.530037799,-0.809339146,5.808001216,3.5518,2.7604,0.15371611,0.081792298,0.071923812,0.521318722,0.279301347,0.242017375,-0.596201774,-6.40420299
O=C1c2ccccc2C(=O)c2cc(-c3ccc(N(c4ccccc4)c4ccccc4)cc3)ccc21,362.0,CCCCCC,442.0,529.0,5.51,0.3918,,,,,89.1,451.52374,http://dx.doi.org/10.1016/j.dyepig.2017.05.024,csd_HAVFAO,6.6794912,6.622789445,-1.483607161,-1.664769778,4.819683168,2.7328,2.2998,0.113422285,0.056720531,0.056701755,0.360672685,0.181162617,0.179510068,-1.74833245,-6.568015618
c1ccc(N(c2ccccc2)c2c3ccccc3cc3ccccc23)cc1,2738.0,Cc1ccccc1,428.0,489.0,21.0,0.92,,,,,61.2,345.44386,DOI: 10.1021/acs.jpca.5b03238,csd_FEKVOI,6.608736934,6.480734236,-0.724071408,-0.846906933,5.816164636,2.7921,1.6969,0.278611266,0.150608568,0.128002698,0.242937121,0.122835525,0.120101596,-0.795117108,-6.611281744
Clc1ccc(Nc2ccc3ccccc3n2)cc1,1034.0,Cc1ccccc1,347.0,400.68,,0.1622,4.110926242,,,,65.9,254.71934,https://doi.org/10.1016/j.jlumin.2018.12.059,csd_OBUDEW,7.325685486,7.222389651,-0.01177791,-0.213168121,7.393881608,3.9626,2.8644,0.22642361,0.123127775,0.103295835,0.40505475,0.201390211,0.20366454,0.02585083,-7.368030778
c1csc(-c2cccs2)c1,2767.0,ClCCl,304.0,359.0,0.046,0.01,4.053078443,,,,,166.26764,http://dx.doi.org/10.1021/jo500029f,csd_HEBWOD,7.65479213,7.387896733,0.40630457,0.151781107,6.98652695,4.228,2.657,0.448806872,0.181911474,0.266895398,0.420565521,0.254523463,0.166042058,-0.10340332,-7.08993027
Nc1ccc2c(c1)C(=O)c1ccccc1-2,12168.0,C1CCCCC1,455.0,569.0,4.0,0.0086,2.698970004,,,,,195.22046,DOI: 10.1021/jp980158u,csd_HAMDEG,7.255769821,7.059301662,-0.562608756,-0.769771322,5.729904498,2.6168,2.0605,0.327563976,0.131095818,0.196468158,0.408766195,0.207162565,0.20160363,-1.031039946,-6.760944444
C(#Cc1cc2ccc3cccc4ccc(c1)c2c34)c1ccccc1,8379.0,Cc1ccccc1,390.0,399.0,71.0,0.44,3.079181246,,,,,302.37516,http://dx.doi.org/10.1021/ja2006862,csd_CARLAK,7.204121577,7.122039559,-0.541270257,-0.647243068,6.22324718,3.4078,2.109,0.16440668,0.082324662,0.082082018,0.210972733,0.105972811,0.104999922,-0.753211552,-6.976458732
c1ccc(-n2c(-c3cccc(-c4c5ccccc5c(-c5cccc(-n6c7ccccc7c7ccccc76)c5)c5ccccc45)c3)nc3c4ccccc4c4ccccc4c32)cc1,6717.0,CCCCCC,396.0,409.1812865,5.38,0.77,,,,,53.3,787.96378,DOI: 10.1021/acsami.9b10823,csd_ROMQAO,6.852695026,6.632306088,-0.773192611,-0.940883952,5.896982494,3.1518,1.7483,0.352871177,0.132482238,0.220388938,0.341847838,0.167691341,0.174156497,-0.831580384,-6.728562878
c1ccc(-c2nc(-c3ccccc3)c(N(c3ccccc3)c3ccccc3)s2)cc1,19817.0,ClC(Cl)Cl,367.0,463.0,,0.43,4.021189299,,,,,404.5358,DOI: 10.1021/ol200231z,csd_AXOXAN,6.70232619,6.485797733,-0.404106705,-0.584919111,6.079570988,3.2326,2.4517,0.418724125,0.202195668,0.216528457,0.37006089,0.180812406,0.189248484,-0.546132798,-6.625703786
N#Cc1c(-n2c3ccccc3c3ccccc32)c(C#N)c(-n2c3ccccc3c3ccccc32)c(-n2c3ccccc3c3ccccc32)c1-n1c2ccccc2c2ccccc21,1974.0,Cc1ccccc1,375.0,507.0,17.8,0.938,,,,,,788.91208,doi:10.1038/nature11687,csd_DOHCEL,7.133462251,7.07847672,-1.68092818,-1.876174873,5.57561586,2.7168,2.5553,0.114609791,0.059624259,0.054985532,0.399524578,0.195246693,0.204277885,-1.594043812,-7.169659672
Brc1cnc(-c2ccncc2)s1,18482.0,CO,306.0,396.0,,0.02,3.691081492,,,,,241.1117,DOI: 10.1021/jo401384g,csd_ZUVSOA,8.779243915,8.55021835,-0.518449552,-0.751184847,8.380839086,4.4336,2.807,0.457423906,0.228398342,0.229025564,0.464249069,0.232735295,0.231513775,-0.430756462,-8.811595548
c1ccc2c(c1)[nH]c1ccccc12,4733.0,CCCCCC,331.0,332.0,14.2,0.53,,,,,,167.21046,doi:10.1016/j.saa.2011.09.018,csd_XEZSAY,7.474352956,7.420103302,0.659432605,0.530840862,7.209388316,4.0504,3.2353,0.107902698,0.053653044,0.054249654,0.256221508,0.128591743,0.127629765,0.223949822,-6.985438494
Nc1ccc(-c2ccc(N)cc2)cc1,4374.0,CCCCCC,279.0,373.0,,,,,,41.3,42.0,184.24128,http://dx.doi.org/10.1016/j.jphotochem.2015.12.006,csd_DADMBP02,6.967643545,6.465550738,1.904405203,1.598507543,9.046702044,4.7445,2.8951,0.849436886,0.347344079,0.502092807,0.527063348,0.305897661,0.221165688,1.876770258,-7.169931786
Nc1ccccc1,4469.0,C1CCCCC1,283.1257078,323.4152652,3.4,0.1,,,,,,93.12858,https://doi.org/10.1016/S1386-1425(02)00207-X,csd_FOFBAD,7.798215991,7.504572304,1.959699857,1.683926767,9.85460851,4.959,3.3739,0.455336275,0.161692588,0.293643687,0.541778457,0.27577309,0.266005367,2.050651104,-7.803957406
O=c1[nH]c2ccccc2[nH]1,10452.0,CCCCCCC,291.9963792,297.000297,,,,,,33.1,38.2,134.13764,https://doi.org/10.1016/j.molliq.2005.02.004,csd_NIPGUQ,8.070524199,7.871363173,1.434037243,1.190664794,9.588481018,5.0028,3.4677,0.411292719,0.212131693,0.199161026,0.491361311,0.243372449,0.247988863,1.517307664,-8.071173354
N#Cc1c(-n2c3ccccc3c3ccccc32)cccc1-n1c2ccccc2c2ccccc21,15444.0,Cc1ccccc1,355.0,403.0,2.6,0.13,,,,,,433.51286,https://doi.org/10.1002/adfm.201706023,csd_WABGIS,7.234720225,7.200070588,-0.656068215,-0.859377101,6.205831884,3.2137,3.0466,0.067537606,0.03288797,0.034649636,0.407590309,0.203308887,0.204281422,-0.894710832,-7.100542716
Nc1cccc2ncccc12,14060.0,CC#N,340.0,480.0,,,,,,77.9,83.2,144.17652,https://doi.org/10.1016/j.molliq.2011.09.014,csd_ZEDDIY,7.43603525,7.160571663,0.362706302,0.184106536,6.594138562,3.5376,2.4919,0.41804931,0.142585722,0.275463587,0.347495673,0.178599765,0.168895908,-0.202180702,-6.796319264
O=c1oc2ccccc2cc1C#Cc1ccccc1,19500.0,CC#N,342.0,406.0,,0.88,4.372912003,,,,,246.2644,DOI: 10.1021/jo0493424,csd_LOYCEJ,7.572414896,7.442102903,-1.02551927,-1.179150181,5.975079212,3.4259,2.0639,0.26270759,0.132395597,0.130311993,0.304760959,0.153630911,0.151130048,-1.299616464,-7.274695676
Nc1cccc2ccccc12,4481.0,C1CCCCC1,311.7206983,387.897595,7.5,0.6,,,,,,143.18846,https://doi.org/10.1016/S1386-1425(02)00207-X,csd_BAGYOZ,7.123305161,6.871484525,0.717470575,0.542784081,6.738358982,3.783,2.5171,0.385031541,0.133210905,0.251820636,0.335166025,0.174686494,0.160479531,0.205718184,-6.532640798
c1ccc(-c2nc(-c3ccccc3)c(N(c3ccccc3)c3ccccc3)[se]2)cc1,9992.0,ClC(Cl)Cl,384.0,480.0,,0.068,,,,,79.1,451.4298,http://dx.doi.org/10.1021/jo500499g,csd_ZOGFIM,7.220221174,6.844801271,-0.361978288,-0.679712472,8.51172592,4.239,1.9375,0.805752412,0.430332508,0.375419903,0.629496827,0.317734184,0.311762642,0.423681498,-8.088044422
c1ccc(-c2nc(-c3ccccc3)c(-c3ccccc3)o2)cc1,11803.0,Cc1ccccc1,311.0,381.0,1.27,0.36,,,,,,297.3561,https://doi.org/10.1016/1010-6030(88)80035-2,csd_GERQEC,7.184206995,7.034278658,-0.27898145,-0.47621746,6.514137046,3.8225,2.5891,0.295703073,0.145774735,0.149928338,0.369072735,0.19723601,0.171836726,-0.46939665,-6.983533696
Oc1ccccc1,4468.0,C1CCCCC1,265.9574468,294.9852507,2.5,0.09,,,,,,94.11264,https://doi.org/10.1016/S1386-1425(02)00207-X,csd_YAMSAI,8.535792825,8.321378476,1.736558703,1.499444632,10.41353067,5.241,3.4193,0.432134529,0.21772018,0.214414349,0.47934092,0.237114071,0.242226849,1.845205034,-8.568325632
c1ccc2nc3c(nc2c1)c1c2n3CCCN2CCCC1,19904.0,CCCCCC,408.0,470.0,,0.4,4.093421685,,,,,278.35792,DOI: 10.1021/ol061827m,csd_XESMIS,6.546730045,6.35433829,0.043986112,-0.139551706,5.790041692,3.116,2.1964,0.368705,0.176313246,0.192391755,0.358908706,0.183537818,0.175370888,-0.37823846,-6.168280152
c1ccc(N(c2ccccc2)c2c3ccccc3c(N(c3ccccc3)c3ccccc3)c3ccccc23)cc1,2741.0,Cc1ccccc1,461.0,510.0,13.0,0.99,,,,,,512.65432,DOI: 10.1021/acs.jpca.5b03238,csd_PESXIX,6.358498995,6.129403497,-1.029676927,-1.158951213,5.288807704,2.4591,1.582,0.480641217,0.251545719,0.229095498,0.256011926,0.129274286,0.12673764,-1.073217616,-6.36202532
c1cc2ccc3[nH]c4ccc5cccc6c(c1)c2c3c4c56,8601.0,ClC(Cl)Cl,425.0,436.0,,,,,,37.9,40.7,265.31434,DOI: 10.1021/jo8012622,csd_WOJCEE,6.644578838,6.577819096,-0.453412347,-0.547255949,5.649902982,3.1125,1.8872,0.132724474,0.065964733,0.066759741,0.186877773,0.093843601,0.093034171,-0.71974153,-6.369644512
c1ccc2c(c1)cc(-c1cc(-c3nccs3)nc(-c3nccs3)c1)c1ccccc12,1353.0,CCCCCC,324.0,361.0,5.0,0.1417,,,,,,421.5471,https://doi.org/10.1016/j.dyepig.2019.05.015,csd_VEJPAE,7.514263209,7.419733526,-0.664867565,-0.876962196,6.588696282,3.8363,2.6675,0.200896596,0.106366914,0.094529682,0.419809588,0.212094631,0.207714957,-0.777701812,-7.366398094
c1ccc2c(c1)ccc1ccccc12,17979.0,Cc1ccccc1,295.0,350.0,,0.15,,,,,42.0,178.2334,DOI: 10.1021/acs.joc.9b02379,csd_BIQJUJ,7.903949886,7.765648299,0.325536101,0.138862414,8.225189878,4.2049,2.6788,0.275385899,0.137084312,0.138301587,0.37077108,0.186673687,0.184097393,0.332795422,-7.892394456
c1ccc(-c2ccc(-c3ccccc3)s2)cc1,19432.0,C1CCOC1,341.0,389.0,,0.07,5.357934847,,,,,236.33728,DOI: 10.1021/jo902482n,csd_TECGAM,7.810404059,7.434309041,0.130388865,-0.355581704,9.213507926,4.6747,1.9459,0.661970639,0.285875621,0.376095018,0.804003807,0.48597057,0.318033238,0.693074358,-8.520433568
c1cc2ccc3sc4ccc5cccc6c(c1)c2c3c4c56,8599.0,ClC(Cl)Cl,412.0,418.0,,,,,,36.0,40.4,282.3654,DOI: 10.1021/jo8012622,csd_ROKQOX,7.147133259,7.039003591,-0.660533333,-0.793953276,6.7620329,3.5413,1.8139,0.214794274,0.106664606,0.108129668,0.263520096,0.133419943,0.130100152,-0.526812704,-7.288845604
c1cc2ccc3[se]c4ccc5cccc6c(c1)c2c3c4c56,8600.0,ClC(Cl)Cl,416.5,424.0,,,,,,42.6,40.6,329.2594,DOI: 10.1021/jo8012622,csd_WOJCOO,7.95656193,7.890560408,-0.665067569,-0.817614133,7.171836584,3.6778,1.5702,0.132740747,0.066739224,0.066001523,0.304487403,0.152546564,0.151940838,-0.365721216,-7.5375578
c1cc2c3c(c1)-c1cccc4ccn(c14)B3n1ccc3cccc-2c31,20116.0,C1CCOC1,385.0,387.0,,0.65,4.804820679,,,,,316.17022,DOI: 10.1021/acs.orglett.8b02850,csd_LIJKAT,7.538355312,7.425767273,-0.334249708,-0.499639454,7.846679304,4.0954,2.4199,0.236458304,0.123870266,0.112588038,0.334388432,0.165389746,0.168998685,0.028027742,-7.818651562
c1ccc2cc3ccccc3cc2c1,195.0,CO,355.0,400.0,5.1,0.29,,,,,,178.2334,10.1021/ac062160k,csd_SERSOZ01,7.200394268,7.136021048,-0.399408657,-0.492899599,6.028957784,3.2907,1.829,0.128219491,0.063846271,0.06437322,0.185011588,0.093490942,0.091520646,-0.776069128,-6.805026912
O=c1c2cccc3cccc(c32)c2nc3c(F)c(F)c(F)c(F)c3n12,20163.0,ClCCl,382.0,466.0,9.0,0.82,,,,,,342.25064,DOI: 10.1021/ol201973w,csd_EZOPOZ,8.112437265,7.87559441,-1.470311127,-1.628158744,6.725569624,3.6112,2.1097,0.496992275,0.26014942,0.236842855,0.315670472,0.157847617,0.157822855,-1.403019784,-8.128589408
c1ccc2c(c1)ccc1ccc3c(c12)-c1c(ccc2ccc4ccccc4c12)C3,2226.0,ClCCl,400.0,417.0,,0.39,,,,,48.2,366.46192,DOI: 10.1021/acs.orglett.6b01708,csd_ISILON,6.884775634,6.79341227,-0.507463766,-0.628121835,6.121748658,3.322,2.2951,0.190782391,0.099419027,0.091363364,0.242916984,0.120658069,0.122258915,-0.615793982,-6.73754264
c1cc2sc3ccsc3c2s1,2775.0,ClCCl,291.0,335.0,,0.01,4.389166084,,,,,196.31776,http://dx.doi.org/10.1021/jo500029f,csd_RUMNAQ,8.405565269,7.800847687,0.50971823,0.286390461,9.222215574,4.8623,2.6756,0.839909794,0.235192212,0.604717582,0.450333432,0.223327769,0.227005662,0.787225802,-8.434989772
Oc1ccc2ccccc2c1,1965.0,O,328.0,351.0,7.246376812,0.51,,,,,,144.17252,DOI: 10.1021/acs.jpcb.9b01295,csd_FORDIA,7.973384344,7.742963788,0.585230382,0.357659893,9.415960742,4.6472,2.0028,0.4623883,0.231967743,0.230420557,0.453469056,0.227570489,0.225898566,0.99865838,-8.417302362
c1cc2sccc2s1,2773.0,ClCCl,270.0,293.0,,0.01,4.103803721,,,,,140.22976,http://dx.doi.org/10.1021/jo500029f,csd_BUPTOP,8.378978915,8.132363085,0.999112266,0.777356771,9.562630188,5.2557,2.9923,0.492031909,0.245416079,0.24661583,0.447080581,0.221755495,0.225325086,1.100156902,-8.462473286
Nc1ccc2ccc3cccc4ccc1c2c34,531.0,CCCCOCCCC,361.0,417.0,5.6,0.61,,,,,,217.27034,doi:10.1016/j.dyepig.2007.11.003,csd_HAPRIC,6.717179043,6.496220407,0.020025794,-0.169120076,6.751692568,3.5941,1.9034,0.362683417,0.141724781,0.220958636,0.357642777,0.18914587,0.168496907,0.037279618,-6.71441295
Oc1cccc2ccccc12,4479.0,C1CCCCC1,303.4901366,344.2340792,15.0,0.32,,,,,,144.17252,https://doi.org/10.1016/S1386-1425(02)00207-X,csd_LEBCAZ,7.518894426,7.396738451,0.67667783,0.536688347,7.062446756,4.1373,2.6835,0.246491882,0.124335907,0.122155975,0.280064464,0.139989483,0.140074981,0.139594482,-6.922852274
c1ccc2c(c1)[nH]c1ncccc12,4735.0,CCCCCC,336.0,338.0,9.1,0.31,,,,,,168.19852,doi:10.1016/j.saa.2011.09.018,csd_DAFJID,7.998903359,7.877428349,0.436268213,0.273448501,8.448051244,4.3586,3.1304,0.300236166,0.178761156,0.121475009,0.326398947,0.162819711,0.163579236,0.452525582,-7.995525662
C(=C(c1ccccc1)c1ccccc1)c1ccc(C=C(c2ccccc2)c2ccccc2)cc1,8261.0,C1CCOC1,352.0,461.0,,0.017,4.46686762,,,,,434.58044,10.1021/jp073767n,csd_KILNUR,6.742673622,6.535108056,-0.696790347,-0.985887526,5.943513988,3.3378,2.1602,0.415352905,0.207787339,0.207565566,0.539498931,0.289097179,0.250401752,-0.741238536,-6.684752524
O=C1c2cc(-c3ccc(N(c4ccccc4)c4ccccc4)cc3)ccc2-c2ccc(-c3ccc(N(c4ccccc4)c4ccccc4)cc3)cc21,15240.0,O=C1c2cc(-c3ccc(N(c4ccccc4)c4ccccc4)cc3)ccc2-c2ccc(-c3ccc(N(c4ccccc4)c4ccccc4)cc3)cc21,475.0,626.0,5.8,0.11,,,,,,666.82196,https://doi.org/10.1016/j.cclet.2019.07.059,csd_WODYIY,7.141871935,6.946443197,-0.965110806,-1.240030301,6.881218832,3.4205,2.242,0.552217539,0.356788802,0.195428737,0.550176684,0.274919495,0.275257189,-0.475383158,-7.35660199
Cc1cc2ccccc2cc1C,4477.0,C1CCCCC1,304.136253,339.2130258,133.0,0.56,,,,,,156.22728,https://doi.org/10.1016/S1386-1425(02)00207-X,csd_YACROM,7.653074737,7.56899279,0.548161626,0.421003488,7.25319867,4.2875,2.7577,0.168035266,0.083953319,0.084081947,0.251340844,0.127158137,0.124182707,0.087620708,-7.165577962
c1ccc2c(c1)Cc1cc3c(cc1-2)Cc1ccccc1-3,19946.0,C1CCCCC1,333.0,340.0,,0.73,4.83,,,,,254.33116,DOI: 10.1021/ol025972l,csd_CEKKUB,7.182666476,7.059394889,0.036346131,-0.099743359,6.727202308,4.0632,2.7918,0.246148256,0.122876669,0.123271588,0.271892499,0.13608949,0.135803009,-0.19864322,-6.925845528
Oc1ccccc1-c1nc2ccccc2s1,15115.0,O,328.0,463.0,,0.1008,3.63748973,,,,,227.28646,https://doi.org/10.1016/j.tetlet.2019.03.029,csd_WIHKUT01,7.646763407,7.486634386,-0.127079143,-0.303047375,6.815911472,4.0162,2.8202,0.324858401,0.16472938,0.160129021,0.35253947,0.175968232,0.176571237,-0.459600546,-7.275512018
N#Cc1cc2ccccc2oc1=N,14667.0,CS(C)=O,347.0,406.0,,0.00124,4.350344948,,,,,170.17064,https://doi.org/10.1016/j.molliq.2014.02.029,csd_RAZZEZ,8.431614851,8.335353571,-0.947358224,-1.132606932,6.42869325,3.4687,2.2646,0.195801642,0.099540362,0.09626128,0.366237552,0.185248708,0.180988845,-1.455537786,-7.884231036
N#Cc1cc2ccccc2oc1=O,14672.0,CS(C)=O,334.0,405.0,,0.0022,4.238221794,,,,,171.1547,https://doi.org/10.1016/j.molliq.2014.02.029,csd_WEJLOP,9.226946929,9.085130364,-1.202577401,-1.424090142,8.132943232,4.152,2.4723,0.283626599,0.141810034,0.141816565,0.436808631,0.221512742,0.215295889,-1.124919276,-9.257862508
O=c1[nH]c(=O)c2nc3ccccc3nc2[nH]1,3641.0,CC#N,372.0,432.0,0.35,0.009,,,,,,214.18364,10.1023/B%3AJOFL.0000014660.59105.31,csd_MEJFOX01,8.69497127,8.518173988,-1.198571039,-1.385527589,6.508150538,3.0535,2.5702,0.364809035,0.188011753,0.176797282,0.375081366,0.18695655,0.188124817,-1.675950126,-8.184100664
c1ccc(-n2c(-c3cccc4ccccc34)nc3c4ccccc4c4ccccc4c32)cc1,6786.0,CCCCCC,356.0,384.0,,0.79,,,,,61.7,420.5138,DOI: 10.1021/acsami.6b10004,csd_GAXRUV,6.85615931,6.707621801,-0.247498023,-0.492273818,6.378624274,3.711,2.5852,0.289799505,0.141261997,0.148537509,0.492712466,0.244775795,0.247936671,-0.377694232,-6.756318506
Oc1ccccc1-c1nc(-c2ccccc2)c(-c2ccccc2)[nH]1,4678.0,CO,316.0,432.0,,0.25,,,,,,312.37104,doi:10.1016/j.snb.2006.10.066,csd_HORRAI,6.951482014,6.812673016,-0.029174322,-0.308542962,6.512776476,3.7885,2.7924,0.280611304,0.141802306,0.138808998,0.528294827,0.279368641,0.248926186,-0.216058516,-6.728834992
N#CC(C#N)=Cc1ccc2c(c1)[nH]c1c3ccccc3sc21,8153.0,ClCCl,445.0,544.0,,,,,,,87.7,299.35646,DOI: 10.1021/jo901381f,csd_ZULDIV,7.472971542,7.360986835,-1.495870795,-1.623231304,5.475205794,3.06,2.0347,0.228005137,0.11602043,0.111984707,0.251524766,0.127360509,0.124164258,-1.76601986,-7.241225654
Nc1ncc2nc[nH]c2n1,192.0,O,290.0,380.0,11.34,,,,,,,135.1297,http://www.iss.com/resources/reference/data_tables/FL_LifetimeStandards.html,csd_JAZZOZ10,8.076052603,7.863547841,1.01673094,0.657045376,9.139492918,4.5973,3.2262,0.45130847,0.238803709,0.212504762,0.693327043,0.359685564,0.333641479,1.085462746,-8.054030172
C(#Cc1ccccc1)C(C#Cc1ccccc1)=c1c2ccccc2c(=C(C#Cc2ccccc2)C#Cc2ccccc2)c2ccccc12,12410.0,ClC(Cl)Cl,540.0,,,,4.69019608,,,87.8,,604.75032,DOI: 10.1021/ja0349148,csd_ICOBUY,6.400955309,6.271992049,-1.649130298,-1.830446115,4.941862354,2.5393,1.4572,0.256827452,0.127864192,0.12896326,0.351202301,0.181315817,0.169886485,-1.544519064,-6.486381418
O=C(c1ccncc1)c1cc(-n2c3ccccc3c3ccccc32)ccc1-n1c2ccccc2c2ccccc21,6548.0,Cc1ccccc1,400.0,490.0,,,,,,,79.5,513.59862,DOI: 10.1021/jacs.5b10950,csd_KAJVEZ,7.135302286,7.043465988,-1.054061879,-1.327977001,5.732625638,2.8821,2.678,0.19428096,0.102444662,0.091836298,0.52020496,0.273915123,0.246289837,-1.293357842,-7.02598348
Oc1ccccc1-c1nc2c3ccccc3c3ccccc3c2n1-c1ccccc1,3355.0,Cc1ccccc1,335.0,369.0,,0.001,,,,,,386.45292,DOI:10.1039/c2jm33891b,csd_GIMHOB,7.000473065,6.852491485,0.002580457,-0.230024767,7.260545748,3.8867,2.7596,0.301548027,0.153566447,0.14798158,0.517242182,0.232605224,0.284636958,0.132791632,-7.127754116
O=C(O)c1ccc(-c2nc(-c3ccccc3)c(-c3ccccc3)[nH]2)cc1,4663.0,CO,312.0,414.5,,0.48,,,,,,340.38104,doi:10.1016/j.snb.2006.10.066,csd_LOSJAG,7.067222357,6.927178342,-0.464653159,-0.703575781,6.166919582,3.6701,2.6395,0.274932285,0.13488827,0.140044014,0.470410819,0.238922623,0.231488196,-0.729537634,-6.896457216
N#CC(C#N)=Cc1ccc2c(c1)[nH]c1c3ccccc3ccc21,8154.0,ClCCl,436.0,533.0,,,,,,,97.8,293.32834,DOI: 10.1021/jo901381f,csd_ZULDUH,7.520635547,7.420417431,-1.501467119,-1.633362108,5.535615102,3.0837,2.1219,0.205752851,0.105534735,0.100218117,0.260210237,0.131894989,0.128315248,-1.771734254,-7.307349356
Oc1ccc(-c2nc(-c3ccccc3)c(-c3ccccc3)[nH]2)cc1,4680.0,CO,295.0,400.0,,0.18,,,,,,312.37104,doi:10.1016/j.snb.2006.10.066,csd_ZUPSIO,6.859232375,6.683237012,0.314718644,-0.004775791,7.199864326,4.0794,2.8321,0.350277957,0.174282595,0.175995362,0.602315767,0.319494435,0.282821332,0.3265368,-6.873327526
Nc1ccc2cn[nH]c2c1,4653.0,C1CCCCC1,296.0,,4.0,0.34,,,,,,133.15358,https://doi.org/10.1016/S1010-6030(97)00192-5,csd_ZANZIZ,7.606971496,7.300089082,1.318906353,1.013738285,8.973503378,4.7666,3.0105,0.513278733,0.206396319,0.306882414,0.592439009,0.305168069,0.28727094,1.37281513,-7.600688248
N#Cc1c(-n2c3ccccc3c3ccccc32)c(-n2c3ccccc3c3ccccc32)c(C#N)c(-n2c3ccccc3c3ccccc32)c1-n1c2ccccc2c2ccccc21,1975.0,Cc1ccccc1,,535.0,8.8,0.716,,,,,,788.91208,doi:10.1038/nature11687,csd_DOHCIP,7.103468486,7.04706143,-1.84966852,-2.060855651,5.32254984,2.4864,2.3076,0.119558728,0.063151673,0.056407055,0.421228118,0.211187131,0.210040987,-1.815272494,-7.137822334
O=c1ccc2cc3c(cc2o1)OCC3,4944.0,O,336.0,410.0,,0.83,,,,,,188.18152,https://doi.org/10.1016/0047-2670(87)85034-7,csd_JECPUC02,7.817234828,7.680352207,-0.070251835,-0.303196167,6.66543243,3.9088,2.6231,0.262450824,0.125568203,0.136882621,0.459762454,0.232944333,0.226818121,-0.611168044,-7.276600474
c1ccc(N(c2ccccc2)c2ccc(-c3ccc(-c4ccc(N(c5ccccc5)c5ccccc5)cc4)c4nsnc34)cc2)cc1,9925.0,ClCCl,459.0,639.0,,0.8,,,,,,622.7942,DOI: 10.1021/acs.joc.7b02127,csd_BIJFEG02,6.961462529,6.522648772,-1.043903863,-1.408472676,6.627608584,3.4796,1.8456,0.922020465,0.483206708,0.438813758,0.725931035,0.364568813,0.361362222,-0.599739256,-7.22734784
N#Cc1cccc2ccccc12,5857.0,CCCCCCC,,341.015625,17.66,,,,,,44.6,153.18358,https://doi.org/10.1016/j.jlumin.2014.02.002,csd_BIXSAE,8.401011414,8.324576823,-0.464212824,-0.585659724,6.902443724,4.0595,2.5432,0.152505638,0.076071047,0.076434591,0.241442643,0.1214469,0.119995743,-0.966548928,-7.868992652
c1ccc2c(c1)c1ccccc1c1ccccc21,14440.0,ClCCl,286.0,355.0,,0.02,,,,,,228.29328,https://doi.org/10.1016/j.tet.2019.03.044,csd_MAPZAF,7.737840915,7.645030884,0.193918314,0.065169398,7.352792394,3.9765,2.9229,0.185178829,0.092368798,0.092810031,0.254860204,0.128748916,0.126111288,-0.083266884,-7.436059278
c1ccc(-c2nc3c4ccccc4c4ccccc4c3n2-c2ccccc2)cc1,17102.0,C1CCOC1,362.0,387.0,,0.588,,,,,,370.45392,DOI: 10.1021/acs.chemmater.5b00568,csd_SAJZAH,6.862574941,6.736520852,-0.047478451,-0.290503192,6.565566592,3.7431,2.7901,0.245597035,0.119542946,0.126054089,0.481599058,0.243024741,0.238574317,-0.160003032,-6.725569624
N#Cc1c2oc3ccccc3oc2c(C#N)c2oc3ccccc3oc12,19685.0,ClC(Cl)Cl,430.0,475.0,,0.78,,,,,,340.29352,DOI: 10.1021/acs.joc.9b02523,csd_NIGSEE,7.814744005,7.632644228,-1.028528878,-1.323087929,7.57429319,3.5347,2.5146,0.384188777,0.202089,0.182099777,0.584741693,0.294559051,0.290182642,-0.597562344,-8.171855534
c1ccc(-n2c3ccccc3c3ccccc32)cc1,15046.0,CCO,,344.0,6.3,0.46,,,,,,243.30822,https://doi.org/10.1016/S0022-2313(97)00315-3,csd_UFIKUS,7.166217974,7.119586424,0.539873958,0.356508252,7.082855306,3.961,3.2231,0.091538388,0.044906837,0.04663155,0.358792949,0.183365706,0.175427243,0.211160464,-6.871694842
Oc1ccc2ncccc2c1,7256.0,Cc1ccccc1,332.0,353.0,,0.008,,,,,,145.16058,10.1021/jp901867h,csd_CEBRIL,8.2501448,8.052508973,0.271861478,0.061718231,8.584924586,4.384,2.7327,0.395754738,0.198118911,0.197635827,0.414940353,0.210143247,0.204797105,0.311298416,-8.27362617
c1ccc(N(c2ccccc2)c2ccc(-c3nc4c5ccccc5c5ccccc5c4n3-c3ccccc3)cc2)cc1,17097.0,ClCCl,400.0,468.0,,0.65,,,,,,537.66438,DOI: 10.1021/cm201789u,csd_GEFYIB01,6.335361685,6.166951419,-0.163465683,-0.457325129,6.1089593,3.454,2.639,0.327837233,0.159426967,0.168410266,0.571216267,0.293859446,0.27735682,-0.175241416,-6.284200716
Nc1ccc2[nH]ncc2c1,4649.0,C1CCCCC1,326.0,,4.9,0.14,,,,,,133.15358,https://doi.org/10.1016/S1010-6030(97)00192-5,csd_NIPFEZ,7.447950714,7.098979475,1.11666097,0.866138699,8.602611996,4.3275,2.8747,0.563100847,0.214129609,0.348971239,0.495691053,0.250522271,0.245168782,1.157572956,-7.44503904
N#Cc1ccc(-c2nc(-c3ccccc3)c(-c3ccccc3)[nH]2)cc1,4665.0,CO,339.0,435.0,,0.52,,,,,,321.3821,doi:10.1016/j.snb.2006.10.066,csd_MONZAR,7.309408987,7.164130588,-0.577075969,-0.784895146,6.651010388,3.8531,2.6647,0.283130807,0.137852408,0.145278399,0.416234282,0.207819176,0.208415106,-0.669944668,-7.320955056
O=c1ccc2cc3ccoc3cc2o1,4954.0,O,303.0,505.0,,0.0028,,,,,,186.16564,https://doi.org/10.1016/0047-2670(87)85034-7,csd_FURCOU,8.300784508,8.060841158,-0.297938952,-0.531053791,7.684771474,4.0822,2.7671,0.511759494,0.271816144,0.23994335,0.465728172,0.233114839,0.232613333,-0.435926628,-8.120698102
O=C1NC(=O)c2ccc(N3CCCCC3)c3cccc1c23,164.0,ClC(Cl)Cl,414.0,517.0,8.862,,,,,,,280.32604,doi:10.1016/j.dyepig.2004.05.011,csd_ZEHLAC,7.456106651,7.157527605,-0.900948202,-1.064390728,5.8912681,3.1038,2.1179,0.509001455,0.210422409,0.298579046,0.321004287,0.163442526,0.157561761,-1.230499508,-7.121767608
N#Cc1cc2sccc2c2c1ccc1ccccc12,9309.0,ClC(Cl)Cl,,382.0,,,,,,,53.0,259.33146,https://doi.org/10.1016/j.molliq.2018.04.083,csd_NIBYUV,7.866941457,7.760169637,-0.689885182,-0.810231952,6.58107709,3.5551,2.5538,0.220682005,0.113910186,0.106771819,0.241453827,0.12034677,0.121107057,-0.980698856,-7.561775946
c1coc(-c2nc3ccccc3[nH]2)c1,11420.0,CCCCCC,,,1.48,0.95,,,,,,184.19752,https://doi.org/10.1016/1010-6030(94)03831-7,csd_ZUNNAZ,7.505296345,7.343468952,0.311903734,0.137445734,6.910607144,4.2475,2.8195,0.324148755,0.162321362,0.161827393,0.351907512,0.174458,0.177449512,-0.121362844,-7.031969988
c1ccc2nc3c(nc2c1)[nH]c1ccccc13,13295.0,CCCCCCC,,,0.8,0.02,,,,,,219.24646,https://doi.org/10.1016/0022-2860(86)85086-4,csd_HERJIY,7.921233642,7.85087903,-0.585450169,-0.730768596,7.37701054,3.6078,2.5565,0.178613153,0.108258541,0.070354612,0.289334081,0.145318427,0.144015654,-0.53334344,-7.91035398
c1ccc(-c2ccc(-c3ccccc3)c3nsnc23)cc1,16636.0,c1ccc(-c2ccc(-c3ccccc3)c3nsnc23)cc1,,500.0,,0.008,,,,,,288.37328,10.1039/C6TC03359H,csd_BIJFAC,8.128153209,7.760068139,-1.032846783,-1.333204311,8.400975522,4.1475,1.3032,0.709762021,0.341676951,0.36808507,0.603600282,0.300357528,0.303242753,-0.413069052,-8.814044574
O=C1c2ccccc2-c2cccc(O)c21,5358.0,C1CCCCC1,,,1.24,0.0129,,,,,,196.20452,doi:10.1016/j.jphotochem.2004.07.011,csd_BESGEL,8.200082926,8.073965162,-0.98046375,-1.178840488,6.27358827,3.1048,2.4338,0.258579893,0.132462129,0.126117764,0.39463575,0.198376739,0.196259012,-1.445197454,-7.718785724
c1ccc(-n2c(-c3c(-n4c5ccccc5c5ccccc54)cccc3-n3c4ccccc4c4ccccc43)nc3ccccc32)cc1,20149.0,C1CCOC1,342.0,418.0,,,,,,,,600.72332,DOI: 10.1021/acs.orglett.5b03631,csd_WAFYOU,6.992330325,6.90980468,-0.276505104,-0.645709107,6.565294478,3.6378,3.2155,0.279453459,0.196927813,0.082525645,0.68535013,0.369204003,0.316146127,-0.304223452,-6.86951793
c1cc2ccc3ccc4ccc5ccc1c1c2c3c4c51,10103.0,C1CCCCC1,,,17.5,0.024,,,,,,250.2994,https://doi.org/10.1016/j.cplett.2006.04.104,csd_NEMFUI,8.250489732,8.013277917,-0.315704241,-0.489557522,8.4491397,4.0571,2.4986,0.428166617,0.190954802,0.237211815,0.344526093,0.173853281,0.170672812,-0.111022512,-8.560162212
O=C(O)c1ccccc1Nc1ccccc1,15030.0,C1CCCCC1,361.0,430.0,,,,,,,,213.23534,https://doi.org/10.1016/j.chemphys.2003.07.003,csd_XAFPAY02,7.140607693,7.016417666,0.181069853,-0.150702312,6.46678921,3.4542,2.7112,0.246930584,0.122740557,0.124190027,0.637712955,0.331772165,0.305940791,-0.277828394,-6.744617604
c1ccc2c(c1)nc1ccccn12,19816.0,CC#N,344.0,414.0,,,,,,,,168.19852,DOI: 10.1021/ol202807d,csd_HUYHUG,7.50168629,7.37391625,0.026206673,-0.117544704,6.55930797,3.5548,2.4667,0.262551315,0.134781275,0.12777004,0.289304992,0.143751377,0.145553615,-0.446539074,-7.005847044
c1ccc2c(c1)Nc1ccccc1S2,8463.0,CC#N,318.0,,,,3.681241237,,,,,199.27646,10.1021/jp044530j,csd_IZIVAQ,6.812372874,6.502728884,0.850705372,0.66039246,6.831694084,3.4779,2.8554,0.440232506,0.130588515,0.30964399,0.375844755,0.190312912,0.185531842,0.45987266,-6.371821424
Clc1ccc(-c2nc3ccccc3n2-c2ccccc2)cc1,19803.0,CC#N,295.0,367.0,,,,,,,,304.77922,DOI: 10.1021/ol202807d,csd_LAPWAC,7.583704797,7.348706058,-0.104275445,-0.387712925,6.960404006,4.2246,3.0087,0.436346772,0.201348033,0.234998739,0.544706104,0.28343748,0.261268624,-0.321910862,-7.282314868
Oc1ccc2ccc3cccc4ccc1c2c34,2787.0,Brc1ccccc1,384.4675125,387.2966692,,,,,,,,218.2544,DOI: 10.1039/b816695a,csd_LIXRUI,6.994055936,6.862435347,-0.07355802,-0.212462421,6.802305772,3.7145,2.0,0.264459406,0.132838817,0.131620589,0.277242097,0.138904401,0.138337696,-0.122179186,-6.924484958
c1ccc2c(c1)[nH]c1c3ccccc3[nH]c21,12569.0,CCCO,,,5.5,0.89,,,,,,206.2474,https://doi.org/10.1016/S0301-0104(97)00018-9,csd_INUYAT,6.856071526,6.659940979,0.722325252,0.566733052,7.504087778,4.0732,2.7624,0.39577101,0.199640463,0.196130547,0.311481549,0.1555922,0.155889349,0.67076101,-6.833326768
O=c1c(-c2ccc(O)cc2)coc2cc(O)cc(O)c12,11739.0,CC#N,360.0,,,,3.4,,,,,270.2394,https://doi.org/10.1016/j.saa.2009.06.027,csd_GENIST01,7.490100302,7.301579696,-0.054090413,-0.400581142,6.635772004,3.6569,2.8543,0.394619097,0.206098491,0.188520606,0.813664507,0.346490729,0.467173778,-0.468580308,-7.104352312
Clc1ccc2c(c1)Nc1ccccc1S2,8468.0,CC#N,323.0,,,,3.84509804,,,,,233.72152,10.1021/jp044530j,csd_PERPAZ,6.929798528,6.615396924,0.625239059,0.431722195,6.787067388,3.4602,2.829,0.454079081,0.139677477,0.314401604,0.387170058,0.193516864,0.193653193,0.264766922,-6.522300466
N#Cc1c2ccccc2cc2ccccc12,197.0,CO,,,16.0,,,,,,,203.24346,10.1021/ac062160k,csd_CNANTH02,7.600581607,7.544143449,-1.12468319,-1.218174812,5.776435992,3.0919,1.6719,0.112392198,0.05595404,0.056438158,0.185361744,0.093491622,0.091870122,-1.465061776,-7.241497768
O=C1c2ccccc2-c2ccc(-c3ccc(N(c4ccccc4)c4ccccc4)cc3)cc21,16615.0,O=C1c2ccccc2-c2ccc(-c3ccc(N(c4ccccc4)c4ccccc4)cc3)cc21,,590.0,,,,,,,,423.51374,10.1039/C6TC03359H,csd_WODYEU,6.571600448,6.501052716,-0.980133947,-1.185696482,5.182955358,2.8898,2.3131,0.148419139,0.077871408,0.070547731,0.407767727,0.205562535,0.202205192,-1.27621466,-6.459170018
c1ccc2[nH]ncc2c1,4661.0,C1CCCCC1,294.0,,,,,,,,,118.13864,https://doi.org/10.1016/S1010-6030(97)00192-5,csd_IFOTIH,8.482795521,8.386555004,0.973456596,0.778536277,9.464397034,5.0036,3.069,0.192601065,0.096360547,0.096240518,0.390631375,0.19492032,0.195711056,0.991583416,-8.472813618
c1ccc(-c2c3ccccc3c(-c3ccccc3)c3c(-c4ccccc4)c4ccccc4c(-c4ccccc4)c23)cc1,204.0,CO,,,9.9,,,,,,,532.68432,10.1021/ac062160k,csd_RAGDOV,6.159273723,6.071967306,-1.274503335,-1.376484043,4.916827866,2.2875,0.9905,0.176606612,0.089300196,0.087306416,0.206643372,0.101980708,0.104662664,-1.259343592,-6.176171458
O=C1N(c2ccc(Cl)cc2)C2=CC=CC=C3c4ccccc4N1C32,,,,,,,,,,,,,,csd_QERDUP,6.8436954,6.632994264,-0.585283744,-0.863409286,5.776435992,2.6252,1.7284,0.431170892,0.220469756,0.210701136,0.541664958,0.278125542,0.263539416,-0.826410218,-6.60284621
O=C1NC(=O)C(=Cc2c[nH]c3ccccc23)N1,,,,,,,,,,,,,,csd_ICOXUT,7.079465228,6.883696376,-0.212048318,-0.447045152,6.022699162,3.4111,1.9629,0.405804996,0.210036143,0.195768853,0.469482883,0.234996834,0.234486049,-0.652529372,-6.675228534
O=C1N(c2ccc(Cl)cc2)C2=CC=CC=C3c4c(O)cc(O)cc4N1C32,,,,,,,,,,,,,,csd_QERDID,6.510002002,6.279279262,-0.249813713,-0.524228709,5.811810812,2.7075,1.7835,0.472118062,0.241395323,0.230722739,0.525954729,0.274414996,0.251539733,-0.4761995,-6.288010312
O=C1NC(=O)C(=Cc2ccc(-c3ccc(C=C4C(=O)NC(=O)NC4=O)[nH]3)[nH]2)C(=O)N1,,,,,,,,,,,,,,csd_ZEVYIL,7.295929548,7.142576438,-1.987811818,-2.170713243,5.043088762,2.6934,1.6201,0.315779861,0.162426751,0.15335311,0.370555321,0.182901425,0.187653896,-2.12384977,-7.166938532
O=C1NC(=Nc2ccccc2)SC1=Cc1ccc(O)c(O)c1,,,,,,,,,,,,,,csd_LELWUX,7.222949661,7.058318787,-0.668728863,-0.960406227,5.94705147,3.3989,2.1309,0.331493084,0.16686221,0.164630875,0.570552036,0.291677364,0.278874672,-0.961650876,-6.908702346
O=C1NC(=O)C(=CNc2ccccc2Oc2ccccc2)C(=O)N1,,,,,,,,,,,,,,csd_FALWEX,7.565293564,7.369176922,-0.604043555,-0.895965278,6.425427882,3.66,2.5919,0.410399614,0.214282972,0.196116642,0.552268152,0.291921722,0.26034643,-0.89389449,-7.319322372
O=C1NC(=O)C(=Cc2c[nH]c3ccc(Br)cc23)C(=O)N1,,,,,,,,,,,,,,csd_XAMXER,7.868175494,7.757022367,-1.08167247,-1.286132671,6.182702194,3.2852,2.2789,0.233116526,0.1219634,0.111153127,0.414267714,0.204460201,0.209807513,-1.389414084,-7.572116278
O=C1NC(=O)C(=C(c2ccccc2)c2ccccc2)C1=C(c1ccccc1)c1ccccc1,,,,,,,,,,,,,,csd_ZEPFAB01,7.034922425,6.726145145,-1.180126036,-1.503315834,5.769633142,2.8629,1.803,0.609693458,0.300916178,0.30877728,0.606155976,0.323189798,0.282966178,-1.207097704,-6.976730846
O=C1NC(=Nc2ccccc2)SC1=Cc1ccn(-c2ccccc2)c1,,,,,,,,,,,,,,csd_RALVAE,7.122358912,6.953195162,-0.465318477,-0.784345747,6.193858868,3.5381,2.2654,0.329871557,0.160707807,0.16916375,0.616277529,0.31902727,0.297250259,-0.701509892,-6.89536876
O=C1NC(=Nc2ccccc2)SC1=Cc1ccc(O)cc1,,,,,,,,,,,,,,csd_ETOWOB,7.344623804,7.175717474,-0.666389499,-0.950175829,6.092904574,3.4786,2.1957,0.337857015,0.168950685,0.16890633,0.553925599,0.28378633,0.270139269,-0.965188358,-7.058092932
O=C1CCCc2cc(=O)n3c(ccc4ccccc43)c21,,,,,,,,,,,,,,csd_QERQUZ,7.381480012,7.270143046,-0.876335763,-1.071189088,5.923377552,3.103,2.0925,0.233869683,0.122532717,0.111336967,0.402406455,0.194853325,0.20755313,-1.147232624,-7.070610176
O=C1NC(=O)C(=Cc2ccc(C(=C(c3ccccc3)c3ccccc3)c3ccccc3)cc2)C(=O)N1,,,,,,,,,,,,,,csd_NOZCUC,7.122221766,6.906726798,-1.572140268,-1.788735665,5.369081334,2.9701,2.0807,0.436567729,0.221072761,0.215494968,0.428294919,0.216595397,0.211699522,-1.732549838,-7.101631172
O=C1NC(=Nc2ccccc2)SC1=Cc1ccccc1,,,,,,,,,,,,,,csd_RAJJAP,7.582128713,7.342486076,-0.831535213,-1.109920352,6.168280152,3.5054,2.2348,0.576106699,0.336464063,0.239642636,0.547457993,0.278385139,0.269072854,-1.139069204,-7.307349356
O=C1N(c2ccccc2)CCC12CCC2,,,,,,,,,,,,,,csd_BEPFEJ,7.959146877,7.705448709,1.625214824,1.067029472,9.244528922,5.0539,3.4822,0.543821462,0.290123294,0.253698168,0.78022918,0.558185353,0.222043827,1.2653301,-7.979198822
O=C1NC(=O)C(=Cc2cnn(-c3ccccc3)c2Cl)C(=O)N1,,,,,,,,,,,,,,csd_TIDJAT,8.588526287,8.152730546,-1.199308985,-1.468492589,6.501347688,3.1188,2.5192,0.675638109,0.239842368,0.435795741,0.559140119,0.269183604,0.289956515,-1.548872888,-8.050220576
O=C1NC(=O)C(=Cc2ccc(N(c3ccccc3)c3ccccc3)cc2)C(=O)N1,,,,,,,,,,,,,,csd_QENXOZ,6.958339477,6.875955059,-1.277581489,-1.606034515,5.379421666,2.9794,2.0388,0.156417114,0.074032695,0.082384418,0.648693381,0.328453027,0.320240354,-1.469687714,-6.84910938
O=C1CCCc2cc(-c3ccnc4ccnn34)ccc2N1,,,,,,,,,,,,,,csd_XARJUX,7.666465875,7.465853747,-0.585626172,-0.88059568,6.445836432,3.4848,2.5472,0.403466639,0.202854511,0.200612128,0.521048295,0.294969508,0.226078788,-0.88709164,-7.332928072
O=C1NC(=O)C(c2cc3ccccc3s2)=C1c1cc2ccccc2s1,,,,,,,,,,,,,,csd_PEQQOU,7.372028677,7.180126809,-1.780890074,-1.984307534,5.217513836,2.5019,1.5302,0.377817228,0.18591536,0.191901868,0.384906069,0.20341746,0.181488609,-1.987520656,-7.205034492
O=C1NC(=O)C(c2cc(O)c(O)c(O)c2)=C1c1ccc(O)c(O)c1,,,,,,,,,,,,,,csd_FOGTEB,7.780306618,7.431657018,-1.102620622,-1.542361472,8.067363758,3.9414,1.6257,0.696309521,0.347659921,0.3486496,0.856325071,0.43974085,0.416584221,-0.370891382,-8.43825514
O=C1Cn2c(nc3c(oc4ccccc43)c2=O)N1c1ccccc1,,,,,,,,,,,,,,csd_DUVDUU,7.790712257,7.593528657,-0.262454497,-0.474014425,6.888021682,4.0748,2.8591,0.425522077,0.228338477,0.1971836,0.442120215,0.211559927,0.230560287,-0.590759494,-7.478781176
O=C1NC(=O)C(c2c[nH]c3ccccc23)=C1c1cc(O)c(O)c(O)c1,,,,,,,,,,,,,,csd_FICXAR,6.86589827,6.645988252,-0.974438601,-1.232451654,5.234384904,2.5417,1.6715,0.453105729,0.233195711,0.219910018,0.500599962,0.258013053,0.24258691,-1.315943304,-6.550328208
O=C1CCCc2c1nc1ccc(Cl)cc1c2-c1ccccc1Cl,,,,,,,,,,,,,,csd_ETUDAA,8.122403168,7.978721806,-0.876755662,-1.041925867,6.396855912,2.9555,2.5116,0.315963538,0.172282176,0.143681362,0.330608442,0.165170205,0.165438237,-1.160021982,-7.556877894
O=C1Cn2c(nc3c(sc4ccccc43)c2=O)N1c1ccccc1,,,,,,,,,,,,,,csd_CICVOA,7.581939321,7.41093853,-0.367686151,-0.567287485,6.615363454,3.7473,2.6855,0.360237847,0.189237055,0.171000791,0.414477514,0.199601333,0.214876181,-0.657699538,-7.273062992
O=C1CCCc2c1nc1ccc(Cl)cc1c2-c1ccccc1F,,,,,,,,,,,,,,csd_ETUDEE,8.138951237,7.976188153,-0.895810173,-1.056526143,6.39603957,2.9581,2.5152,0.341202928,0.178439844,0.162763084,0.315913197,0.160715971,0.155197227,-1.177981506,-7.574021076
O=C1CCCc2ccc3c(c21)COCO3,,,,,,,,,,,,,,csd_LIPZEP,8.201717107,7.886284272,0.033928697,-0.251183998,8.33893353,3.7261,3.092,0.621721577,0.306288743,0.315432834,0.55237395,0.285112695,0.267261255,0.087620708,-8.251312822
O=C1NC(=O)C(c2c[nH]c3ccccc23)=C1Br,,,,,,,,,,,,,,csd_VAWFEF,7.569168195,7.426924955,-0.944707698,-1.206252518,5.71575457,2.8677,1.9301,0.28846533,0.146222091,0.14224324,0.518643842,0.26154482,0.257099022,-1.457986812,-7.173741382
O=C1NC(=O)C(=Cc2coc3ccccc3c2=O)S1,,,,,,,,,,,,,,csd_YASBUQ,7.834825202,7.615223762,-0.848368729,-1.111496709,6.209913594,3.4682,2.1284,0.455164816,0.235563375,0.21960144,0.534297472,0.263127979,0.271169492,-1.198390056,-7.40830365
O=C1Cn2c(nc3cccnc32)C(=O)N1,,,,,,,,,,,,,,csd_ZERCAC,9.099378253,8.821932996,-0.715447,-0.96178862,7.203673922,3.7306,3.1203,0.643649775,0.366204518,0.277445257,0.493250218,0.24634162,0.246908597,-1.250091716,-8.453765638
O=C1CCCc2c1nc1ccccn21,,,,,,,,,,,,,,csd_IMITEF,7.971416607,7.769167604,0.089797593,-0.10460288,7.805317976,3.6863,2.6945,0.407200397,0.204951394,0.202249003,0.386590537,0.194400473,0.192190064,-0.063402562,-7.868720538
O=C1Cn2cccc2C(c2cccc(F)c2)=NN1,,,,,,,,,,,,,,csd_LOCCUD,8.305005377,7.910986264,-0.129671546,-0.597970978,9.589841588,4.7462,2.2006,0.807653699,0.413634587,0.394019113,0.909096819,0.468299432,0.440797387,0.564908664,-9.024932924
O=C1CCCc2cc(-c3cc(-c4ccccc4)n(-c4ccc(Cl)cc4)n3)ccc2N1,,,,,,,,,,,,,,csd_XARHEF,7.23390606,7.013510318,-0.133615049,-0.412849728,6.772373232,4.1428,3.0203,0.456355042,0.235959301,0.220395741,0.534389174,0.279234679,0.255154495,-0.25442659,-7.026799822
O=C1Cn2nc(-c3ccc(Cl)cc3)cc2C(=O)N1,,,,,,,,,,,,,,csd_VAWRES,8.355738202,8.144216099,-0.24345713,-0.512755295,8.12396347,4.5853,3.1517,0.429651679,0.218129576,0.211522104,0.548841421,0.269298164,0.279543256,-0.266399606,-8.390363076
O=C1NC(=O)C(=Cc2cnc3ccccn23)N1,,,,,,,,,,,,,,csd_NEVNEH,7.505375476,7.205253843,-0.506455801,-0.762280785,6.89128705,3.6844,2.0927,0.581117162,0.280995529,0.300121633,0.503726797,0.255824984,0.247901813,-0.57688168,-7.46816873
O=C1CCCc2cc(-c3ccccc3)c(C(=O)O)c(C(=O)O)c21,,,,,,,,,,,,,,csd_PEMJOJ,8.30297693,8.144679509,-0.578331231,-0.884860577,6.934553176,3.383,2.9079,0.355604834,0.197307412,0.158297421,0.578312455,0.306529346,0.271783109,-0.896887744,-7.83144092
O=C1NC(=Nc2ccccc2)SC1=Cc1ccc(Cl)cc1,,,,,,,,,,,,,,csd_PASQUY,7.865292718,7.523253039,-0.935530109,-1.231431771,6.990880774,3.788,2.2397,0.82184088,0.479801201,0.342039679,0.597088594,0.295901662,0.301186932,-0.886819526,-7.8777003
O=C1N(c2ccc(Cl)cc2)c2ccccc2C12CC2,,,,,,,,,,,,,,csd_MAPYAG,7.539419332,7.380342304,0.499176806,0.398022508,7.429528542,4.3335,3.451,0.324882075,0.165805047,0.159077028,0.208250749,0.101154298,0.107096451,0.222045024,-7.207483518
O=C1N(c2ccc(Cl)cc2)Cc2cc3ccccc3n21,,,,,,,,,,,,,,csd_DAVVOO,7.586901864,7.517043126,0.296700588,0.153563454,7.30898204,4.3339,3.1969,0.155603493,0.085744754,0.069858739,0.302063955,0.143137134,0.158926821,0.025034488,-7.283947552
O=C1N(c2ccccc2)C2CCCCC2N1c1ccccc1,,,,,,,,,,,,,,csd_XEXJAO,7.176642716,7.1074675,1.334248494,0.787803446,7.55796635,4.6243,3.5157,0.13757692,0.068401704,0.069175216,0.686489743,0.546445049,0.140044695,0.646542864,-6.911423486
O=C1NBCN1c1c(-c2ccccc2)cccc1-c1ccccc1,,,,,,,,,,,,,,csd_KEBVUL,7.977553893,7.826643251,0.456151719,0.089428089,7.992532408,4.7313,3.4716,0.309043679,0.158133037,0.150910642,0.685165011,0.36672363,0.318441381,0.228303646,-7.764228762
O=C1N=C2c3scc(-c4ccc(Cl)cc4)c3CCC2O1,,,,,,,,,,,,,,csd_NELXIO,8.377298067,8.121621385,-0.89700829,-1.156874711,6.734277272,3.9246,2.7365,0.484572448,0.228895766,0.255676682,0.510304364,0.259866421,0.250437943,-1.292269386,-8.026546658
O=C1CCCc2cc3cccc(O)c3c(O)c21,,,,,,,,,,,,,,csd_GERMIC,7.228024479,7.053346529,-0.443414688,-0.789189404,5.924466008,3.1064,2.2677,0.330067316,0.155389366,0.17467795,0.515054658,0.345774716,0.169279942,-0.877023422,-6.80148943
O=C1N=C2CCC(=N2)C=C2CCC(=NC(=O)c3ccccc3OCCOc3ccccc31)N2,,,,,,,,,,,,,,csd_ZIPVEC,7.219811643,6.934171672,-0.759403506,-1.091133874,5.894261354,2.8833,2.4197,0.828353384,0.542713413,0.285639971,0.667076042,0.331730368,0.335345674,-0.927364512,-6.821625866
O=C1N=C2CCC(=N2)C=C2CCC(=NC(=O)c3ccccc3OCCCOc3ccccc31)N2,,,,,,,,,,,,,,csd_ZIPVAY,7.305679937,7.010081954,-0.955079867,-1.26992801,5.89534981,2.9442,2.4228,0.967475476,0.671877494,0.295597982,0.688431821,0.314848143,0.373583678,-1.106687638,-7.002037448
O=C1N=C(N2CCOCC2)SC1=Cc1cnn(-c2ccccc2)c1,,,,,,,,,,,,,,csd_YEJTAK,7.462960468,7.265082433,-0.533025339,-0.773977116,6.39740014,3.5311,2.3566,0.416745312,0.218867277,0.197878035,0.480942175,0.240951777,0.239990398,-0.796477678,-7.193877818
O=C1N=C(N2CCCCC2)SC1=Cc1cccc2ccccc12,,,,,,,,,,,,,,csd_IREZEM,7.249614929,7.064267743,-0.702671275,-0.955442867,6.086101724,3.3753,2.0722,0.360371455,0.175024269,0.185347186,0.484154209,0.252771593,0.231382616,-0.928180854,-7.014282578
O=C1N=C(N2CCC(c3ccccc3)=N2)SC1=C1C(=O)Nc2ccccc21,,,,,,,,,,,,,,csd_LENTEF,7.508022274,7.315806115,-1.246926758,-1.505168114,6.31848708,3.0709,1.8508,0.417148585,0.224932426,0.192216159,0.524553341,0.258241356,0.266311985,-1.197573714,-7.516060794
O=C1N2c3ccccc3-c3sc4ccccc4c3C2CC12CCCC2,,,,,,,,,,,,,,csd_RIHSOS,7.171096706,6.989036385,-0.292044174,-0.457628264,6.476041086,3.5655,2.502,0.370251642,0.188191321,0.182060321,0.331213079,0.16558409,0.165628989,-0.499873418,-6.975914504
O=C1CCCc2ccc(-c3ccccc3)cc21,,,,,,,,,,,,,,csd_MAZWUF,8.009230548,7.791671323,-0.0457582,-0.255416269,7.138366562,3.4473,2.9474,0.403232376,0.185673151,0.217559225,0.409628388,0.209658068,0.19997032,-0.487900402,-7.626266964
O=C1N(c2cccc3ccccc23)CCN1c1cccc2ccccc12,,,,,,,,,,,,,,csd_UFUYIE,7.174463845,6.915460025,-0.046831636,-0.151770495,6.56611082,3.9218,2.6226,0.520327955,0.261324136,0.25900382,0.239259228,0.104938859,0.134320368,-0.338237702,-6.904348522
O=C1N2CCc3cc4c(c5c3c2c(c2cc(O)ccc25)-c2c3c5c(cc6c(c5c5ccc(O)cc25)OCO6)CCN13)OCO4,,,,,,,,,,,,,,csd_EVISUZ,6.242459245,6.108103774,-0.45599041,-0.596409669,4.971250666,3.0414,2.2834,0.259675669,0.125320198,0.134355471,0.281701393,0.14041926,0.141282133,-0.849267794,-5.82051846
O=C1N(c2ccccc2)CC2C=CCC3c4ccccc4N1C23,,,,,,,,,,,,,,csd_SAPXOW,7.167352608,7.043699353,0.94765774,0.683456461,7.60830744,4.5208,3.5208,0.31147197,0.187818716,0.123653255,0.688030698,0.264201279,0.423829419,0.72246267,-6.88584477
O=C1N(c2ccncc2)CCN1c1cc(Cl)ccn1,,,,,,,,,,,,,,csd_DIFQUH,7.960893985,7.900192699,0.276685515,0.141145804,7.565041314,4.4978,3.6167,0.111202924,0.050501637,0.060701286,0.27878433,0.135539711,0.143244619,-0.066395816,-7.63143713
O=C1CCCc2cc3ccnc(O)c3c(O)c21,,,,,,,,,,,,,,csd_EHITOF,7.576712692,7.427223192,-0.36403166,-0.532272236,6.33481392,3.4933,2.5336,0.307465554,0.157976055,0.149489499,0.328260615,0.168240576,0.160020039,-0.808994922,-7.143808842
O=C1N(c2ccccc2)c2nc3cccc4c3n2C(C=C4)N1c1ccccc1,,,,,,,,,,,,,,csd_WIBMEA,7.427959261,7.214182693,-0.206093973,-0.547733645,6.704344732,3.6169,2.6091,0.434484424,0.220707856,0.213776568,0.760354,0.341639671,0.418714329,-0.49660805,-7.200952782
O=C1N(c2ccccc2)N=CNN1c1ccccc1,,,,,,,,,,,,,,csd_PEFCUB,7.362382589,6.756090665,0.612275548,0.213595857,7.219728648,3.8372,3.1557,0.971676427,0.365384502,0.606291924,0.959184435,0.398679691,0.560504744,0.199459562,-7.020269086
O=C1CCCc2cc3ccncc3c(O)c21,,,,,,,,,,,,,,csd_KAZROS,7.9005351,7.73874281,-0.503865439,-0.66317624,6.477401656,3.5225,2.5532,0.335744784,0.173952494,0.16179229,0.311498148,0.159310801,0.152187346,-0.9660047,-7.443406356
O=C1N(c2ccccc2)CCN1c1cccc(N2CCN(c3cccc(Cl)n3)C2=O)n1,,,,,,,,,,,,,,csd_WOXHUO,7.188093763,7.054105918,0.781423243,0.114081345,7.038772838,4.2083,3.4193,0.309941656,0.17595381,0.133987845,0.848315123,0.667341898,0.180973225,0.03945653,-6.999316308
O=C1N(c2ccccc2)CCN1c1cccc(Br)n1,,,,,,,,,,,,,,csd_WOXHOI,7.534393931,7.441529042,0.439759082,0.256851942,7.324764652,4.4052,3.4904,0.207514409,0.11464952,0.092864889,0.389740447,0.182907139,0.206833307,0.099593724,-7.225170928
O=C1NBc2ccccc2-c2ccccc21,,,,,,,,,,,,,,csd_OFEYIK,8.334154092,8.181463852,-0.214491058,-0.452663653,7.396330634,4.1346,3.142,0.308863268,0.156173027,0.15269024,0.486597847,0.238172595,0.248425252,-0.539874176,-7.93620481
O=C1NC(=C(Cl)c2ccccc2)c2ccccc21,,,,,,,,,,,,,,csd_NIRFEC,7.631908704,7.352271024,-0.547546702,-0.944801577,6.379440616,3.7133,2.282,0.562000854,0.282363174,0.27963768,0.720955703,0.397254875,0.323700828,-0.872941712,-7.252382328
O=C1NC(=Nc2ccc(N=C3NC(=O)c4c(Cl)c(Cl)c(Cl)c(Cl)c43)cc2)c2c(Cl)c(Cl)c(Cl)c(Cl)c21,,,,,,,,,,,,,,csd_FEGDOL,7.477188765,7.035710195,-1.580070214,-1.933326432,5.638746308,2.9048,2.3588,0.987792052,0.546313482,0.44147857,0.658832621,0.353256218,0.305576403,-1.723570076,-7.362316384
O=C1NC(=Cc2ccc[nH]2)c2ccccc21,,,,,,,,,,,,,,csd_MAJWEA,6.994516271,6.784448427,-0.344800493,-0.515933668,5.870315322,3.428,1.9862,0.411643909,0.201576065,0.210067845,0.33702908,0.171133175,0.165895906,-0.71293868,-6.583254002
O=C1NC(=Cc2cn(C(=O)O)c3cc(O)ccc23)C(=O)N2CCCC12,,,,,,,,,,,,,,csd_DITGOF,7.138499626,6.874300334,-0.299134376,-0.605509433,6.339711972,3.6829,2.2192,0.544991552,0.28079226,0.264199292,0.613462509,0.306375057,0.307087452,-0.528717502,-6.868429474
O=C1N(c2ccccc2)CCC1(F)F,,,,,,,,,,,,,,csd_OFOWAK,8.293239168,8.090745725,0.705678951,0.381156202,7.850216786,4.6204,3.4839,0.434555554,0.232062112,0.202493443,0.766520539,0.324522748,0.441997791,0.14422042,-7.705996366
O=C1NC(=Cc2ccccc2Br)c2cc3c(cc21)CCCC3,,,,,,,,,,,,,,csd_KUGBAR,7.354726036,7.147992595,-0.61425681,-0.881381056,6.263520052,3.6646,2.2454,0.422036297,0.215302855,0.206733441,0.49189041,0.267124246,0.224766164,-0.841104374,-7.104624426
O=C1N(c2ccc(F)cc2)CCc2cc3ccccc3n21,,,,,,,,,,,,,,csd_ZIQTIF,7.574861963,7.417469184,0.49971483,0.297693723,7.433338138,4.4337,3.1557,0.404465025,0.247072247,0.157392778,0.415085934,0.202021107,0.213064827,0.226126734,-7.207211404
O=C1N(c2ccc(O)cc2)N=C(c2ccccc2)NN1c1ccc(O)cc1,,,,,,,,,,,,,,csd_PEDSEZ,6.811061584,6.316792354,-0.173591317,-0.526215958,6.135898586,3.23,2.4882,0.903990464,0.409721233,0.49426923,0.646839196,0.352624641,0.294214555,-0.459328432,-6.595227018
O=C1NC(=Cc2ccccc2)c2ccccc21,,,,,,,,,,,,,,csd_WOJCAA01,7.485940033,7.280593257,-0.578278087,-0.807490295,6.224335636,3.6779,2.1885,0.415769239,0.210422464,0.205346776,0.430327338,0.229212207,0.201115131,-0.905323278,-7.129658914
O=C1NC(=Cc2ccccc2)c2ccc(O)c(O)c21,,,,,,,,,,,,,,csd_CEBWOX,7.063985397,6.881173879,-0.365817953,-0.635322787,6.071135454,3.4815,2.1363,0.372596775,0.189785256,0.182811519,0.562208504,0.269504835,0.292703669,-0.67212158,-6.743257034
O=C1NC(=Cc2ccccc2)c2c1ccc(O)c2O,,,,,,,,,,,,,,csd_FIVSUA,7.145850758,6.940627114,-0.344213788,-0.598962615,6.183518536,3.559,2.2017,0.418296117,0.213072473,0.205223644,0.518393034,0.254748827,0.263644207,-0.649808232,-6.833326768
O=C1NC(=Cc2cccc(O)c2)c2ccccc21,,,,,,,,,,,,,,csd_FIVTUB,7.530156626,7.218287532,-0.497921463,-0.854121383,6.325017816,3.6853,2.2669,0.596626571,0.284757478,0.311869093,0.629503113,0.35619992,0.273303193,-0.840288032,-7.165305848
O=C1NC(=Cc2ccc3c(c2)OCO3)c2ccccc21,,,,,,,,,,,,,,csd_CEBWIR,7.280643136,6.980337635,-0.410750722,-0.709419647,6.889654366,3.8132,2.2012,0.57447377,0.27416827,0.3003055,0.56529093,0.298668925,0.266622005,-0.38640188,-7.276056246
O=C1NC(=Cc2c[nH]c3ccccc23)C(=O)N2CCCC12,,,,,,,,,,,,,,csd_RIXXIG,7.064368126,6.723485612,0.242388022,-0.055459527,6.694820742,3.8951,2.5398,0.649007237,0.308124723,0.340882514,0.634242141,0.297847549,0.336394592,-0.042449784,-6.737270526
O=C1NC(=Cc2ccc(O)cc2)c2ccccc21,,,,,,,,,,,,,,csd_DAKYOE,7.528506717,7.061444098,-0.247543058,-0.621865145,7.322315626,4.0147,2.3471,0.842465026,0.375402406,0.467062619,0.683372242,0.374322086,0.309050156,-0.215786402,-7.538102028
O=C1NC(=Cc2ccc(F)cc2)c2ccccc21,,,,,,,,,,,,,,csd_CEBWEN,7.494259129,7.269059324,-0.608334276,-0.83807814,6.190865614,3.6656,2.187,0.451536693,0.226336888,0.225199805,0.434908024,0.229743864,0.20516416,-0.940970212,-7.131835826
O=C1NC(=O)C(c2ccc(F)cc2)=C1c1ccc(F)cc1,,,,,,,,,,,,,,csd_PAVBEW,8.300174428,8.000317862,-1.30314932,-1.641553828,7.065984238,3.4047,2.1676,0.610533746,0.31067718,0.299856567,0.652440391,0.338404508,0.314035883,-1.270228152,-8.33621239
O=C1NC(=Cc2ccc(Br)cc2)c2ccccc21,,,,,,,,,,,,,,csd_TEWFUZ,7.589104083,7.274107366,-0.669216763,-1.003028803,6.28175169,3.652,2.2541,0.595911973,0.280915255,0.314996717,0.590536088,0.33381204,0.256724049,-0.97280755,-7.25455924
O=C1CCCc2ccc(O)c(O)c21,,,,,,,,,,,,,,csd_PAMQOM,7.696636678,7.348097965,-0.03849107,-0.37580187,6.354134014,3.2642,2.414,0.811510643,0.46297193,0.348538714,0.752114987,0.3373108,0.414804187,-0.661509134,-7.015643148
O=C1CCCc2cc3c4c(cc(O)c(O)c4c21)CCN3,,,,,,,,,,,,,,csd_KAZNAA,6.446752966,6.276258661,0.373863983,0.085551716,6.183246422,3.3653,2.2059,0.335457867,0.164963561,0.170494306,0.570945595,0.288312266,0.282633329,0.071565982,-6.11168044
O=C1N(c2cccc3cc(-c4ccccc4)c(-c4ccccc4)cc23)c2ccccc2C12CC2,,,,,,,,,,,,,,csd_RIYWOO,7.274356894,7.070359831,-0.367933503,-0.501454128,6.658357466,3.7632,2.5823,0.396583025,0.192585962,0.203997063,0.267563438,0.133520625,0.134042812,-0.483546578,-7.141904044
O=C1NC(=Cc2cc3c(cc2Br)OCO3)c2c(O)cccc21,,,,,,,,,,,,,,csd_FIRJOG,6.973771334,6.732784999,-0.516634008,-0.802615481,5.923649666,3.4025,2.1281,0.461297721,0.220311386,0.240986335,0.532680026,0.285981474,0.246698552,-0.7891306,-6.712780266
O=C1CCCc2cc3cc(O)cc(O)c3c(O)c21,,,,,,,,,,,,,,csd_TAJSAZ,7.06596021,6.919506007,0.013827663,-0.156019827,6.27358827,3.4273,2.5362,0.299238841,0.152784637,0.146454204,0.334566775,0.169847491,0.164719285,-0.407626772,-6.681215042
O=C1NC(=Cc2ccc(Cl)cc2)c2ccccc21,,,,,,,,,,,,,,csd_TEWHOV,7.852475604,7.419007254,-0.488181224,-0.912016738,7.461093766,4.0833,2.3736,0.801278313,0.367809963,0.43346835,0.744094917,0.423835515,0.320259402,-0.43674297,-7.897836736
O=C1NC(=O)C2=C1Cc1ccc(O)cc1N2,,,,,,,,,,,,,,csd_MEKREC,7.403328644,7.287224458,-0.43583479,-0.720374141,5.887730618,2.7845,1.9446,0.23752676,0.121422573,0.116104187,0.571684357,0.284539351,0.287145006,-1.048183128,-6.935913746
O=C1NC(=O)C(c2ccc(Oc3ccc(O)cc3)cc2)=C1c1ccc(Oc2ccc(O)cc2)cc1,,,,,,,,,,,,,,csd_AYURAO,7.137087354,6.875630427,-1.104196979,-1.573992276,5.579425456,2.7645,1.9031,0.504768477,0.243311549,0.261456927,0.912526408,0.469795297,0.442731111,-1.392951566,-6.972377022
O=C1NC(=O)c2ccc(-n3cccc3)c3cccc1c23,,,,,,,,,,,,,,csd_NATDES,8.074565826,7.944383523,-1.307964268,-1.453363133,5.944874558,3.1794,2.2561,0.323373448,0.193191144,0.130182304,0.297609123,0.145398864,0.152210258,-1.657718488,-7.602593046
O=C1NC(=O)c2ccc(-n3c4ccccc4c4ccccc43)c3cccc1c23,,,,,,,,,,,,,,csd_WOMCAD,7.42888336,7.369517609,-1.432073124,-1.578964343,5.505410448,2.8355,2.2388,0.117268345,0.057902594,0.059365751,0.292749221,0.146891219,0.145858002,-1.710780718,-7.216191166
O=C1NC(=O)c2ccc(-c3ccccc3)c3cccc1c23,,,,,,,,,,,,,,csd_ZABQOL,8.096977761,7.921988459,-1.166811063,-1.3170824,6.313589028,3.436,2.279,0.337253194,0.162263891,0.174989302,0.298968495,0.150271337,0.148697158,-1.488191466,-7.801780494
O=C1NC(=O)c2ccc(-c3cccc4ccccc34)c3cccc1c23,,,,,,,,,,,,,,csd_ZABQIF,7.929698836,7.726130081,-1.179456636,-1.329766695,6.17562723,3.4357,2.3131,0.386736036,0.18316728,0.203568756,0.298182521,0.150310059,0.147872462,-1.477034792,-7.652662022
O=C1NC(=O)c2ccc(-c3ccc4c5ccc6c7c(ccc(c8cccc3c84)c75)C(=O)N(c3ccccc3)C6=O)c3cccc1c23,,,,,,,,,,,,,,csd_JEDJIO,7.221678073,7.125303457,-2.041691206,-2.203524477,5.048258928,2.6121,1.3965,0.195826024,0.099451408,0.096374615,0.322955236,0.161833271,0.161121965,-2.10480179,-7.153060718
O=C1NC(=O)c2ccc(-c3ccc(O)cc3)c3cccc1c23,,,,,,,,,,,,,,csd_WOJJUD,7.801972851,7.585606466,-1.106680617,-1.245182562,6.069774884,3.4286,2.2562,0.412724909,0.196358524,0.216366386,0.275370443,0.138501944,0.136868498,-1.420979308,-7.490754192
O=C1NC(=O)c2ccc(-c3ccc(F)cc3)c3cccc1c23,,,,,,,,,,,,,,csd_WOJKOY,8.11632191,7.918143352,-1.224918967,-1.373085475,6.276037296,3.4274,2.2766,0.380813366,0.182634808,0.198178558,0.295044666,0.148166508,0.146878157,-1.547240204,-7.8232775
O=C1NC(=O)c2ccc(-c3ccc(Cl)cc3)c3cccc1c23,,,,,,,,,,,,,,csd_WOJLAL,8.117707297,7.92546447,-1.277545842,-1.435528427,6.262431596,3.4208,2.2772,0.368096771,0.175853945,0.192242827,0.31390935,0.157982586,0.155926764,-1.583159252,-7.845590848
O=C1CCCc2c1cc(Br)c(O)c2-c1c(O)c(Br)cc2c1CCCC2=O,,,,,,,,,,,,,,csd_MUSBOT,8.001939661,7.858535583,-0.495023258,-0.71742203,6.803666342,3.495,3.0059,0.307338885,0.163934807,0.143404078,0.459408161,0.222398772,0.237009389,-0.83402941,-7.637695752
O=C1NC(=O)c2ccc(-c3ccc(C=C4c5ccccc5-c5ccccc54)cc3)c3cccc1c23,,,,,,,,,,,,,,csd_DEFWIX,7.515930724,7.255210137,-1.388121815,-1.661053517,5.83140302,3.3202,2.2219,0.487051406,0.226330819,0.260720587,0.526746036,0.272931703,0.253814333,-1.572274692,-7.403677712
O=C1NC(=O)c2ccc(-c3ccc(C(=C(c4ccccc4)c4ccccc4)c4ccccc4)cc3)c3cccc1c23,,,,,,,,,,,,,,csd_BOVZEU,7.082603328,6.864179325,-1.236873778,-1.422299877,5.60282726,3.3619,2.2567,0.442157222,0.223733219,0.218424003,0.374472946,0.185426099,0.189046848,-1.459075268,-7.061902528
O=C1NC(=O)c2ccc(-c3cc(F)cc(F)c3)c3cccc1c23,,,,,,,,,,,,,,csd_WOJKAK,8.298594534,8.142099596,-1.325680087,-1.505039949,6.347331164,3.4081,2.2864,0.307381335,0.150886397,0.156494938,0.358471827,0.179359861,0.179111966,-1.645201244,-7.992532408
O=C1NC(=O)c2cc3ccccc3n2C1=O,,,,,,,,,,,,,,csd_BEKLEL,8.61907043,8.428068906,-1.27761319,-1.466643738,6.317942852,3.3161,2.4301,0.398790224,0.207788699,0.191001524,0.391996517,0.189030548,0.202965969,-1.800850452,-8.118793304
O=C1NC(=O)c2cc3ccccc3cc21,,,,,,,,,,,,,,csd_CICSUD,8.658647806,8.525496494,-0.399809726,-0.732039096,8.14029031,4.1026,2.568,0.266951045,0.133799733,0.133151312,0.586066153,0.33222937,0.253836783,-0.520826196,-8.661116506
O=C1CCCc2c1cc1c3c(n4nc(-c5ccccc5)cc4n21)CCCC3=O,,,,,,,,,,,,,,csd_KIYVUL,7.197171486,7.025848511,-0.794078449,-0.95639064,6.012630944,3.091,2.2687,0.349834384,0.17851141,0.171322974,0.323186532,0.162312191,0.160874341,-0.996753582,-7.009384526
O=C1CCCc2c1ccc1ccc(=O)oc21,,,,,,,,,,,,,,csd_DELGOS,8.545347047,8.403525747,-0.946981891,-1.166514568,6.496177522,3.2131,2.5959,0.319563362,0.177742062,0.1418213,0.434300747,0.219532677,0.21476807,-1.40682938,-7.903006902
O=C1NC(=O)c2cc3c4c5c(cc6c7c(ccc(c8ccc1c2c84)c75)C(=O)NC6=O)[SiH2]3,,,,,,,,,,,,,,csd_MAYFUQ,7.658263217,7.569263435,-2.530723875,-2.668697374,4.831656184,2.4381,1.2809,0.178469777,0.089469995,0.088999782,0.274758132,0.137973499,0.136784633,-2.67760176,-7.509257944
O=C1NC(=O)c2cc3c4c5c(cc6c7c(cc8c(c9c(cc1c2c94)[SiH2]8)c75)C(=O)NC6=O)[SiH2]3,,,,,,,,,,,,,,csd_MAYGAX,7.676077432,7.582200006,-2.604304045,-2.745456107,4.828935044,2.3942,1.291,0.187839206,0.093961781,0.093877425,0.280146533,0.141152063,0.138994471,-2.72386114,-7.552796184
O=C1NC(=O)c2cc(Oc3ccc4c(c3)C(=O)NC4=O)ccc21,,,,,,,,,,,,,,csd_UBAVAX,8.622746527,8.498926222,-1.152184282,-1.298083102,6.766386724,3.5071,3.0047,0.240340337,0.116520031,0.123820306,0.287045439,0.145898819,0.14114662,-1.514858638,-8.281245362
O=C1CCCc2c1ccn2-c1ccc(Cl)cc1,,,,,,,,,,,,,,csd_TAWPIR,8.569115851,7.854372511,0.409079044,0.201690625,8.772139018,4.007,3.4017,0.98717789,0.27243455,0.71474334,0.416589663,0.20738842,0.209201243,0.512118548,-8.26002047
O=C1NC(=O)c2cc(N3CCCC3)c3c4ccc5c6c(cc(N7CCCC7)c(c7ccc1c2c73)c64)C(=O)NC5=O,,,,,,,,,,,,,,csd_LACPAJ,6.454455371,6.303452782,-1.923408693,-2.092008622,4.380763286,2.0295,1.0584,0.303710245,0.152707656,0.151002589,0.344182849,0.16859993,0.175582919,-2.009289776,-6.390053062
O=C1NC(=O)c2cc(F)c3c4c(F)cc5c6c(cc(F)c(c7c(F)cc1c2c73)c64)C(=O)NC5=O,,,,,,,,,,,,,,csd_KISQAF,7.779707967,7.668756205,-2.533776177,-2.682292189,4.881180932,2.5209,1.3789,0.222253735,0.111301973,0.110951762,0.296854877,0.148516012,0.148338865,-2.723044798,-7.60422573
O=C1NC(=O)c2cc(Cl)c3c4c(Cl)cc5c6c(cc(Cl)c(c7c(Cl)cc1c2c73)c64)C(=O)NC5=O,,,,,,,,,,,,,,csd_COHLIW,7.808343884,7.70120852,-2.68871027,-2.833133959,4.865670434,2.4344,1.3828,0.215550479,0.108415116,0.107135364,0.289161126,0.144423689,0.144737437,-2.823454864,-7.689125298
O=C1NC(=O)c2cc(C=Cc3cc(O)c(C=Cc4ccc5c(c4)C(=O)NC5=O)cc3O)ccc21,,,,,,,,,,,,,,csd_GEGKOT,7.012282268,6.879203011,-1.619683754,-1.795967911,5.160097782,2.7626,1.6897,0.266514982,0.133435726,0.133079256,0.361934478,0.176284157,0.185650321,-1.736903662,-6.897001444
O=C1CCCc2c1cc(-c1ccccc1)n2-c1cccc(O)c1,,,,,,,,,,,,,,csd_LIJVUX,7.419898047,7.122589528,0.527089063,0.241995116,8.124235584,3.949,3.2331,0.565939758,0.26863124,0.297308518,0.588475587,0.285093947,0.30338164,0.590759494,-7.53347609
O=C1NC(=O)c2ccc(Br)c3cccc1c23,,,,,,,,,,,,,,csd_PAWYET01,8.455817105,8.353022232,-1.297031925,-1.428400129,6.332909122,3.3982,2.2689,0.208167754,0.105372881,0.102794873,0.260872971,0.131368204,0.129504767,-1.69799136,-8.030900482
O=C1NC(=O)c2cc(Br)cc3cccc1c23,,,,,,,,,,,,,,csd_WUPNIG,8.514180388,8.413222829,-1.31075028,-1.450119452,6.378624274,3.4043,2.3056,0.205728796,0.104771237,0.100957559,0.277038991,0.139369172,0.13766982,-1.710780718,-8.089404992
O=C1NC(=O)c2ccc(C#Cc3ccc(O)c4ccccc34)c3cccc1c23,,,,,,,,,,,,,,csd_WITGEN,7.257452628,7.110593247,-1.416193639,-1.563616569,5.886097934,3.1763,1.8756,0.29658494,0.149725558,0.146859382,0.293950332,0.14742293,0.146527402,-1.399754416,-7.28585235
O=C1NC(=S)C(=Cc2ccccc2)N1c1ccccc1,,,,,,,,,,,,,,csd_BZCPNP,8.190951406,8.049112528,-1.042564246,-1.32599193,5.874124918,2.4941,1.7935,0.317082471,0.175243593,0.141838878,0.545616054,0.283427684,0.26218837,-1.392407338,-7.266532256
O=C1NC(=O)n2c1cc1ccccc1c2=O,,,,,,,,,,,,,,csd_BEKLIP,8.466643515,8.278255482,-1.012795083,-1.228898144,6.477129542,3.3589,2.3679,0.387477574,0.199089541,0.188388032,0.433002654,0.216103061,0.216899593,-1.492817404,-7.969946946
O=C1NC(=O)c2sc3c4c(ccc1c24)C(=O)NC3=O,,,,,,,,,,,,,,csd_KOGLEA,8.779511675,8.69041502,-2.434366402,-2.584921909,5.524730542,2.7869,1.5249,0.181331599,0.092234945,0.089096654,0.29773571,0.150555506,0.147180204,-2.846040326,-8.370770868
O=C1NC(=O)c2sc(-c3ccc(-c4ccc(-c5cccs5)s4)s3)cc21,,,,,,,,,,,,,,csd_MIXXEY,7.002773788,6.785136739,-1.332577361,-1.540104831,5.249895402,2.8928,1.8558,0.380774835,0.163137785,0.217637049,0.374947785,0.20752747,0.167420315,-1.572002578,-6.82189798
O=C1NC(=O)c2nc3c(Br)c4nsnc4c(Br)c3nc21,,,,,,,,,,,,,,csd_PATWUF,8.368664161,8.216846863,-2.567846483,-2.711196954,5.786232096,2.5568,1.1268,0.306766902,0.154949603,0.151817299,0.284243209,0.143350472,0.140892738,-2.591069508,-8.377301604
O=C1NC(=O)c2nc3c(Br)c(F)c(F)c(Br)c3nc21,,,,,,,,,,,,,,csd_DODLIU,8.802694427,8.662519798,-1.782784804,-1.943555469,6.139708182,2.8772,2.3553,0.285964058,0.145789429,0.140174629,0.320446344,0.160770666,0.159675679,-2.198409006,-8.338117188
O=C1NC(=O)c2cn(-c3cccc(Cl)c3)cc21,,,,,,,,,,,,,,csd_FOCFIP,8.691525246,8.515151291,0.112076954,-0.173311039,7.543544308,3.8803,3.4406,0.378096689,0.201722734,0.176373954,0.505062632,0.285387993,0.219674639,-0.528445388,-8.071989696
O=C1NC(=O)c2cccc3cccc1c23,,,,,,,,,,,,,,csd_UMUGEO,8.526655863,8.436752581,-1.051691222,-1.182569919,6.520123554,3.4287,2.3521,0.181573318,0.091670036,0.089903282,0.259852325,0.130878698,0.128973628,-1.51295384,-8.033077394
O=C1NC(=O)c2ccc3c4cccc5cccc(c6ccc1c2c63)c54,,,,,,,,,,,,,,csd_EDITIV,7.344557952,7.248809471,-1.69359427,-1.828965543,5.657522174,2.8562,1.4028,0.192634943,0.096886462,0.095748481,0.27033247,0.135371273,0.134961197,-1.689011598,-7.346533772
O=C1NC(=O)c2ccc3c4ccc5c6ccc7c8c(ccc(c9ccc(c%10ccc1c2c%103)c4c95)c86)C(=O)NC7=O,,,,,,,,,,,,,,csd_VANRUA,6.955387857,6.875540085,-2.636722618,-2.766193371,4.199535362,2.0748,0.8983,0.160133647,0.080285875,0.079847772,0.259090896,0.129470753,0.129620143,-2.697466082,-6.897001444
O=C1NC(=O)c2ccc3c4ccc5c6c(ccc(c7ccc1c2c73)c64)C(=O)NC5=O,,,,,,,,,,,,,,csd_LENPEZ,7.742629713,7.646119857,-2.408412169,-2.565653244,5.322821954,2.671,1.2848,0.194366676,0.09785682,0.096509856,0.313507982,0.157241075,0.156266907,-2.41909346,-7.741915414
O=C1NC(=O)c2ccc3c4c(ccc1c24)C(=O)OC3=O,,,,,,,,,,,,,,csd_CAGJEB,9.233591,9.143243792,-2.340083691,-2.495031933,6.0817479,3.0388,2.0695,0.183434741,0.093087533,0.090347209,0.310565341,0.154948242,0.155617099,-2.73746684,-8.81921474
O=C1NC(=O)c2ccc3c4c(ccc1c24)C(=O)NC3=O,,,,,,,,,,,,,,csd_UNANED,8.974430008,8.881465933,-2.130293185,-2.287771434,6.057801868,3.0222,2.0612,0.188892613,0.095928539,0.092964075,0.311960034,0.157478249,0.154481785,-2.514605474,-8.572407342
O=C1NC(=O)c2ccc3c4c(ccc1c24)-c1cc2ccccc2cc1-3,,,,,,,,,,,,,,csd_SELWIS,7.626472138,7.567176048,-1.695621247,-1.828609617,5.510036386,2.9691,1.9596,0.11975329,0.0604572,0.05929609,0.264374534,0.13298837,0.131386163,-1.905886456,-7.415922842
O=C1NC(=O)c2ccc3c4c(-c5ccc(O)cc5)cc5c6c(ccc(c7ccc1c2c73)c64)C(=O)NC5=O,,,,,,,,,,,,,,csd_UBOWOZ,7.404582219,7.246310376,-2.362059726,-2.513405995,5.037374368,2.4707,1.2783,0.321320647,0.163048804,0.158271843,0.301760004,0.151346269,0.150413735,-2.370929282,-7.40830365
O=C1NC(=O)c2ccc(Oc3cccc4cccnc34)c3cccc1c23,,,,,,,,,,,,,,csd_AVEHIU,7.812871316,7.569232414,-0.783836894,-0.980989746,7.097277348,3.7506,2.2773,0.503791315,0.260152413,0.243638903,0.40193061,0.197152852,0.204777758,-0.779334496,-7.876611844
O=C1NC(=O)c2ccc(Oc3ccc4ccccc4c3)c3cccc1c23,,,,,,,,,,,,,,csd_AVEHOA,7.819291574,7.608898472,-0.989937943,-1.301572419,6.270050788,3.4997,2.2866,0.353139481,0.142746378,0.210393103,0.580036842,0.311634477,0.268402365,-1.292813614,-7.562864402
O=C1NC(=O)c2ccc(O)c3cccc1c23,,,,,,,,,,,,,,csd_BERCOS,8.258627246,8.098607697,-0.779067117,-0.955967639,7.471434098,3.9441,2.2778,0.322973413,0.162953863,0.160019549,0.356007263,0.176900522,0.179106741,-0.781511408,-8.252945506
O=C1NC(=O)c2ccc(N3Bc4ccccc4C=N3)c3cccc1c23,,,,,,,,,,,,,,csd_XALTUC,8.028519757,7.762498117,-1.221606006,-1.346923755,6.314133256,3.4313,2.292,0.490920595,0.224898956,0.26602164,0.250584068,0.125317749,0.125266319,-1.498259684,-7.81239294
O=C1NC(=O)c2ccc(C=Cc3ccc(O)cc3)c3cccc1c23,,,,,,,,,,,,,,csd_DANJIO,7.328471389,7.114319031,-1.33018439,-1.507772789,5.52663534,3.0783,1.919,0.388389129,0.174236771,0.214152357,0.333072162,0.177588399,0.155483763,-1.555675738,-7.082311078
O=C1NC(=O)c2ccc(C=Cc3ccc(O)c(O)c3)c3cccc1c23,,,,,,,,,,,,,,csd_DANJOU,7.215262713,7.014605305,-1.343830091,-1.525077063,5.372618816,3.0168,1.8943,0.376336655,0.175679247,0.200657408,0.341697904,0.181246972,0.160450932,-1.565199728,-6.937818544
O=C1CCCc2c1cc(-c1ccccc1)n2-c1ccc(F)cc1,,,,,,,,,,,,,,csd_KAWJAU,7.777207294,7.390726773,0.876021226,0.416065571,9.938419622,4.4423,2.493,0.745587462,0.359106941,0.386480521,0.862010348,0.459955655,0.402054694,1.255533996,-8.682885626
O=C1NC(=O)c2ccc(C=CN3CCCCC3)c3cccc1c23,,,,,,,,,,,,,,csd_IZIXOE,6.788281425,6.597022617,-0.842071875,-1.016548869,5.416157056,2.8668,1.852,0.328911865,0.137653057,0.191258808,0.339536094,0.174476993,0.165059101,-1.109136664,-6.52529372
O=C1NC(=O)c2cc(C#Cc3cc(O)c(C#Cc4ccc5c(c4)C(=O)NC5=O)cc3O)ccc21,,,,,,,,,,,,,,csd_LAXWAJ,7.208610614,7.086266255,-1.595125465,-1.740748361,5.306223,2.946,2.005,0.246969034,0.124624675,0.122344359,0.299000224,0.145622896,0.153377328,-1.75377473,-7.05999773
O=C1NC(=O)c2cc(Br)c3c4ccc5c6c(cc(Br)c(c7ccc1c2c73)c64)C(=O)NC5=O,,,,,,,,,,,,,,csd_NIMCOD,7.715682264,7.620621415,-2.604925009,-2.745912714,4.851248392,2.4335,1.34,0.191606352,0.096545503,0.095060849,0.281481797,0.140987706,0.140494091,-2.738283182,-7.589531574
O=C1NC(=O)C(c2ccccc2)=C1c1ccccc1,,,,,,,,,,,,,,csd_LISWOA,8.059726987,7.83965245,-1.240497793,-1.535370972,6.105966046,3.0317,2.1125,0.448908207,0.22883367,0.220074538,0.561798619,0.29487318,0.266925439,-1.642480104,-7.74844615
O=C1NC(=O)c2c1c(-c1ccc(O)cc1)c1c(c2-c2ccc(O)cc2)-c2cccc3cccc-1c23,,,,,,,,,,,,,,csd_GEGFOP,7.420396396,7.139069705,-1.302946323,-1.431358008,5.804463734,3.0482,2.2631,0.491773128,0.210446437,0.281326692,0.25521055,0.128411685,0.126798865,-1.453632988,-7.258096722
O=C1NC(=O)c2c1[nH]c1ccccc1c2=S,,,,,,,,,,,,,,csd_IZOMIT,7.722733554,7.487796313,-1.260239391,-1.646611067,8.026546658,2.4848,1.453,0.508173983,0.273236742,0.234937241,0.781304601,0.386371675,0.394932926,-0.752939438,-8.779486096
O=C1NC(=O)c2c(Oc3ccccc3)cc3c4c(c(Oc5ccccc5)cc1c24)C(=O)NC3=O,,,,,,,,,,,,,,csd_PASRUZ,7.90013229,7.697178512,-1.943215055,-2.391988457,5.54840446,2.8593,1.8743,0.360752414,0.157798636,0.202953778,0.74338089,0.448773402,0.294607487,-2.153238082,-7.701642542
O=C1NC(=O)c2c(Oc3c(-c4ccccc4)cccc3-c3ccccc3)cc3c4c(c(Oc5c(-c6ccccc6)cccc5-c5ccccc5)cc1c24)C(=O)NC3=O,,,,,,,,,,,,,,csd_PASSAG,7.72472815,7.500202806,-1.974354964,-2.200072711,5.541057382,2.836,1.8589,0.416383401,0.191858057,0.224525343,0.458981215,0.225717747,0.233263468,-2.094733572,-7.635790954
O=C1NC(=O)c2c(Cl)cc3c4c(c(Cl)cc1c24)C(=O)NC3=O,,,,,,,,,,,,,,csd_BUYJAH02,8.908046355,8.783428212,-2.341545324,-2.501947003,5.81235504,2.8261,2.0808,0.257534948,0.132916804,0.124618144,0.318983732,0.160401679,0.158582053,-2.698826652,-8.511181692
O=C1NC(=O)c2c(Br)cc3c4c(c(Br)cc1c24)C(=O)NC3=O,,,,,,,,,,,,,,csd_GIHVID,8.819546719,8.703172269,-2.383553467,-2.539521592,5.793579174,2.782,2.076,0.239193648,0.122819198,0.11637445,0.310752555,0.155968126,0.15478443,-2.673792164,-8.467371338
O=C1NC(=O)c2c(Br)c(Br)c3c4c(Br)c(Br)c5c6c(c(Br)c(Br)c(c7c(Br)c(Br)c1c2c73)c64)C(=O)NC5=O,,,,,,,,,,,,,,csd_TAFVII,8.153302801,8.018143778,-2.953364809,-3.151463801,5.641195334,2.6617,1.4445,0.277058311,0.141899288,0.135159024,0.396657857,0.198098992,0.198558865,-2.738555296,-8.37975063
O=C1NC(=O)c2c(-c3ccc(-c4ccc(-c5ccc(-c6cccs6)s5)s4)s3)cc3c4c(c(-c5ccc(-c6ccc(-c7ccc(-c8cccs8)s7)s6)s5)cc1c24)C(=O)NC3=O,,,,,,,,,,,,,,csd_PAQTEI,6.587059788,6.428751482,-2.504876038,-2.622961813,4.038715988,2.0115,1.5278,0.285315339,0.127007033,0.158308306,0.235775896,0.118085775,0.117690121,-2.48031911,-6.519035098
O=C1NC(=O)C2Cc3ccccc3C=C12,,,,,,,,,,,,,,csd_PIFKAR,8.329196801,8.147156127,-0.533270758,-0.815589278,6.86135451,3.7428,2.5293,0.377134439,0.195093765,0.182040674,0.555874398,0.28231852,0.273555878,-1.000291064,-7.861645574
O=C1NC(=O)C2CC=Cc3cccc1c32,,,,,,,,,,,,,,csd_YEBSEE,8.297235842,8.095341758,-0.151565702,-0.362685512,7.158775112,4.0144,2.8086,0.40547386,0.203579776,0.201894084,0.432694077,0.21111981,0.221574267,-0.629671796,-7.788446908
O=C1NC(=O)C2=CC3=Cc4cc5ccccc5cc4C=C(C=C12)C3,,,,,,,,,,,,,,csd_LOMDUO,7.184190287,7.010534752,-1.349283256,-1.499150585,5.455069358,2.7569,1.5678,0.346974194,0.173318658,0.173655536,0.293485289,0.14986733,0.14361796,-1.530369136,-6.985438494
O=C1NC(=O)C2=C1c1c(n(C(=O)O)c3ccccc13)Oc1cccc3[nH]cc2c13,,,,,,,,,,,,,,csd_RALDEO,7.076983358,6.844303575,-1.01529162,-1.269819165,5.556839994,2.6282,1.8067,0.477998718,0.245318934,0.232679783,0.508460247,0.254527544,0.253932703,-1.332270144,-6.889110138
O=C1CCCc2c1cnc1ncnn21,,,,,,,,,,,,,,csd_MEBSAP,9.469705815,9.245228418,-0.503688864,-0.756208452,9.046157816,3.853,3.2571,0.50150817,0.277030773,0.224477397,0.512103446,0.252519588,0.259583858,-0.371163496,-9.417321312
O=C1CCCc2c1cnn2-c1ccccc1,,,,,,,,,,,,,,csd_FUBZEI,8.892183143,8.352367308,0.637286743,0.229396401,9.706578494,4.0832,3.4336,0.817491627,0.277675792,0.539815835,0.889324526,0.407890342,0.481434184,0.815797772,-8.890780722
O=C1NC(=O)C2=C1c1c(n(C(=O)O)c3cc(O)ccc13)Oc1cccc3[nH]cc2c13,,,,,,,,,,,,,,csd_EQUWET,7.581915919,7.18484445,-0.941792813,-1.328992803,8.011852502,3.7587,1.7882,0.80864063,0.41156916,0.39707147,0.773746635,0.38719999,0.386546645,-0.210616236,-8.222468738
O=C1NC(=O)C2=C1Cc1ccccc1-c1c2c2ccccc2n1C(=O)O,,,,,,,,,,,,,,csd_WUGKEO,7.509881629,7.33342087,-1.186881811,-1.461021427,5.766912002,2.8875,2.031,0.366170476,0.189709717,0.176460759,0.540515277,0.274139617,0.26637566,-1.532273934,-7.299185936
O=C1CCCc2ccc3ccc(Cl)cc3c21,,,,,,,,,,,,,,csd_KOVFEG,8.146760365,8.012188835,-0.5485157,-0.760605978,7.515516566,3.417,2.4773,0.292129617,0.157558088,0.13457153,0.41399043,0.212090278,0.201900152,-0.57688168,-8.092398246
O=C1NC(=O)C2=C1CC1=C(c3ccccc3C1=O)N2c1ccc(O)cc1,,,,,,,,,,,,,,csd_UPAXAM,7.304290523,7.154759254,-1.341572089,-1.506312898,5.412891688,2.242,1.4861,0.313916153,0.164384884,0.149531269,0.34707025,0.164740809,0.182329441,-1.6462897,-7.059181388
O=C1NC(=O)C(c2csc3ccccc23)=C1c1csc2ccccc12,,,,,,,,,,,,,,csd_PEQQEK,7.648883719,7.421307162,-1.295432439,-1.588975961,6.359032066,3.0194,2.0094,0.476519778,0.248943221,0.227576557,0.57487756,0.293543522,0.281334039,-1.29526264,-7.654294706
O=C1NC(=O)C(c2csc3ccccc23)=C1c1csc(-c2cccc3ccccc23)c1,,,,,,,,,,,,,,csd_COQPAB,8.081698179,7.734941404,-1.276005949,-1.641072458,7.490754192,3.6563,2.1101,0.687647588,0.340890813,0.346756775,0.71445762,0.36506651,0.349391111,-0.786137346,-8.276891538
O=C1NC(=O)C(c2csc3ccccc23)=C1c1ccsc1,,,,,,,,,,,,,,csd_COQPEF,7.602652095,7.383097458,-1.286735948,-1.568204411,5.655617376,2.6706,1.8963,0.415686244,0.196131608,0.219554637,0.543611662,0.281468463,0.262143199,-1.669691504,-7.32530888
O=C1CCCc2c1nc1ccc(Cl)cc1c2-c1ccccc1,,,,,,,,,,,,,,csd_KUZHIY,8.391112206,8.181523744,-0.768534836,-0.962710216,7.85457061,3.2992,2.562,0.422441747,0.212853285,0.209588461,0.388938255,0.19417538,0.194762874,-0.63402562,-8.48859623
O=C1NC(=O)C(c2coc3ccccc23)=C1c1coc2ccccc12,,,,,,,,,,,,,,csd_PEQQIO,7.730745134,7.469182627,-1.220504761,-1.500695104,6.498898662,3.096,1.9136,0.53063645,0.269073942,0.261562508,0.555491343,0.280190344,0.275300999,-1.242472524,-7.741371186
O=C1NC(=O)C(c2cccs2)=C1c1cccs1,,,,,,,,,,,,,,csd_FOMVIO01,7.556847961,7.351888431,-1.436693347,-1.636250326,5.389489884,2.5905,1.4938,0.408589239,0.203629709,0.20495953,0.38589602,0.199556979,0.186339041,-1.814456152,-7.203946036
O=C1CCCc2c1cnc1nc3ccccc3n21,,,,,,,,,,,,,,csd_IWUJIT,7.917001426,7.727130726,-0.669186912,-0.869951723,6.475768972,3.3961,2.6406,0.392136955,0.202266255,0.1898707,0.412340548,0.200764811,0.211575737,-1.031584174,-7.507353146
O=C1CCCc2c1cnc1ccnn21,,,,,,,,,,,,,,csd_ISURIX01,8.378840055,8.214499607,-0.317589284,-0.523503743,6.95523384,3.4252,2.9142,0.355282678,0.190942231,0.164340448,0.414046295,0.20591446,0.208131835,-0.844097628,-7.799331468
O=C1NC(=O)c2cc(Br)c3c4c(Br)cc5c6c(cc(Br)c(c7c(Br)cc1c2c73)c64)C(=O)NC5=O,,,,,,,,,,,,,,csd_WUFKUF,7.981906356,7.852962416,-2.707468993,-2.884495476,5.590854244,2.6569,1.3749,0.259640294,0.130696354,0.12894394,0.35515775,0.177026484,0.178131267,-2.562769652,-8.153623896
O=C1NC(=O)c2c1c(-c1ccccc1)c1c3ccccc3c3ccccc3c1c2-c1ccccc1,,,,,,,,,,,,,,csd_EWIRUZ,7.630094792,7.430510874,-1.08979344,-1.25803037,6.267057534,3.2259,2.5492,0.361170654,0.161586735,0.199583918,0.340280734,0.16823693,0.172043804,-1.23403699,-7.501094524
O=C1NC(=O)c2cc(-c3nc4ccccc4s3)c(O)cc21,,,,,,,,,,,,,,csd_FOHZUA,8.068094928,7.937607013,-1.1676458,-1.370848018,6.273860384,3.4204,2.5287,0.269518577,0.139030662,0.130487915,0.410841799,0.203202218,0.207639581,-1.463701206,-7.73756159
O=C1NC(=O)c2cc(-c3csc(-c4ccc(O)cc4)c3)c(-c3csc(-c4ccc(O)cc4)c3)c3cccc1c23,,,,,,,,,,,,,,csd_HECBEY,7.148460087,6.960769183,-1.273421682,-1.407425038,5.539424698,3.1916,2.2057,0.390229708,0.202538804,0.187690904,0.26629457,0.134003356,0.132291214,-1.435129236,-6.974553934
O=C1NC(=O)c2cc(-c3ccc(O)cc3)c3c4ccc5c6c(cc(-c7ccc(O)cc7)c(c7ccc1c2c73)c64)C(=O)NC5=O,,,,,,,,,,,,,,csd_UBOWUF,7.065350485,6.919304724,-2.338993439,-2.478753638,4.630563938,2.2343,1.2357,0.29358706,0.147541299,0.146045761,0.276558982,0.139760199,0.136798783,-2.39324263,-7.023806568
O=C1NC(=O)c2cc(-c3ccc(-c4ccc(-c5ccc6c(c5)C(=O)NC6=O)o4)o3)ccc21,,,,,,,,,,,,,,csd_BUFJAP,7.190510135,7.058382189,-1.45383408,-1.596263174,5.382142806,2.9996,1.9925,0.265184345,0.133056399,0.132127946,0.29519226,0.142429094,0.152763167,-1.647106042,-7.029248848
O=C1NC(=O)c2c3c(c4c(c21)CCc1ccccc1-4)-c1c(cccc1N=Nc1ccccc1)CC3,,,,,,,,,,,,,,csd_KEBDEB,7.346049953,7.009796234,-1.308752147,-1.521496043,5.756843784,2.2466,1.4954,0.902003215,0.565749496,0.336253719,0.421257779,0.212743895,0.208513883,-1.430503298,-7.187347082
O=C1NC(=O)c2c3c(c4c(c21)CCc1ccc(O)cc1-4)-c1cc(O)ccc1CC3,,,,,,,,,,,,,,csd_GISBAN,8.214373891,7.851182246,-0.915842117,-1.201297594,8.553087248,4.3451,1.7587,0.639613481,0.276421837,0.363191644,0.570201826,0.285455477,0.284746348,-0.260957326,-8.814044574
O=C1NC(=O)c2c3c(c4c(c21)CCc1cc(-c2ccsc2)c(O)cc1-4)-c1cc(O)c(-c2ccsc2)cc1CC3,,,,,,,,,,,,,,csd_COJKAP,7.032105501,6.907336878,-1.313115767,-1.489428224,5.531533392,3.0449,2.2776,0.253153096,0.128384474,0.124768623,0.346603303,0.176312457,0.170290846,-1.426965816,-6.958499208
O=C1NC(=O)c2c3c(c4c(c21)CCc1cc(-c2ccccc2)c(O)cc1-4)-c1cc(O)c(-c2ccccc2)cc1CC3,,,,,,,,,,,,,,csd_GUCPIF,7.136372783,7.02164299,-1.305387186,-1.48942387,5.668406734,3.1117,2.3336,0.233560344,0.118830551,0.114729793,0.362050942,0.184036685,0.178014258,-1.419346624,-7.087753358
O=C1NC(=O)c2c3c(c4c(c21)CCc1cc(-c2ccc(O)cc2)c(O)cc1-4)-c1cc(O)c(-c2ccc(O)cc2)cc1CC3,,,,,,,,,,,,,,csd_COJJUI,6.877610056,6.742014834,-1.230206441,-1.410142096,5.452348218,3.0343,2.2989,0.272259309,0.136664086,0.135595223,0.355115573,0.179935655,0.175179918,-1.340705678,-6.793053896
O=C1NC(=O)c2c3[nH]c4ccccc4c3c3c4c(c5c([nH]c6ccccc65)c1c24)C(=O)NC3=O,,,,,,,,,,,,,,csd_FIVROT,7.336889508,7.294939869,-2.211597283,-2.343803054,4.84635034,2.2855,1.5297,0.085064469,0.043114831,0.041949638,0.263076278,0.132205771,0.130870507,-2.32793527,-7.17428561
O=C1NC(=O)c2c1cnc1ccccc21,,,,,,,,,,,,,,csd_MIRZUL,8.864248192,8.6860114,-1.349036938,-1.540783374,6.357127268,2.904,2.4571,0.356286343,0.178049551,0.178236792,0.382857377,0.191746436,0.191110941,-1.868878952,-8.22600622
O=C1CCCc2c1cnc1cc(-c3ccc(Cl)cc3)nn21,,,,,,,,,,,,,,csd_GEHXIB,8.147913856,8.012746396,-0.660455509,-0.842311472,7.549258702,3.6891,2.8981,0.282500591,0.147333132,0.135167459,0.366990628,0.181855963,0.185134665,-0.626134314,-8.175393016
O=C1NC(=O)c2c1ccc1ccccc21,,,,,,,,,,,,,,csd_BAYHOB,8.399775037,8.304951879,-1.014760726,-1.193856854,6.404475104,3.2952,2.3477,0.190809493,0.095986336,0.094823157,0.356916151,0.179096129,0.177820023,-1.50887213,-7.913347234
O=C1NC(=O)c2c1cc(=O)n1c2[nH]c2ccccc21,,,,,,,,,,,,,,csd_DOLQED,7.765069676,7.668541398,-0.679550047,-1.022126934,7.030609418,3.5058,2.3246,0.19797733,0.101449052,0.096528278,0.682604935,0.342576886,0.340028049,-0.738245282,-7.7688547
O=C1CCCc2c1cnc1cc(-c3ccc(O)cc3)nn21,,,,,,,,,,,,,,csd_GEHXOH,7.57059361,7.433579503,-0.528649392,-0.693365656,6.324745702,3.4213,2.8269,0.2815689,0.144554794,0.137014107,0.332184526,0.164716264,0.167468262,-0.866138862,-7.190884564
O=C1NC(=O)c2c1c[nH]c(=O)c2-c1ncc[nH]1,,,,,,,,,,,,,,csd_EMZPPO,7.772375039,7.604748951,-1.011101419,-1.276153108,5.799293568,2.93,1.943,0.336914439,0.169288351,0.167626088,0.527414212,0.265051689,0.262362523,-1.457986812,-7.25728038
O=C1NC(=O)c2c1c1ccccc1c1c2oc2ccccc21,,,,,,,,,,,,,,csd_KEBJOR,7.910005973,7.799964813,-1.338306884,-1.512202887,6.317398624,3.2202,2.1662,0.220903696,0.110862536,0.11004116,0.344853991,0.173896003,0.170957988,-1.483293414,-7.800692038
O=C1NC(=O)c2c1c1c3ccccc3n(C(=O)O)c1c1nccn21,,,,,,,,,,,,,,csd_NODLAT,7.971084655,7.779242652,-1.298266506,-1.626570143,7.408847878,3.4138,2.2114,0.385026072,0.193184069,0.191842003,0.651541598,0.328303636,0.323237962,-0.930901994,-8.339749872
O=C1CCCc2c1cnc1ccccc21,,,,,,,,,,,,,,csd_RAKNOJ,8.274966468,8.085489707,-0.551775626,-0.723850996,6.585703028,3.1124,2.7409,0.438072437,0.248595677,0.189476761,0.342617023,0.17207537,0.170541653,-0.99049496,-7.576197988
O=C1NC(=O)c2c1c1[nH]cnc1c1c2c2ccccc2n1C(=O)O,,,,,,,,,,,,,,csd_NODKUM,7.770940454,7.626831873,-1.020191577,-1.233431264,6.077394076,3.2047,2.5009,0.299139002,0.155030421,0.144108581,0.424814036,0.213239687,0.211574349,-1.403836126,-7.481230202
O=C1NC(=O)c2c1c(C(=O)O)n1ccccc21,,,,,,,,,,,,,,csd_REZGUA,8.036519691,7.900083853,-0.677995923,-0.91753336,6.430870162,3.3986,2.5548,0.276673297,0.14023746,0.136435837,0.486626011,0.239537437,0.247088573,-1.160294096,-7.591164258
O=C1NC(=O)c2c1c(-c1cccs1)c1nsnc1c2-c1cccs1,,,,,,,,,,,,,,csd_DONREF,7.377365921,7.163829902,-1.696219082,-1.868002473,5.203363908,2.4944,1.6664,0.421418598,0.207882579,0.213536019,0.334159802,0.171783391,0.16237641,-1.944526644,-7.147890552
O=C1NC(=O)c2c1c(-c1ccccc1O)c1ccccc1c2-c1ccccc1O,,,,,,,,,,,,,,csd_XEZDIP,7.491882105,7.281943977,-0.441808372,-0.730682962,6.567743504,3.4117,2.6054,0.408472774,0.198534647,0.209938128,0.505658834,0.28887459,0.216784244,-0.739605852,-7.307349356
O=C1Cn2c(nc3c(oc4ccccc43)c2=O)N1c1ccc(F)cc1,,,,,,,,,,,,,,csd_BUTFOM,7.823211376,7.635601291,-0.316437833,-0.532582337,6.875232324,4.0729,2.8592,0.405034342,0.217424256,0.187610086,0.459081352,0.216144504,0.242936848,-0.643821724,-7.519054048
O=C1Cc2ccccc2N1c1ccccc1,,,,,,,,,,,,,,csd_QABHUZ,7.608343277,7.462718477,0.721809406,0.611211256,7.573476848,4.3938,3.5086,0.299442491,0.15381769,0.1456248,0.224161581,0.11059815,0.113563431,0.38640188,-7.187074968
O=C1Cc2nncn2-c2ccc(Cl)cc2N1c1ccccc1,,,,,,,,,,,,,,csd_CADFUI,8.133976721,7.983443528,-0.102297721,-0.313530567,7.363949068,4.2784,3.3629,0.302544781,0.152011588,0.150533193,0.612918825,0.211232846,0.401685979,-0.405994088,-7.769943156
O=C1CCc2cc3ccccc3c(-c3ccccc3)c2-c2ccccc2N1,,,,,,,,,,,,,,csd_HUQFUW,7.447688886,7.300956038,-0.135200385,-0.355826607,6.944077166,4.0791,2.6433,0.281621935,0.134889087,0.146732849,0.438215651,0.220626222,0.217589429,-0.302318654,-7.24639582
O=C1CCc2cccc3c2c1cc1ccc2cc4c5c(cccc5c2c13)CCC4=O,,,,,,,,,,,,,,csd_FIQSUW,7.469283853,7.352902056,-1.277699314,-1.458027085,5.896982494,3.0881,2.137,0.239068204,0.122686407,0.116381797,0.359358102,0.180327771,0.179030331,-1.434585008,-7.331567502
O=C1CCc2ccc3oc(-c4ccccc4)cc3c2N1c1ccccc1,,,,,,,,,,,,,,csd_RARJEB,7.066603569,6.894520309,-0.175544007,-0.375943995,6.476857428,3.8012,2.5871,0.361767672,0.189684411,0.172083261,0.39781679,0.200399988,0.197416802,-0.388850906,-6.865708334
O=C1CCc2ccc3ccccc3c2O1,,,,,,,,,,,,,,csd_HIRMIH,7.756063954,7.560032239,0.123503619,-0.019183466,7.014282578,4.1289,2.6567,0.422583355,0.22655164,0.196031715,0.286171382,0.142687085,0.143484297,-0.293066778,-7.307349356
O=C1CCc2ccc3ccccc3c21,,,,,,,,,,,,,,csd_DOBYUQ,8.208479031,8.08786967,-0.264277035,-0.471054341,7.959062386,3.6695,2.5312,0.241654157,0.121044797,0.12060936,0.406775436,0.206777306,0.19999813,-0.251161222,-8.210223608
O=C1CCc2ccc3cc4c(cc3c2N1)OCO4,,,,,,,,,,,,,,csd_MIMMUR,7.252889848,7.058113096,0.273614056,0.057364761,6.78108088,3.9125,2.6368,0.395040493,0.200263741,0.194776752,0.424069696,0.216249295,0.207820401,-0.091974532,-6.873055412
O=C1CCc2ccc3c4c(n(-c5ccc(Cl)cc5)c1c24)C(=O)c1ccoc1-3,,,,,,,,,,,,,,csd_HOBSEZ01,7.509279985,7.361418408,-1.531136225,-1.746584662,6.14161298,3.0543,1.5251,0.308078491,0.160216914,0.147861577,0.423448841,0.215448436,0.208000404,-1.446013796,-7.587626776
O=C1CCc2ccc3c([nH]c4ccccc43)c2O1,,,,,,,,,,,,,,csd_NEBLOX,7.410593625,7.270130311,0.330603136,0.197572805,7.029520962,3.9606,3.1641,0.302228775,0.16176546,0.140463315,0.271326475,0.13303033,0.138296144,-0.003537482,-7.033058444
O=C1CCc2ccc(O)c(-c3ccccc3)c21,,,,,,,,,,,,,,csd_YANPIN,7.62415691,7.438424629,-0.064157189,-0.333786189,6.750604112,3.2553,2.806,0.367870427,0.182138145,0.185732281,0.517099159,0.269629001,0.247470159,-0.481369666,-7.231973778
O=C1CCCc2nc3c(cnn3-c3ccccc3)c(-c3ccc(O)cc3)c21,,,,,,,,,,,,,,csd_MAYSAI,7.452438092,7.214606918,-0.655430651,-0.894180482,6.307874634,2.9984,2.6089,0.643810295,0.405979122,0.237831173,0.475640034,0.23874983,0.236890203,-0.840560146,-7.14843478
O=C1CCc2cc3ccccc3c(-c3ccccc3)c2-c2ccccc2O1,,,,,,,,,,,,,,csd_NUVDAL,7.442227286,7.298904298,-0.164782714,-0.382484255,6.544069586,4.0065,2.665,0.274179889,0.130856901,0.143322988,0.435484443,0.21770154,0.217782902,-0.51293489,-7.057004476
O=C1CCCc2nc3ccc(Cl)cc3c(-c3ccccc3)c21,,,,,,,,,,,,,,csd_DUJMUR01,7.901271359,7.68141005,-0.915052986,-1.097768013,6.282840146,2.8711,2.5225,0.540150644,0.320289335,0.219861309,0.386223101,0.182715027,0.203508074,-1.173355568,-7.456195714
O=C1CCCc2nc3ccccc3c(-c3ccc(Br)cc3)c21,,,,,,,,,,,,,,csd_TAQVIR,7.775526119,7.559393316,-0.871899515,-1.06640633,6.269234446,2.8982,2.5498,0.514229608,0.298096805,0.216132803,0.422191674,0.194506815,0.227684859,-1.13335481,-7.402589256
O=C1CCCc2nn(-c3ccc(Cl)c(Cl)c3)c(-c3cccs3)c21,,,,,,,,,,,,,,csd_VAWQIV,7.758137218,7.535341159,-0.548775841,-0.883527763,6.691827488,3.4131,2.7109,0.464148659,0.241352601,0.222796059,0.632396746,0.334751922,0.297644824,-0.757565376,-7.449392864
O=C1CCCc2nc3ccccc3nc2-c2ccc3ccccc3c2O1,,,,,,,,,,,,,,csd_NAQDOA,7.758036536,7.544510041,-0.667309244,-0.82040439,6.56747139,3.1599,2.6156,0.585107686,0.371581191,0.213526495,0.329339574,0.153095146,0.176244428,-0.957569166,-7.525040556
O=C1CCc2cc3ccccc3c(-c3cccc4ccccc34)c21,,,,,,,,,,,,,,csd_PAQXIP,7.38004921,7.225723755,-0.577544386,-0.765898024,6.300255442,3.0908,2.4589,0.344233734,0.189908279,0.154325455,0.380344377,0.188353637,0.19199074,-0.833213068,-7.13346851
O=C1CCc2cc3ccc4ccccc4c3nc2N1,,,,,,,,,,,,,,csd_DUXCOP,7.716211145,7.530200926,-0.079857432,-0.259669737,7.693207008,3.9801,2.7159,0.386119915,0.200109697,0.186010219,0.357620926,0.179812305,0.177808621,-0.02857197,-7.721778978
O=C1CCCc2nc3ccccc3nc2-c2ccccc2O1,,,,,,,,,,,,,,csd_NAQDIU,8.185297693,7.892805838,-0.582006049,-0.735184653,6.819721068,3.1749,2.6251,0.682650677,0.390158822,0.292491856,0.301522285,0.153178603,0.148343682,-0.939337528,-7.759058596
O=C1CCCc2nc3ncccn3c21,,,,,,,,,,,,,,csd_MURREY,8.409489017,8.250272693,-0.176890645,-0.369836342,7.091018726,3.6298,2.9494,0.325195741,0.165979417,0.159216323,0.398213832,0.192945697,0.205268135,-0.736340484,-7.82735921
O=C1CCc2cc(O)c(O)c(O)c2-c2ccc(O)c(=O)cc21,,,,,,,,,,,,,,csd_KUWYUW,7.29462204,7.080007089,-0.445037549,-0.755143017,6.143245664,3.0408,1.9417,0.427273947,0.212658996,0.214614951,0.717862583,0.310105468,0.407757115,-0.801919958,-6.945165622
O=C1CCc2cc(O)c(O)c(O)c2-c2ccc(=O)c(O)cc21,,,,,,,,,,,,,,csd_KUWZAD,7.333848634,7.146584405,-0.753207198,-1.132261456,5.88582582,2.9305,1.845,0.385007568,0.197743339,0.187264229,0.682002039,0.379054258,0.302947782,-1.099068446,-6.984894266
O=C1CCCc2nc3oc4ccc(Cl)cc4c(=O)c3cc21,,,,,,,,,,,,,,csd_LERYUE,8.429049795,8.295974076,-1.044161283,-1.152722796,6.6259759,3.2605,2.86,0.300249227,0.167173508,0.133075719,0.217020983,0.108561513,0.10845947,-1.357576746,-7.983552646
O=C1CCc2cc(O)c(O)c(O)c2-c2c1[nH]c1ccccc21,,,,,,,,,,,,,,csd_COHYOP,7.25440087,7.026238451,-0.343999172,-0.582392533,6.875232324,3.5859,2.3869,0.472729774,0.244567356,0.228162419,0.465752771,0.238393361,0.22735941,-0.347217464,-7.222449788
O=C1CCCc2nc3oc4ccccc4c(=O)c3cc21,,,,,,,,,,,,,,csd_LESTEK,8.48659543,8.386026722,-0.859890635,-0.962664419,6.704072618,3.261,2.863,0.17654789,0.075979181,0.100568708,0.205874622,0.102773784,0.103100838,-1.193764118,-7.897836736
O=C1CCc2cc(Nc3ccccc3)ccc2N1,,,,,,,,,,,,,,csd_NOTKIS,6.790204672,6.624874872,0.785357358,0.656941483,6.916865766,3.9123,3.0232,0.35556184,0.19023204,0.1653298,0.295144532,0.128415876,0.166728656,0.48164178,-6.435223986
O=C1CCc2ccccc2N1c1ccccc1,,,,,,,,,,,,,,csd_KALQAQ,7.782061154,7.564815269,1.110918657,0.876563713,8.8845221,4.8285,3.4339,0.422893347,0.205647462,0.217245885,0.461126072,0.234354944,0.226771127,1.083285834,-7.801236266
O=C1CCc2ccccc2N1c1ccccn1,,,,,,,,,,,,,,csd_RAVHUU,7.901619012,7.626800443,0.761710135,0.516401078,8.59744183,4.7303,3.4601,0.574870023,0.300051455,0.274818568,0.50310118,0.245309057,0.257792123,0.675114834,-7.922326996
O=C1CCc2cnn(-c3ccccc3)c2N1,,,,,,,,,,,,,,csd_SAZNIR,7.900586829,7.596538401,1.037131871,0.391360994,7.45456303,4.4655,3.525,0.623308845,0.319260417,0.304048428,0.814391215,0.645770877,0.168620338,0.163812628,-7.290750402
O=C1CCc2coc(-c3ccccc3)c21,,,,,,,,,,,,,,csd_DUDWIJ,7.745767242,7.58673582,-0.258223533,-0.425902629,6.604478894,3.5221,2.5095,0.321354988,0.162323566,0.159031422,0.33611543,0.167679096,0.168436335,-0.687904192,-7.292383086
O=C1CN=C(c2ccccc2)c2ccccc2N1,,,,,,,,,,,,,,csd_UQEZEW,8.595889229,8.287978905,-0.013175052,-0.284545338,9.015681048,4.3123,3.0392,0.636157035,0.32824671,0.307910325,0.544179645,0.271370285,0.27280936,0.242725688,-8.77295536
O=C1CN=C(c2ccccc2)c2cc(Cl)ccc2N1c1ccccc1,,,,,,,,,,,,,,csd_FIXTUB,7.719564514,7.557811517,-0.460438113,-0.710176451,6.782985678,3.6809,3.0224,0.32654578,0.164792783,0.161752997,0.521477365,0.249738338,0.271739027,-0.685183052,-7.46816873
O=C1CN=C(c2ccccc2)c2cc(Cl)ccc2N1,,,,,,,,,,,,,,csd_BIZSAE,8.126997269,7.891861385,-0.383092702,-0.599552314,7.025167138,3.7674,3.0276,0.571555321,0.336419436,0.235135884,0.435740774,0.216459612,0.219281162,-0.691985902,-7.71715304
O=C1CN=C(c2ccccc2)c2cc(Br)ccc2N1,,,,,,,,,,,,,,csd_BUVLEK,8.106426267,7.884564648,-0.411293236,-0.62737461,7.011289324,3.7672,3.0267,0.535761989,0.31390037,0.221861619,0.436068399,0.216081374,0.219987026,-0.704231032,-7.715520356
O=C1CN=C(c2ccc3ccccc3c2)O1,,,,,,,,,,,,,,csd_FAWFOA,8.14180857,8.038467183,-0.415485043,-0.61741736,6.894280304,3.9565,2.6231,0.207999588,0.104658201,0.103341387,0.409573584,0.201932316,0.207641268,-0.803280528,-7.697560832
O=C1CN=C(c2ccc(O)cc2)c2cc(Cl)ccc2N1,,,,,,,,,,,,,,csd_WEDMEY,7.813220711,7.661163408,-0.264396031,-0.495041762,6.835231566,3.805,2.945,0.33192112,0.179863817,0.152057303,0.469116917,0.230645731,0.238471186,-0.56599712,-7.401228686
O=C1CN=C(c2ccc(F)cc2)c2cc(Cl)ccc2N1,,,,,,,,,,,,,,csd_FLDAZP,8.147959843,7.939293032,-0.433109432,-0.655621131,7.021085428,3.7806,3.0172,0.556065775,0.347398964,0.208666811,0.450314112,0.2225117,0.227802412,-0.744776018,-7.765861446
O=C1CN=C(c2c(Cl)cccc2Cl)c2cc(Cl)ccc2N1,,,,,,,,,,,,,,csd_GAHGOL,8.158708074,7.93655366,-0.29683338,-0.637033568,7.09401198,3.8373,3.1362,0.481721509,0.259567096,0.222154414,0.626121525,0.340200188,0.285921336,-0.635114076,-7.729126056
O=C1CN2C=Cc3ccccc3C2=C1C(=NO)c1ccccc1,,,,,,,,,,,,,,csd_MIXYOK,6.849900062,6.723163946,-0.369530758,-0.581180156,5.963650424,3.0439,2.1608,0.285825824,0.159089709,0.126736116,0.431385916,0.211649398,0.219736518,-0.631032366,-6.59468279
O=C1CN2C(=NN1)CN=C(c1ccccc1Cl)c1cc(Cl)ccc12,,,,,,,,,,,,,,csd_SEMVUC,7.471180216,7.274001513,-0.474361098,-0.753003385,6.350596532,3.3036,2.846,0.435326617,0.238147914,0.197178702,0.537079565,0.278642287,0.258437278,-0.718925188,-7.06952172
O=C1CN2C(=C(C(=O)O)Cc3c2sc2ccccc2c3=O)N1,,,,,,,,,,,,,,csd_TAYMAJ,7.430266515,7.26492379,-0.532893636,-0.679971797,6.300255442,3.2642,2.4217,0.342556968,0.177214242,0.165342725,0.30129224,0.147078161,0.154214079,-0.831852498,-7.13210794
O=C1CN(c2ccccc2)c2ccccc21,,,,,,,,,,,,,,csd_OBUMUV,7.266927529,7.209685029,-0.052839233,-0.295614717,6.336446604,3.2376,2.5951,0.117640923,0.060398423,0.0572425,0.463649766,0.242775485,0.220874281,-0.543139544,-6.879586148
O=C1CN(c2ccccc2)N=C(c2ccccc2)O1,,,,,,,,,,,,,,csd_MORYAU,7.168619979,7.032815174,-0.181937108,-0.386056921,6.35930418,3.5572,2.4713,0.254900721,0.119095917,0.135804805,0.428520773,0.204119814,0.22440096,-0.49116577,-6.85046995
O=C1CN(c2ccccc2)C(c2ccc(O)cc2)=C1C(=O)c1ccc(O)cc1,,,,,,,,,,,,,,csd_HAHBAU,7.267553228,6.970918763,-0.468812965,-0.892732835,6.456176764,3.1227,2.5303,0.726923979,0.430289514,0.296634465,0.793998992,0.42391987,0.370079122,-0.591031608,-7.047208372
O=C1CN(c2ccccc2)C(=O)C2=Cc3ccccc3CN12,,,,,,,,,,,,,,csd_IMAROF,7.534591921,7.280601203,-0.580803006,-0.900135125,6.380529072,3.5167,2.2182,0.543145476,0.289154758,0.253990718,0.635559118,0.319332119,0.316226999,-0.851172592,-7.231701664
O=C1CN(c2ccccc2)C(=O)C(=Cc2ccccc2)N1,,,,,,,,,,,,,,csd_NEQCOE,7.709262659,7.499383281,-0.50945847,-0.885490821,6.618900936,3.8332,2.4132,0.481993052,0.272113673,0.209879379,0.717305647,0.37603235,0.341273297,-0.785593118,-7.404494054
O=C1CN(C(=O)Nc2ccc(O)cc2)C=Cc2ccccc21,,,,,,,,,,,,,,csd_KACKII,7.557973833,7.253020354,-0.414765928,-0.71545549,7.23279012,3.4133,2.4627,0.690755838,0.385802358,0.304953479,0.608261486,0.300689562,0.307571924,-0.336605018,-7.569395138
O=C1CCn2nnc(-c3ccccc3)c2-c2ccccc21,,,,,,,,,,,,,,csd_EDALAZ,8.062163659,7.830369362,-0.564668088,-0.852534114,7.452930346,3.6633,3.0184,0.459844768,0.228050471,0.231794297,0.530335628,0.287866026,0.242469602,-0.615521868,-8.068452214
O=C1CCn2c1ccc2C(=O)c1ccc(O)cc1,,,,,,,,,,,,,,csd_MISWUH,8.172674869,7.995008781,-0.487734249,-0.675507903,6.832510426,3.4157,2.8209,0.571112945,0.393446857,0.177666088,0.377524025,0.187773653,0.189750371,-0.897159858,-7.729670284
O=C1CCn2c(nc3ccccc32)N1,,,,,,,,,,,,,,csd_BOGREV,7.85163567,7.606640851,0.75029898,0.578631591,7.533203976,4.608,3.4469,0.499713333,0.254718514,0.244994819,0.364284781,0.171667389,0.192617392,0.240276662,-7.292927314
O=C1CCn2c(-c3ccccc3)cc3cc(Br)cc1c32,,,,,,,,,,,,,,csd_IJUMIL,7.818767483,7.573800119,-0.428039676,-0.654763428,7.620824684,3.7032,2.6286,0.485833696,0.240866333,0.244967363,0.437663532,0.226723752,0.21093978,-0.3537482,-7.974572884
O=C1CCc2sc(-c3ccccc3)nc2O1,,,,,,,,,,,,,,csd_KUKNAH,7.844787567,7.597884657,-0.287849808,-0.492621852,6.72937922,3.9551,2.5721,0.518607651,0.271704741,0.24690291,0.408870877,0.204772044,0.204098834,-0.681101342,-7.410480562
O=C1CCc2oc3c4ccccc4c4ccccc4c3c21,,,,,,,,,,,,,,csd_HUQRUH,7.556115458,7.430365592,0.26969507,-0.026329968,7.713887672,4.0686,2.798,0.252220018,0.126470152,0.125749866,0.467274433,0.296025038,0.171249395,0.149118472,-7.5647692
O=C1CCc2cc(Br)c3ccccc3c21,,,,,,,,,,,,,,csd_HUDDIU,8.034719602,7.933006926,-0.636603356,-0.792140997,6.618356708,3.2507,2.4794,0.205634373,0.103921697,0.101712676,0.30697262,0.155537641,0.151434978,-1.017978474,-7.636335182
O=C1CCc2cc(-c3ccccc3)ccc2N1,,,,,,,,,,,,,,csd_NOTKOY,7.754578429,7.473700563,0.537686189,0.166488461,8.395261128,4.7334,3.1229,0.552965717,0.27208785,0.280877867,0.650099938,0.371197728,0.27890221,0.601916168,-7.79334496
O=C1CN=C(c2ccccc2-c2ccc(O)cc2)c2ccccc2N1,,,,,,,,,,,,,,csd_HEJKOZ,7.860314392,7.577300594,-0.012547449,-0.296736235,7.951987422,4.1991,3.2192,0.54138713,0.258373331,0.283013798,0.551863791,0.284188787,0.267675004,0.101226408,-7.850761014
O=C1CCNc2ccc3c4c(ccc1c24)C=C3,,,,,,,,,,,,,,csd_XAJSEI,7.037671321,6.864718601,-0.86698998,-1.052591021,5.38241492,2.3336,1.6609,0.325063684,0.152110964,0.17295272,0.374517682,0.185601041,0.188916641,-1.241928296,-6.624343216
O=C1CCOc2ccc(O)cc21,,,,,,,,,,,,,,csd_TAGXIL,8.015510204,7.693403882,0.16190198,-0.105804182,8.219747598,3.85,2.8964,0.642826902,0.320720581,0.322106321,0.533350733,0.267706161,0.265644571,0.210072008,-8.00967559
O=C1CCOc2cc3oc(=O)ccc3c(O)c21,,,,,,,,,,,,,,csd_IKADUU,8.051683053,7.86373941,-0.495654889,-0.825375232,6.58379823,3.4779,2.6902,0.387280999,0.199337356,0.187943643,0.806286245,0.329720343,0.476565901,-0.997025696,-7.580823926
O=C1CCOc2cc3ccccc3cc21,,,,,,,,,,,,,,csd_BIKMIR,7.723051492,7.554030112,-0.448810682,-0.610516794,6.367739714,3.3083,2.3941,0.337625119,0.168603739,0.16902138,0.321562338,0.161706112,0.159856226,-0.888180096,-7.25591981
O=C1CCOc2c1ccc1ccccc21,,,,,,,,,,,,,,csd_DUKVOU,7.71797379,7.559423248,-0.203177973,-0.400692083,6.600397184,3.5502,2.5598,0.323343461,0.164792919,0.158550542,0.394197728,0.19751411,0.196683618,-0.66395816,-7.264355344
O=C1CCOc2c1ccc1c2[nH]c2ccccc21,,,,,,,,,,,,,,csd_BOGTIB,7.493790984,7.334161919,-0.093697748,-0.301310771,7.35252028,3.7495,2.8983,0.340137248,0.180508182,0.159629066,0.412623356,0.207613023,0.205010334,-0.136601228,-7.489121508
O=C1CCOC1=C(c1ccc(O)cc1)c1ccc(O)cc1,,,,,,,,,,,,,,csd_HOFLUL,6.891687275,6.581510159,-0.276803177,-0.545285925,5.959024486,3.0959,1.9494,0.596174726,0.28599761,0.310177116,0.522627509,0.268482748,0.254144762,-0.633209278,-6.592233764
O=C1CCNc2nc3ccccc3n21,,,,,,,,,,,,,,csd_EFECAT,7.783465263,7.436675126,0.833396201,0.55717747,8.646966578,4.6682,3.2783,0.655624424,0.308834288,0.346790136,0.984369728,0.276218731,0.708150997,0.828859244,-7.818107334
O=C1CCNc2ccccc21,,,,,,,,,,,,,,csd_PAVVIT,7.850725231,7.60395699,0.428567849,0.16565367,8.423560984,3.9009,3.0185,0.424256393,0.177488152,0.246768241,0.522232182,0.262914179,0.259318002,0.494159024,-7.92940196
O=C1CCCc2oc3c(-c4cccc(Br)c4)nc4ccccc4c3c21,,,,,,,,,,,,,,csd_WAMDEW,7.727446568,7.597690096,-0.728613535,-0.861101488,6.600397184,3.7382,2.6347,0.265985993,0.13622952,0.129756472,0.264822977,0.132487953,0.132335025,-0.899608884,-7.500006068
O=C1CCNc2cccc(-c3ccccc3)c2N1,,,,,,,,,,,,,,csd_YARNEM,7.245331065,6.802733263,0.479382472,0.131688727,6.947886762,3.8893,3.2307,0.645319031,0.202721229,0.442597802,0.6288191,0.347693745,0.281125354,0.17415296,-6.773733802
O=C1CCNc2ccc3c4c(ccc1c24)CC3,,,,,,,,,,,,,,csd_XAJSIM,6.7397912,6.535162043,-0.156624954,-0.334731976,5.77834079,2.8364,1.9901,0.34624316,0.141614003,0.204629157,0.350715571,0.178107021,0.17260855,-0.548037596,-6.326378386
O=C1CCNc2c1cc(-c1ccccc1)cc2-c1ccccc1,,,,,,,,,,,,,,csd_JEDDUU,7.049686269,6.828173147,-0.101999048,-0.312557079,6.400937622,3.3101,2.6424,0.398871368,0.177358245,0.221513123,0.405678817,0.210558031,0.195120786,-0.379871144,-6.780808766
O=C1CCCc2oc(-c3ccccc3)nc21,,,,,,,,,,,,,,csd_MIYTUM,8.064214637,7.897156152,0.100334663,-0.109595247,7.246667934,3.664,3.0529,0.354339857,0.187281372,0.167058485,0.419554726,0.20992991,0.209624816,-0.319189722,-7.565857656
O=C1CCN2C(=C1C(=O)c1ccccc1)C=Cc1ccccc12,,,,,,,,,,,,,,csd_MAYDUO,7.239086647,6.977899957,-0.832846993,-1.158244044,6.39603957,3.1368,2.0835,0.592342871,0.33115618,0.261186691,0.63396268,0.325397051,0.30856563,-0.854982188,-7.251021758
O=C1CCCc2oc3c4ccccc4c4ccccc4c3c21,,,,,,,,,,,,,,csd_HUQROB,7.506336392,7.370370496,0.310005874,0.021261165,7.96069507,3.9759,2.7763,0.271892771,0.135926875,0.135965896,0.644611671,0.28874471,0.355866961,0.333067536,-7.627627534
O=C1CCCc2oc3ccccc3c(=O)c21,,,,,,,,,,,,,,csd_KOLREK,7.798972522,7.486543337,-0.19978267,-0.418974035,6.428421136,2.8929,2.6094,0.814460876,0.50203169,0.312429186,0.527589263,0.219191364,0.308397898,-0.633481392,-7.061902528
O=C1CCCc2oc3ccccc3c21,,,,,,,,,,,,,,csd_FIYSUD,8.118819155,7.972583377,0.366006065,0.135409478,7.407215194,3.6943,3.1381,0.309311467,0.163075689,0.146235778,0.639916235,0.230596587,0.409319648,-0.162724172,-7.569939366
O=C1CCN1c1cccc2cccnc12,,,,,,,,,,,,,,csd_NIVVAR,7.905924127,7.58000674,0.022569598,-0.22545151,9.17568408,4.6674,1.7594,0.675774275,0.349856888,0.325917387,0.49401943,0.248021108,0.245998321,0.564092322,-8.611591758
O=C1CCN1c1c[nH]c2ccccc12,,,,,,,,,,,,,,csd_LEMKEU,7.159363341,6.87670076,1.147689558,0.963148428,8.356893054,4.5316,2.9326,0.582313919,0.299651338,0.282662581,0.370631622,0.18454113,0.186090492,1.158933526,-7.197959528
O=C1CCCn2cccc21,,,,,,,,,,,,,,csd_WANSUB,8.27719421,8.102378299,0.821218882,0.617867572,7.519326162,3.7098,3.1229,0.383914622,0.209098711,0.174815911,0.413753255,0.203351309,0.210401946,0.07347078,-7.445855382
O=C1CCCn2c(=O)n(c(=O)c3ccccc32)-c2ccccc2C1=O,,,,,,,,,,,,,,csd_IWIGIF,8.012195366,7.886726866,-0.728031211,-1.163949675,6.469782464,2.7661,2.2316,0.271203234,0.145734734,0.1254685,0.949136353,0.435918465,0.513217889,-1.135259608,-7.605042072
O=C1CCCn2c(=O)n(c(=O)c3cc(O)ccc32)-c2ccccc2C1=O,,,,,,,,,,,,,,csd_IWIGUR,7.673327448,7.445759598,-0.689739873,-1.118381193,6.212090506,2.769,2.2345,0.505110524,0.277542674,0.22756785,0.939492361,0.42864132,0.510851041,-1.08029258,-7.292383086
O=C1CCCc2snc(-c3ccc(Cl)cc3)c21,,,,,,,,,,,,,,csd_CAGGOJ,8.013025313,7.864372428,-0.086692799,-0.400735213,6.991152888,3.5136,3.0096,0.312595311,0.163942426,0.148652885,0.583230372,0.314042414,0.269187958,-0.609807474,-7.600960362
O=C1CCCc2onc(-c3ccccc3O)c21,,,,,,,,,,,,,,csd_GOQQOU,7.795971295,7.600874592,-0.030702623,-0.259024174,6.578900178,3.7292,2.9985,0.415634679,0.220537975,0.195096704,0.540574761,0.228321551,0.31225321,-0.587222012,-7.16612219
O=C1CCCc2oc(=O)cc(-c3c(O)ccc4cc(Br)ccc34)c21,,,,,,,,,,,,,,csd_BEQHAJ,7.237194557,7.042819173,-0.468126422,-0.810837678,6.218349128,3.1437,2.4601,0.43203948,0.237664096,0.194375384,0.646213334,0.342711256,0.303502078,-0.767089366,-6.985438494
O=C1CCOc2ccc3ccccc3c21,,,,,,,,,,,,,,csd_UGIYAM,7.909982272,7.742902072,-0.346785537,-0.54963564,7.059453502,3.4419,2.5263,0.344665661,0.17758546,0.1670802,0.403079584,0.202850102,0.200229481,-0.592392178,-7.65184568
O=C1CCOc2ccccc21,,,,,,,,,,,,,,csd_NONMAH,8.462177825,8.251879527,0.127417707,-0.077721037,7.203129694,3.5394,3.0371,0.414837603,0.204539305,0.210298298,0.408111543,0.205138744,0.202972799,-0.533615554,-7.736745248
O=C1CCSc2c(-c3ccccc3)nc(-c3ccc(F)cc3)n21,,,,,,,,,,,,,,csd_PEYMUC,7.108994033,6.884659986,-0.362296117,-0.629079132,6.198212692,3.2267,2.3985,0.42873139,0.204397343,0.224334047,0.526272013,0.266783015,0.259488999,-0.65715531,-6.855368002
O=C1CCCc2oc(-c3ccccc3F)cc21,,,,,,,,,,,,,,csd_MIYVAU,7.848035602,7.642817618,0.325344342,0.123564627,8.277979994,3.9571,2.866,0.411421538,0.206203554,0.205217984,0.403366093,0.201779715,0.201586378,0.377966346,-7.900013648
O=C1CCc2cc(-c3ccccc3)c3c(c21)COC3=O,,,,,,,,,,,,,,csd_EKEZOL,8.795142229,8.532214961,-0.594238145,-0.894587592,8.877447136,3.9051,2.9313,0.503666061,0.240738793,0.262927268,0.595157645,0.300349447,0.294808199,-0.25986887,-9.137316006
O=C1CCc2cc(-c3cc4ccccc4c(-c4c(O)ccc5ccccc45)c3O)ccc21,,,,,,,,,,,,,,csd_LEZLEI01,7.020715897,6.805346918,-0.586929217,-0.821380191,6.052359588,3.3962,2.5452,0.380799597,0.165430618,0.215368979,0.449095313,0.234450973,0.21464434,-0.840288032,-6.89264762
O=C1CCc2cc(-c3cc(O)cc(=O)o3)c(O)cc2O1,,,,,,,,,,,,,,csd_LEBXOG,7.991418645,7.735740576,-0.301672737,-0.627258444,8.238523464,4.2144,2.512,0.533996133,0.278318063,0.25567807,0.651562034,0.325585707,0.325976327,-0.006530736,-8.2450542
O=C1CCc2c1cnc1ccc(Br)cc21,,,,,,,,,,,,,,csd_XELZUM,8.630613887,8.477188123,-0.70599814,-0.888729222,7.402045028,3.4681,2.7772,0.311660056,0.158234291,0.153425765,0.369508499,0.182731082,0.186777417,-0.879472448,-8.281517476
O=C1CCCc2oc(-c3ccccc3O)nc21,,,,,,,,,,,,,,csd_GOQQUA,8.262574205,7.999373544,0.220706577,-0.098377402,9.584127194,4.2319,2.7393,0.608504157,0.345303496,0.263200661,0.635931262,0.319083978,0.316847283,0.788314258,-8.795812936
O=C1CCc2c1ccc1ccccc21,,,,,,,,,,,,,,csd_LEQJAS,8.233538118,8.105696376,-0.124390031,-0.33330403,8.11035777,3.7714,2.6104,0.255406962,0.12756522,0.127841742,0.418157883,0.208914,0.209243883,-0.125988782,-8.236346552
O=C1CCc2c1ccc1c2ccc2ccccc21,,,,,,,,,,,,,,csd_VEFXAF,7.853034663,7.735817666,-0.352834768,-0.512461847,6.823530664,3.4653,2.7142,0.235680357,0.11846336,0.117216997,0.325480481,0.159627079,0.165853401,-0.697428182,-7.520958846
O=C1CCc2c1ccc1c2C(=O)c2occ3c2C1CC=C3,,,,,,,,,,,,,,csd_MUMPIU,8.476740604,8.216259396,-0.55706593,-0.743578227,8.104099148,3.6049,2.8402,0.551100892,0.290619684,0.260481208,0.378832703,0.186512296,0.192320406,-0.454158266,-8.558257414
O=C1CCCc2oc(=O)c3c(Br)cccc3c21,,,,,,,,,,,,,,csd_WANYES,8.21522724,8.053916156,-0.379561206,-0.604216892,7.01373835,3.5584,2.9065,0.357364051,0.196052967,0.161311084,0.582584373,0.224655686,0.357928687,-0.792123854,-7.805862204
O=C1CCc2c1c1c3ccccc3ccc1c1ccc3ccccc3c21,,,,,,,,,,,,,,csd_DUHXOV,7.242073833,7.138163837,-0.867202011,-1.042031175,6.03548852,3.1062,2.3424,0.210757463,0.106847467,0.103909996,0.371928953,0.174829163,0.197099789,-1.030223604,-7.065712124
O=C1CCc2c1c(=O)oc1c3c(cc(O)c21)OC1OCCC31,,,,,,,,,,,,,,csd_DIHATO10,8.036504398,7.830100214,-0.593856696,-0.84675591,7.482318658,3.4934,2.6722,0.425107647,0.218703464,0.206404183,0.500614657,0.252899214,0.247715442,-0.55375199,-8.036070648
O=C1CCCc2oc(=O)c3ccccc3c21,,,,,,,,,,,,,,csd_ZIJKAG01,8.286533108,8.111982263,-0.200330245,-0.456605687,7.153060718,3.5439,2.9158,0.383057354,0.208506509,0.174550845,0.580345555,0.256275441,0.324070114,-0.664230274,-7.817290992
O=C1CCc2c1[nH]c1ccc(Cl)cc21,,,,,,,,,,,,,,csd_NASSAE,8.142614164,7.981697373,-0.038410796,-0.27205223,8.117704848,3.9183,2.7351,0.350682564,0.189765773,0.160916791,0.460769548,0.233641434,0.227128114,-0.046531494,-8.164236342
O=C1CCc2c(sc3cc(Cl)ccc3c2=O)N1c1ccccc1,,,,,,,,,,,,,,csd_CIYTEK,7.902394373,7.693198572,-0.428583087,-0.687807319,7.365037524,3.6858,2.7502,0.452314694,0.243118893,0.209195801,0.609499985,0.259224232,0.350275753,-0.513751232,-7.878788756
O=C1CCc2c(ccc3ccccc23)N1,,,,,,,,,,,,,,csd_JAWBEP,7.508547563,7.35398858,0.113772877,-0.020460905,6.78516259,3.835,2.5747,0.321111826,0.166552843,0.154558983,0.267129797,0.134233782,0.132896015,-0.290617752,-7.075780342
O=C1CCc2c(c3ccccc3oc2=O)O1,,,,,,,,,,,,,,csd_WUTPUW,8.663304901,8.448178621,-0.434312638,-0.717287035,8.310633674,4.4346,2.8168,0.466600733,0.251474452,0.215126281,0.56026629,0.282974396,0.277291894,-0.38912302,-8.699756694
O=C1CCc2c(c(-c3ccccc3)n[nH]c2=O)N1,,,,,,,,,,,,,,csd_BARQOA,8.135330896,7.98028638,-0.278662641,-0.532429763,6.929927238,3.7374,2.6322,0.321649442,0.166604926,0.155044516,0.505875954,0.253767122,0.252108832,-0.705863716,-7.635790954
O=C1CCc2c(c(-c3ccccc3)cc3ccccc23)O1,,,,,,,,,,,,,,csd_WUKWUW,7.655657779,7.529672208,-0.205119098,-0.384470469,6.908702346,3.9684,2.6245,0.252872955,0.126887384,0.125985571,0.359045253,0.179351371,0.179693881,-0.469124536,-7.377826882
O=C1CCc2c(C#Cc3ccncc3)cccc21,,,,,,,,,,,,,,csd_XIGKAC,8.216828332,8.088648787,-0.838445466,-0.983414635,6.67087471,3.3976,2.6641,0.256790063,0.128610519,0.128179545,0.292823018,0.144969169,0.147853849,-1.148048966,-7.818923676
O=C1CCc2c(Br)c(O)c(O)c(O)c2-c2cc3cc[nH]c3cc21,,,,,,,,,,,,,,csd_HAZCOC,7.385901865,7.072591982,-0.083251373,-0.373160813,6.466244982,3.5081,2.8734,0.493384588,0.180074705,0.313309883,0.528435592,0.289909439,0.238526153,-0.440552566,-6.906797548
O=C1CCc2c(-c3ccccc3)n[nH]c2O1,,,,,,,,,,,,,,csd_FUDRED,8.033255629,7.733082349,0.794545043,0.559984026,7.882598352,4.8866,3.3933,0.605567258,0.305393978,0.30017328,0.534113985,0.234561016,0.299552969,0.350210718,-7.532387634
O=C1CCSc2sc(-c3csc4ccccc34)c(-c3csc4ccccc34)c21,,,,,,,,,,,,,,csd_BUWGOR,6.998578607,6.758537868,-0.178124464,-0.392488254,6.407740472,3.3903,2.6107,0.451402023,0.211361284,0.240040739,0.51422335,0.21436379,0.29985956,-0.460416888,-6.86815736
O=C1CN=C(c2ccccc2-c2ccc(Br)cc2)c2ccccc2N1,,,,,,,,,,,,,,csd_HEJNAO,7.917677656,7.795398332,-0.352066535,-0.561251996,7.150611692,3.8636,3.1498,0.2522358,0.129956476,0.122279324,0.407940519,0.209185461,0.198755059,-0.546404912,-7.697016604
O=C1CN=C(c2ccccc2-c2ccccc2)c2ccccc2N1,,,,,,,,,,,,,,csd_KAGGEH,8.50561511,8.153918296,0.060189739,-0.265096643,9.342217848,4.4899,3.0437,0.720666908,0.368970094,0.351696814,0.63793734,0.325286382,0.312650959,0.465859168,-8.87635868
O=C1Cc2ncc3c(O)ncc(n23)-c2ccccc21,,,,,,,,,,,,,,csd_HUNQAJ,7.630513684,7.443597462,-0.527942331,-0.830954576,7.11169939,3.4476,2.3665,0.373846458,0.186930236,0.186916222,0.583905378,0.303012245,0.280893132,-0.5170166,-7.62871599
O=C1Cc2ccc(Br)cc2C2=C1C(=O)c1ccccc1C2=O,,,,,,,,,,,,,,csd_BOQRAA,8.121093484,7.744500497,-2.176246681,-2.425760525,5.194112032,1.8145,1.5181,0.957816246,0.581223259,0.376592987,0.49479958,0.249513844,0.245285737,-2.497734406,-7.691846438
O=C1Cc2ccccc2-c2c(-c3ccccc3)c3cc(Br)ccc3n21,,,,,,,,,,,,,,csd_KAXFAT,7.354836242,7.170247166,-0.546770633,-0.814628226,6.501347688,3.7615,2.4973,0.361294465,0.176705389,0.184589076,0.51000395,0.267857593,0.242146357,-0.694434928,-7.195782616
O=C1Cc2ccccc2-c2[nH]nnc2-c2ccccc21,,,,,,,,,,,,,,csd_PALWUX,8.05485114,7.908208089,-0.382490432,-0.592124935,6.970744338,3.4757,2.9816,0.30438985,0.157746799,0.146643051,0.410623808,0.209634503,0.200989305,-0.735524142,-7.70626848
O=C1Cc2cccc3cccc1c23,,,,,,,,,,,,,,csd_ZUNPIJ,8.132537129,8.041365578,-0.443839866,-0.599548749,6.664888202,3.2548,2.4357,0.184001337,0.092829786,0.091171551,0.309467334,0.155708883,0.153758451,-0.954303798,-7.619192
O=C1Cc2cccc3c2C1=C(c1ccccc1)CC(c1ccccc1)=N3,,,,,,,,,,,,,,csd_NIJMEA,7.370221296,7.180211981,-0.858316673,-1.108824005,6.205287656,3.011,2.2599,0.390068616,0.200059301,0.190009315,0.504076219,0.250507332,0.253568887,-0.992127644,-7.1974153
O=C1CCCc2cccc(-c3ccccc3)c2N1,,,,,,,,,,,,,,csd_YARNOW,7.789525894,7.567536627,0.41844344,0.095569593,7.479325404,4.3728,3.3501,0.473068502,0.251079234,0.221989268,0.590041167,0.322873846,0.267167321,0.10612446,-7.373200944
O=C1Cc2cccc(O)c2N=C1c1ccccc1,,,,,,,,,,,,,,csd_RAKMAT,7.720925819,7.517253551,-1.250255583,-1.54354095,5.722013192,2.5382,1.8703,0.39668915,0.193016882,0.203672268,0.518209112,0.293285367,0.224923745,-1.619350414,-7.341363606
O=C1Cc2cccc(-c3cc4ccccc4[nH]c3=O)c2N1,,,,,,,,,,,,,,csd_BASWUO,7.576725535,7.269009255,-0.640059068,-0.918644374,7.07224286,3.7627,2.5403,0.626855688,0.319139408,0.30771628,0.542205703,0.278585306,0.263620397,-0.543139544,-7.615382404
O=C1CCCc2cnc3c(cnn3-c3ccccc3)c2O1,,,,,,,,,,,,,,csd_FOPPUX,7.76246745,7.60917864,-0.259953116,-0.452417662,6.826251804,3.8557,3.0275,0.324967165,0.171678355,0.15328881,0.390641062,0.192464545,0.198176517,-0.613344956,-7.43959676
O=C1Cc2ccc3ccccc3c2O1,,,,,,,,,,,,,,csd_KODPEB,8.011864774,7.790829511,0.201822328,0.019387932,8.238795578,4.4345,2.5675,0.468037822,0.247002558,0.221035263,0.367947109,0.182434396,0.185512713,0.22041234,-8.018383238
O=C1Cc2ccc3ccccc3c2-c2ccc3ccc4cccc5cc1c2c3c45,,,,,,,,,,,,,,csd_VEJNUV,7.27298163,7.135403513,-1.012510615,-1.184514419,6.465156526,3.3576,1.8953,0.281977316,0.144399199,0.137578117,0.342675881,0.172003804,0.170672078,-0.903962708,-7.369119234
O=C1Cc2ccc(Cl)cc2N1c1ccccc1,,,,,,,,,,,,,,csd_DISJUN01,7.731246368,7.587482556,0.526269837,0.413821447,7.55932692,4.3588,3.4258,0.293606108,0.149842295,0.143763813,0.226316125,0.112448389,0.113867736,0.213881604,-7.345445316
O=C1Cc2cc3ccc(cc4nc(cc5ccc(cc1n2)[nH]5)C=C4)[nH]3,,,,,,,,,,,,,,csd_WANDEX,6.840017779,6.753329334,-1.617815963,-1.739173365,5.456429928,2.1035,0.7349,0.226679942,0.139991496,0.086688445,0.244524089,0.121357402,0.123166688,-1.516491322,-6.97292125
O=C1CCCc2nc(-c3ccccc3)ccc21,,,,,,,,,,,,,,csd_PICYEH,8.182561914,8.061171886,-0.605346437,-0.793500778,6.717406204,3.2421,2.8191,0.26626676,0.144876732,0.121390028,0.367032479,0.188154341,0.178878138,-0.98233154,-7.699737744
O=C1Cc2cc3c(cc2C(c2ccccc2)=NN1)OCO3,,,,,,,,,,,,,,csd_WUXFOK,7.440456858,7.184283731,-0.104813796,-0.384935757,6.65862958,3.6933,2.6321,0.533927642,0.277754515,0.256173127,0.563431629,0.280121961,0.283309668,-0.407082544,-7.065712124
O=C1Cc2cc(Cl)ccc2Oc2ccccc2N1,,,,,,,,,,,,,,csd_COJCAG,8.114631865,7.581087877,0.486803238,0.359573617,7.810216028,4.6121,3.5959,0.770949031,0.237405043,0.533543988,0.268564273,0.127229622,0.141334651,0.143404078,-7.66681195
O=C1CCCc2coc(-c3ccccc3)c21,,,,,,,,,,,,,,csd_ZAPQAL,7.841970589,7.643555673,-0.125131868,-0.344258687,7.73484045,3.7324,2.6187,0.401549868,0.203134951,0.198414916,0.436314962,0.219126819,0.217188143,-0.114559994,-7.849400444
O=C1Cc2cc(Cl)ccc2N1,,,,,,,,,,,,,,csd_HIDCOP,8.293894255,8.029230981,0.916601152,0.695095539,9.386844544,4.7899,3.2704,0.547515464,0.28285219,0.264663274,0.449951982,0.221505612,0.22844637,1.05716289,-8.329681654
O=C1Cc2cc(Br)ccc2N1c1ccccc1,,,,,,,,,,,,,,csd_NOVDAF,7.607605114,7.456276532,0.461889297,0.340767002,7.394425836,4.2178,3.3776,0.312410818,0.161082236,0.151328582,0.247337204,0.121122295,0.126214909,0.16598954,-7.228436296
O=C1Cc2c3nc(cc4ccc(cc5nc(cc6ccc2[nH]6)C=C5)[nH]4)C=C13,,,,,,,,,,,,,,csd_RIWNOA,6.829291589,6.7965209,-1.661272297,-1.765706385,4.739409538,2.0772,1.3162,0.068023602,0.035252913,0.032770689,0.210265209,0.104434088,0.105831121,-1.899899948,-6.639309486
O=C1Cc2c3nc(cc4ccc(cc5nc(cc6cc1c2[nH]6)C=C5)[nH]4)CC3,,,,,,,,,,,,,,csd_PACRUI,6.725926638,6.643223574,-1.614601753,-1.69424435,4.021300692,2.1319,1.326,0.176915461,0.094212398,0.082703064,0.158280278,0.079642598,0.078637681,-2.163034186,-6.184334878
O=C1Cc2c3nc(cc4ccc([nH]4)c(-c4ccccc4)c4nc(c(-c5ccccc5)c5cc1c2[nH]5)C=C4)CC3,,,,,,,,,,,,,,csd_MUMGEH,6.487425792,6.408337762,-1.734303885,-1.836460106,4.720361558,2.0989,1.1089,0.200656864,0.121568834,0.079088029,0.203818828,0.102156222,0.101662607,-1.776632306,-6.496993864
O=C1CCCc2n[nH]c(-c3cccs3)c21,,,,,,,,,,,,,,csd_VAWQOB,7.884611996,7.691295951,-0.152872829,-0.325778146,6.811285534,3.5113,2.6442,0.401555909,0.208239864,0.193316044,0.37126826,0.172905317,0.198362943,-0.578514364,-7.389799898
O=C1CCCc2nc(-c3ccc(Cl)s3)ccc21,,,,,,,,,,,,,,csd_PICYIL,8.062739181,7.870431591,-0.707776405,-0.917237789,7.449664978,3.5928,2.5186,0.384304697,0.191997108,0.19230759,0.415893867,0.209461384,0.206432483,-0.645998636,-8.095663614
O=C1CCCc2nc(-c3ccc(O)cc3)c(-c3ccc(O)cc3)cc21,,,,,,,,,,,,,,csd_VAGXEG,7.224750512,7.028624618,-0.453217024,-0.67673228,6.25317972,3.2429,2.7251,0.399516142,0.203390249,0.196125893,0.435686079,0.223515256,0.212170823,-0.730081862,-6.983261582
O=C1Cc2ccccc2-c2c(ccc3ccccc23)N1,,,,,,,,,,,,,,csd_PIGKAU,7.634335389,7.409651295,-0.092679851,-0.27328722,7.621096798,4.0855,2.5755,0.45486432,0.230180226,0.224684094,0.363138909,0.180607368,0.182531541,-0.046803608,-7.667900406
O=C1Cc2ccccc2-c2ccc(Cl)cc2N1,,,,,,,,,,,,,,csd_HIGMAN,8.0076663,7.808197486,0.134948408,-0.087177162,7.440140988,4.3117,3.2448,0.40124842,0.201779606,0.199468814,0.439453225,0.22212557,0.217327656,-0.198371106,-7.638512094
O=C1Cc2ccccc2-c2cccc(O)c2N1,,,,,,,,,,,,,,csd_XEGVEM,7.731098039,7.486494873,0.417342031,0.154027109,7.312519522,4.1924,3.2928,0.514558594,0.269955428,0.244603166,0.525013323,0.263314922,0.261698401,0.067212158,-7.245307364
O=C1Cc2ccccc2-c2ccccc21,,,,,,,,,,,,,,csd_ZUNXIR,8.307968263,8.155916266,-0.174486354,-0.388329318,8.186277576,3.6713,2.8915,0.308652352,0.156600355,0.152051997,0.419801669,0.213842964,0.205958706,-0.152655954,-8.33893353
O=C1Cc2nc3occc3c(O)c2C2=C1CCO2,,,,,,,,,,,,,,csd_LACVER,7.540450998,7.323494886,-0.005970753,-0.253208581,6.671691052,3.3161,2.4714,0.434909167,0.217953055,0.216956111,0.49477977,0.247237828,0.247541943,-0.405994088,-7.07768514
O=C1Cc2nc3ccccc3nc2-c2ccccc21,,,,,,,,,,,,,,csd_VAKQUU,8.288575161,8.102191112,-1.018700855,-1.156184413,6.559580084,3.0916,2.5923,0.442629394,0.256245346,0.186384049,0.276998528,0.137483558,0.13951497,-1.332270144,-7.891850228
O=C1Cc2nc3ccccc3c3cccc(c23)N1,,,,,,,,,,,,,,csd_PECPUL,7.91256545,7.732609877,-0.28713872,-0.472840797,7.699193516,3.9624,2.6589,0.370137381,0.190181808,0.179955573,0.369520662,0.185702077,0.183818585,-0.229664216,-7.928857732
O=C1Cc2cnc3ncnn3c2-c2ccccc2N1,,,,,,,,,,,,,,csd_XARHIJ,8.422987096,8.250847915,-0.800731119,-1.021559004,6.879586148,3.8019,2.8608,0.354894671,0.18275549,0.17213918,0.438520691,0.220827885,0.217692805,-1.167913288,-8.047499436
O=C1Cc2cnc3ncnn3c2-c2ccc(O)cc2N1,,,,,,,,,,,,,,csd_GUMPEL,8.110535488,7.957945821,-0.631289024,-0.844306285,6.741896464,3.7958,2.8252,0.31255912,0.159969453,0.152589667,0.424246543,0.213017261,0.211229282,-0.998386266,-7.74028273
O=C1Cc2cnc3ccccc3c2Nc2ccccc21,,,,,,,,,,,,,,csd_QIKVIS,7.500622706,7.386529904,-0.395112766,-0.548563565,6.509783222,3.3785,2.6749,0.208446807,0.094354006,0.114092801,0.302452942,0.153450799,0.149002143,-0.684638824,-7.194422046
O=C1Cc2cnc3cc(-c4ccccc4)nn3c2-c2ccccc2N1,,,,,,,,,,,,,,csd_XARGUU,7.639466126,7.511794319,-0.732267754,-0.929717482,6.434679758,3.4579,2.5529,0.267756639,0.140084831,0.127671807,0.395208305,0.197449728,0.197758577,-0.962467218,-7.397146976
O=C1Cc2cccnc2N1c1ccc(Cl)cc1,,,,,,,,,,,,,,csd_KIDKIR,7.758374229,7.57498572,0.321508405,0.157944217,7.276872588,4.2769,3.4175,0.38634392,0.202955411,0.183388509,0.371778474,0.163564188,0.208214286,-0.09115819,-7.368030778
O=C1Cc2ccccc2N1c1ccccn1,,,,,,,,,,,,,,csd_DAVLOE,7.708682485,7.552308229,0.780397455,0.425157744,7.430616998,4.425,3.5498,0.325745792,0.169371536,0.156374256,0.509164451,0.355239711,0.15392474,0.136601228,-7.29401577
O=C1CCCc2onc(-c3c(Cl)cccc3Cl)c21,,,,,,,,,,,,,,csd_RABPEL,8.773517275,8.6430846,0.417531722,0.037496221,8.82329645,3.9085,3.3105,0.545195909,0.414763234,0.130432676,0.742076375,0.380035501,0.362040874,0.288712954,-8.534583496
O=C1Cc2ccccc2N1c1cccc(Cl)c1,,,,,,,,,,,,,,csd_DISKOI01,7.927763834,7.754963825,0.713024124,0.539271716,8.740845908,4.743,3.4313,0.362477073,0.189677064,0.172800009,0.37046253,0.173752408,0.196710122,0.757021148,-7.98382476
O=C1Cc2ccccc2N1c1c(O)ccc2[nH]ccc12,,,,,,,,,,,,,,csd_NANDEM01,7.133642853,6.881384658,0.592141479,0.470067819,7.062174642,4.0495,3.06,0.542149457,0.289891262,0.252258195,0.281045707,0.12207366,0.158972046,0.303134996,-6.759039646
O=C1Cc2ccccc2N1c1c(Cl)cccc1Cl,,,,,,,,,,,,,,csd_EHABEV,7.824830182,7.628975587,0.473378766,0.228618754,7.373200944,4.2295,3.5636,0.400890046,0.20503545,0.195854596,0.742186581,0.244760012,0.497426569,0.02585083,-7.347350114
O=C1Cc2ccccc2N1,,,,,,,,,,,,,,csd_IWEHOJ,8.107253929,7.921920621,1.191225512,1.035521174,7.963960438,4.6362,3.5391,0.388631637,0.203298329,0.185333308,0.314386284,0.155704338,0.158681946,0.583956644,-7.380003794
O=C1Cc2ccccc2C=C1C(=O)c1ccccc1,,,,,,,,,,,,,,csd_NUBYAL,8.4125337,8.150329766,-0.941580292,-1.285103291,7.59334117,3.1999,2.3467,0.639765702,0.377561767,0.262203935,0.648139575,0.343522999,0.304616575,-0.83266884,-8.42601001
O=C1Cc2ccccc2C=C(c2ccccc2)N1,,,,,,,,,,,,,,csd_NAFNOZ,7.5986684,7.307680056,0.023395926,-0.381232013,7.63551884,4.216,2.6886,0.576022453,0.285034109,0.290988344,0.786428535,0.40462794,0.381800596,0.039728644,-7.595790196
O=C1Cc2ccccc2C(c2ccccc2)=NN1,,,,,,,,,,,,,,csd_LEFRAR,7.725818021,7.423662553,-0.193679044,-0.440864354,6.775366486,3.7458,2.6223,0.621049429,0.318893961,0.302155467,0.506340126,0.24718531,0.259154816,-0.527629046,-7.302995532
O=C1Cc2ccccc2C(=O)N1c1ccccc1Br,,,,,,,,,,,,,,csd_UFECOX,9.179332312,8.850563905,0.018793281,-0.4223495,10.45244297,5.1531,2.6599,0.824378343,0.495609936,0.328768407,0.890123534,0.441142781,0.448980753,0.664502388,-9.78794058
O=C1Cc2ccccc2C(=O)N1c1cccc(Cl)c1Cl,,,,,,,,,,,,,,csd_UFECUD,8.553117725,8.33942143,-0.162550835,-0.517710219,7.504632006,4.1167,3.5363,0.574940963,0.361244669,0.213696294,0.6956091,0.355159383,0.340449717,-0.625317972,-8.129949978
O=C1Cc2ccccc2-c2nn[nH]c2-c2ccccc21,,,,,,,,,,,,,,csd_PALXAE,8.068193597,7.917807972,-0.60964026,-0.830879881,6.725025396,3.3399,2.88,0.315706391,0.165320765,0.150385625,0.427977171,0.221239621,0.20673755,-0.999202608,-7.724228004
O=C1Cc2ccccc2-c2ccccc2O1,,,,,,,,,,,,,,csd_ZOLWEF,8.337913892,8.128536999,0.230690739,-0.000492064,7.783276742,4.6152,3.3751,0.437356342,0.227979449,0.209376893,0.461565971,0.231182803,0.230383168,-0.146397332,-7.929674074
O=C1Cc2ccccc2-c2ccccc2N1,,,,,,,,,,,,,,csd_MIBVOI,7.973122027,7.757148301,0.346463436,0.113229084,7.527761696,4.3606,3.314,0.435082231,0.219108506,0.215973725,0.460369731,0.233234352,0.227135379,-0.015238384,-7.54300008
O=C1Cc2ccccc2-c2ccccc2C1=CO,,,,,,,,,,,,,,csd_CEVMEW,8.083755987,7.807916311,0.101015166,-0.092607061,8.163964228,4.0715,2.7962,0.539210245,0.263370569,0.275839676,0.436646288,0.193622227,0.243024061,0.079185174,-8.084779054
O=C1Cc2c(sc3ccccc23)C=NN1,,,,,,,,,,,,,,csd_XIKROA,7.832797408,7.65059586,-0.368450792,-0.613277744,6.576451152,3.5527,2.459,0.370185518,0.18798397,0.182201548,0.466251284,0.244826952,0.221424332,-0.802192072,-7.378643224
O=C1CCCc2nc(-c3ccccc3)ccc2N1,,,,,,,,,,,,,,csd_FOLXAH,8.367192596,7.921380447,0.112961215,-0.231464631,9.747667708,4.9622,2.1806,0.889316798,0.443504649,0.445812149,0.653061164,0.344425846,0.308635318,0.75239521,-8.995272498
O=C1CN=C(c2ccccc2Cl)c2ccsc2N1,,,,,,,,,,,,,,csd_ZAZPAT04,8.008943603,7.734302209,-0.068968382,-0.37656768,7.129931028,3.8914,2.995,0.593236276,0.318594881,0.274641395,0.583276903,0.307599298,0.275677605,-0.410075798,-7.540006826
O=C1CNc2ccccc2C(c2ccccc2)=N1,,,,,,,,,,,,,,csd_CERBEG01,7.448073111,7.34614005,-0.461201583,-0.818153844,6.175355116,2.9537,2.4354,0.208807331,0.10687427,0.101933061,0.703118848,0.356952261,0.346166587,-0.794844994,-6.97020011
O=C1CSC(=NNC(=O)c2[nH]c3ccc(F)cc3c2-c2ccccc2)N1,,,,,,,,,,,,,,csd_MOSTEU,7.592881569,7.404988213,-0.177969359,-0.504922221,7.47633215,4.1086,2.8137,0.386454942,0.198561586,0.187893356,0.638619176,0.326952862,0.311666314,-0.148846358,-7.625178508
O=C1CSC(=NN=Cc2cccc3ccccc23)N1,,,,,,,,,,,,,,csd_GIKKOD,7.39175667,7.194329799,-0.675466677,-0.839291006,6.167735924,3.2724,2.1881,0.420903214,0.223476344,0.19742687,0.330631571,0.163824329,0.166807243,-0.945868264,-7.113604188
O=C1COc2nccc(-c3ccccc3)c2N1,,,,,,,,,,,,,,csd_XIFTEO,7.983360588,7.747356524,0.047045953,-0.342848429,7.144080956,4.0919,3.208,0.473556321,0.237552257,0.236004064,0.702765018,0.389894382,0.312870636,-0.323543546,-7.467624502
O=C1COc2ccccc2C1=C(O)c1ccc(Cl)cc1,,,,,,,,,,,,,,csd_RODPOS,7.68060296,7.363352866,-0.672181717,-1.060640779,7.099182146,3.6233,2.362,0.657544705,0.340294612,0.317250093,0.751712476,0.388459062,0.363253414,-0.614433412,-7.713615558
O=C1COc2ccc(O)cc2-c2cc(O)c(O)cc21,,,,,,,,,,,,,,csd_SAGZEH,8.064429526,7.772085754,0.117410715,-0.315304288,9.20833776,4.1807,2.4053,0.590955416,0.298611645,0.292343771,0.804449802,0.432715003,0.371734799,0.640556356,-8.567781404
O=C1COc2cc3oc(=O)ccc3cc21,,,,,,,,,,,,,,csd_GIMJET,8.446661912,8.317762517,-0.78509719,-0.954078787,6.640125828,3.4871,2.687,0.266311441,0.137412046,0.128899395,0.34565123,0.168981597,0.176669634,-1.271588722,-7.91171455
O=C1COc2cc(O)c(-c3c[nH]c4ccccc34)cc2N1,,,,,,,,,,,,,,csd_INBZXN,7.048295848,6.735306244,0.966150771,0.619887094,8.046683094,4.3367,3.0645,0.629309884,0.31632028,0.312989605,0.69604919,0.346263677,0.349785513,0.99593724,-7.050745854
O=C1COc2c(c3ccccc3c3ccccc23)O1,,,,,,,,,,,,,,csd_RAMGUK,7.566260684,7.333918513,0.183387829,-0.190430493,7.27224665,3.8908,2.6422,0.476815267,0.244473095,0.232342172,0.562438386,0.373818322,0.188620064,-0.141771394,-7.414018044
O=C1CON=C(c2cccs2)N1c1ccccc1,,,,,,,,,,,,,,csd_ZUGFIS,8.195970277,7.7234835,0.056870738,-0.33652284,8.31580384,4.364,2.7141,0.957451069,0.484964292,0.472486777,0.831958622,0.393393577,0.438565045,0.113199424,-8.202604416
O=C1COC(c2ccccc2)=C1c1nc2ccccc2nc1-c1ccccc1,,,,,,,,,,,,,,csd_WAZMAO,7.83737491,7.603772116,-0.786818719,-0.988652476,6.634411434,3.1461,2.6028,0.52454545,0.290942656,0.233602794,0.455742514,0.201833757,0.253908757,-0.957297052,-7.591708486
O=C1COC(c2ccccc2)=C1c1ccccc1N=C1c2ccccc2-c2ccccc21,,,,,,,,,,,,,,csd_NOJXER,7.246062208,6.754568269,-0.921416916,-1.270212914,6.05045479,2.8727,2.5053,0.813617595,0.322123655,0.491493939,0.717736866,0.348795997,0.368940869,-1.086006974,-7.136461764
O=C1CCCc2nc3c(cc21)c(O)nn3-c1ccccc1,,,,,,,,,,,,,,csd_UPUZAH,7.618835313,7.424110671,-0.459275397,-0.675484474,7.16748276,3.6568,2.9076,0.403660166,0.208935524,0.194724642,0.434542384,0.216209077,0.218333307,-0.451437126,-7.618919886
O=C1Cc2c(oc3ccccc23)-c2[nH]c3ccccc3c21,,,,,,,,,,,,,,csd_NIWLEN,7.133261077,7.012977029,-0.550175977,-0.709131234,6.071679682,3.3143,2.2133,0.239763645,0.119479597,0.120284048,0.317187643,0.158955257,0.158232386,-0.79593345,-6.867613132
O=C1CNc2ccccc21,,,,,,,,,,,,,,csd_NEGPIA,7.910661115,7.751046607,0.341532404,0.105012684,8.283694388,3.8939,2.8874,0.282188558,0.122574051,0.159614508,0.473496646,0.23651972,0.236976926,0.360823164,-7.922871224
O=C1CNCN1c1ccccc1,,,,,,,,,,,,,,csd_NOCXOU,8.38938733,8.045251094,1.569387862,1.205826904,10.8981657,5.4834,2.8141,0.716339506,0.372203271,0.344136236,0.587605176,0.363560957,0.224044218,1.895001896,-9.003163804
O=C1CNC(c2ccccc2)=NN1c1ccccc1,,,,,,,,,,,,,,csd_GICKIM,7.16037019,6.939479882,0.179624002,-0.178547438,6.599852956,3.7804,2.7635,0.456316293,0.235425985,0.220890308,0.65696249,0.35817144,0.29879105,-0.200820132,-6.800673088
O=C1CNC(c2ccc(O)cc2)=C1c1ccc(O)cc1,,,,,,,,,,,,,,csd_MELTOP,6.725112908,6.441152262,0.037597039,-0.340538997,6.107054502,3.2752,2.2995,0.538900661,0.254940015,0.283960646,0.695206453,0.378136036,0.317070417,-0.260413098,-6.3674676
O=C1CNC(=O)N1c1ccc(Br)cc1,,,,,,,,,,,,,,csd_CEVDAK02,8.226487318,7.950109291,0.628047548,0.428276687,7.825454412,4.7838,3.5065,0.537089906,0.260711879,0.276378026,0.490294733,0.19977086,0.290523873,0.143948306,-7.681506106
O=C1CNC(=O)N1N=Cc1c2ccccc2cc2ccccc12,,,,,,,,,,,,,,csd_KITZEV,6.933523769,6.821317017,-0.980311638,-1.133357531,5.499968168,2.87,1.529,0.222580272,0.11037352,0.112206752,0.341614637,0.153045893,0.188568743,-1.198934284,-6.698902452
O=C1CCCc2nc3c(cnn3-c3ccc(Cl)cc3)cc21,,,,,,,,,,,,,,csd_FAXVEG,7.914006566,7.72442311,-0.551967739,-0.734179899,7.045575688,3.517,3.0373,0.397254875,0.207671418,0.189583456,0.366245035,0.18221216,0.184032875,-0.706952172,-7.75252786
O=C1CNC(=O)C(=Cc2c[nH]c3ccccc23)N1,,,,,,,,,,,,,,csd_IJABEC,7.354169944,6.963880208,0.339384363,-0.079802573,7.731575082,4.2719,2.5439,0.745884937,0.355595201,0.390289736,0.833486379,0.419186937,0.414299443,0.363816418,-7.367758664
O=C1CN=C(c2ccccn2)c2cc(Br)ccc2N1,,,,,,,,,,,,,,csd_CAGWOW,8.273628891,7.98415946,-0.447071601,-0.694059955,7.778106576,3.8168,3.055,0.595178625,0.305709194,0.289469431,0.496182192,0.246988354,0.249193838,-0.403272948,-8.181379524
O=C1CCCc2nc3c(cnn3-c3ccccc3)c(-c3ccc(O)c(O)c3)c21,,,,,,,,,,,,,,csd_GEFBAW,7.296163022,6.943917979,-0.667558772,-0.920558397,6.087462294,2.9818,2.584,0.696119858,0.343874816,0.352245042,0.504718408,0.252999624,0.251718784,-0.846546654,-6.934008948
O=C1CN=C(c2ccccc2I)c2ccccc2N1,,,,,,,,,,,,,,csd_RUMWAZ,8.032177513,7.846292358,-0.236984355,-0.486729495,7.15523763,3.8417,3.11,0.470912869,0.285027714,0.185885155,0.490861002,0.249745141,0.241115862,-0.535248238,-7.690485868
O=C1CSC(=Nc2nc3ccccc3s2)N1,,,,,,,,,,,,,,csd_HEGMEN,7.845616155,7.607761579,-0.36776071,-0.563674083,6.74162435,3.9986,2.8689,0.488452521,0.250597946,0.237854575,0.400481603,0.195913372,0.20456823,-0.725728038,-7.467352388
O=C1CSC(=Nc2nnc(-c3ccc(O)cc3)o2)N1,,,,,,,,,,,,,,csd_LAFJAG,7.770769566,7.436476701,-0.11695623,-0.353350641,7.553612526,4.2924,2.9392,0.691106157,0.356813292,0.334292865,0.488786405,0.236394412,0.252391994,-0.150206928,-7.703819454
O=C1CCCc2nc3c(cc21)CCc1ccc(O)cc1-3,,,,,,,,,,,,,,csd_UQIRAP,7.739076857,7.581370821,-0.484978551,-0.692505667,6.86271508,3.3789,2.7995,0.327724278,0.170018242,0.157706036,0.410942182,0.207527116,0.203415066,-0.64491018,-7.50762526
O=C1CSC(NN=c2c3ccccc3[nH]c3ccccc23)=N1,,,,,,,,,,,,,,csd_HIDJIO,7.433338682,7.08194835,-0.466779458,-0.755676088,7.781644058,3.8457,2.3936,0.805980171,0.454589839,0.351390332,0.593164165,0.288896631,0.304267534,-0.07619192,-7.857835978
O=C1CCCc2nc(-c3ccccn3)cc(-c3c(O)ccc4ccccc34)c21,,,,,,,,,,,,,,csd_LAKCEI,6.89429527,6.686842904,-0.762732005,-0.960827459,5.700516186,2.657,2.346,0.47314502,0.265692654,0.207452367,0.387711293,0.198095455,0.189615838,-0.968453726,-6.668969912
O=C1Cc2c(n(C(=O)O)c3ccccc23)-c2ccccc2N1,,,,,,,,,,,,,,csd_MAWHUP,7.437958743,7.252889059,-0.129714676,-0.357217844,6.787339502,3.984,2.7374,0.373188106,0.188118422,0.185069684,0.455147917,0.227503168,0.227644749,-0.373340408,-7.16067991
O=C1Cc2c(n(-c3ccccc3)c3ccccc23)-c2ncccc2N1,,,,,,,,,,,,,,csd_XARHAB,7.104444559,6.956119843,-0.128553729,-0.36853678,6.507878424,3.699,2.6752,0.307568277,0.159243562,0.148324715,0.475397852,0.239983051,0.235414801,-0.37279618,-6.880674604
O=C1Cc2c(ccc3ccccc23)O1,,,,,,,,,,,,,,csd_TAYDUU,7.951513454,7.798147092,-0.058845741,-0.186394253,6.948975218,3.9759,2.6244,0.322478029,0.169111667,0.153366362,0.256974121,0.127548512,0.129425609,-0.509669522,-7.45864474
O=C1NC(=S)SC1=CC=C1Cc2c(ccc3ccccc23)N1,,,,,,,,,,,,,,csd_MAJHAJ,6.722006291,6.609052586,-0.971405347,-1.128917175,5.339693022,2.9388,1.6494,0.245158659,0.132204954,0.112953705,0.326268768,0.157511828,0.168756939,-1.182063216,-6.521756238
O=C1Cc2c(ccc3ccccc23)N1,,,,,,,,,,,,,,csd_LUBPEF,7.6320717,7.466257728,0.164069041,0.014794022,7.607218984,3.9866,2.4949,0.341196071,0.175382099,0.165813972,0.295073455,0.149275019,0.145798436,0.083266884,-7.5239521
O=C1CCCc2nc(-c3cccs3)cc(-c3ccc(Br)cc3)c21,,,,,,,,,,,,,,csd_TEYMER,7.713680865,7.50288068,-0.926973484,-1.13489688,6.246648984,2.9875,2.5497,0.528746346,0.317946161,0.210800185,0.386730049,0.207923396,0.178806654,-1.157028728,-7.403677712
O=C1Cc2c(ccc3ccccc23)C2=C1CCO2,,,,,,,,,,,,,,csd_VELLII,7.453844431,7.339849074,-0.494739552,-0.667513738,6.279302664,3.1714,2.2235,0.236921007,0.122925649,0.113995357,0.348791861,0.172774186,0.176017676,-0.806001668,-7.085304332
O=C1CCCc2nc(=Nc3ccccc3)n3ccc4ccccc4c3c21,,,,,,,,,,,,,,csd_IQOQOU,7.043134825,6.709601702,-1.068978352,-1.318461447,6.339167744,2.9535,2.2145,0.721280879,0.387747756,0.333533123,0.504450648,0.249483095,0.254967553,-0.872941712,-7.212109456
O=C1Cc2c(c3ccccc3c3ccccc23)O1,,,,,,,,,,,,,,csd_WAPFOJ,7.618183273,7.451224028,-0.140827077,-0.290653426,6.813190332,3.7728,2.6462,0.346529451,0.179570206,0.166959245,0.304269603,0.149826349,0.154443253,-0.454702494,-7.267892826
O=C1Cc2c(c(-c3ncccn3)n3cccnc23)N1c1ccc(Br)cc1,,,,,,,,,,,,,,csd_KISHEB,7.28588582,7.140175848,-0.043822871,-0.519951622,6.447197002,3.4633,2.5391,0.30488224,0.159172268,0.145709972,0.648841683,0.47612875,0.172712933,-0.616066096,-7.063263098
O=C1Cc2c([nH]c3ccccc23)C1=O,,,,,,,,,,,,,,csd_ROXDEP,8.194809955,8.065689359,-0.851552899,-1.053505596,5.944602444,2.2527,1.753,0.270524827,0.141404231,0.129120596,0.407914641,0.201952698,0.205961944,-1.46533389,-7.409936334
O=C1Cc2c([nH]c3ccccc23)-c2ccccc21,,,,,,,,,,,,,,csd_ZEWPEZ,7.36267484,7.207228629,-0.328251173,-0.511265144,7.042854548,3.57,2.4607,0.312293238,0.156847027,0.155446211,0.361295363,0.183013971,0.178281392,-0.34286364,-7.385718188
O=C1Cc2c(-c3ccccc3)cc(-c3ccccc3)c3cccc(c23)N1,,,,,,,,,,,,,,csd_FEWTEJ,7.11935695,6.964340679,-0.229625032,-0.467080416,6.484748734,3.6534,2.4166,0.310207239,0.155190968,0.155016271,0.420161976,0.237455384,0.182706591,-0.397830668,-6.882579402
O=C1CSc2sc3c(=O)[nH]cnc3c2N1,,,,,,,,,,,,,,csd_HEYGOI,7.798011715,7.544841748,-0.145090913,-0.324701119,6.656180554,3.7252,2.7049,0.496943022,0.243773055,0.253169968,0.368439091,0.179610206,0.188828884,-0.61769878,-7.273879334
O=C1CSc2nc(-c3ccccc3)nn21,,,,,,,,,,,,,,csd_KIMRUV,8.280516096,8.094802645,-0.325355825,-0.455684826,7.000948992,4.1494,2.9713,0.385435331,0.19972188,0.185713451,0.263112197,0.130329,0.132783196,-0.811988176,-7.812937168
O=C1CCCc2nc3[nH]nc(-c4ccc(O)cc4)c3cc21,,,,,,,,,,,,,,csd_KEMFIS,7.436223308,7.195814508,-0.424538113,-0.595819263,6.263792166,3.4203,2.6816,0.462258338,0.221849537,0.240408801,0.328691616,0.17128115,0.157410466,-0.764096112,-7.027888278
O=C1CSc2c3c(c4ccccc4c2O1)OC(=O)CS3,,,,,,,,,,,,,,csd_UHAKIX,8.028069952,7.915671632,-0.457903371,-0.616235623,6.634683548,3.7524,2.5286,0.240273941,0.12787562,0.11239832,0.316471303,0.158332252,0.158139051,-0.743415448,-7.378098996
O=C1CSc2c(-c3ccccc3)nc(-c3ccc(O)cc3)n21,,,,,,,,,,,,,,csd_PASKUQ,6.875674509,6.706531168,-0.354485901,-0.502690886,5.926370806,3.0011,2.2162,0.34311589,0.173972548,0.169143341,0.307739709,0.148204985,0.159534724,-0.680829228,-6.607200034
O=C1CSCN1c1ncc(-c2ccc(Br)cc2)[nH]1,,,,,,,,,,,,,,csd_VATNEL,7.52549036,7.233581155,0.323368032,0.114795917,7.946000914,4.45,2.9283,0.560026395,0.26811719,0.291909205,0.384902532,0.208572116,0.176330416,0.38504131,-7.560959604
O=C1CSCN1c1ccc2ccccc2n1,,,,,,,,,,,,,,csd_SESKUX,8.070600554,7.890811569,-0.173753225,-0.314718617,7.00013265,4.074,2.8815,0.392505669,0.212716684,0.179788985,0.28531806,0.140965392,0.144352667,-0.581779732,-7.581912382
O=C1CSC(c2nc3ccc(Br)cc3s2)=N1,,,,,,,,,,,,,,csd_CIQDEN,9.748352891,9.551787534,-1.479729265,-1.852647896,8.713362394,4.1713,2.517,0.436458067,0.239892709,0.196565358,0.730197238,0.372918631,0.357278607,-0.932262564,-9.645624958
O=C1CSC(Nc2cccc3ccccc23)=N1,,,,,,,,,,,,,,csd_TEBDAH,8.201557049,7.746315225,-0.275988359,-0.453630637,8.11307891,4.4154,2.5442,0.784570514,0.32932869,0.455241824,0.356286207,0.177642278,0.178643929,-0.177146214,-8.290225124
B1BN(c2ccccc2)C=CN1c1ccccc1,,,,,,,,,,,,,,csd_PAGREX,7.492088013,7.316413473,0.065741953,-0.32617848,6.95795498,4.0081,2.7386,0.352402379,0.176727839,0.17567454,0.757504749,0.391920434,0.365584315,-0.168982794,-7.126937774
O=C1NC(c2cccnc2)=C2C(=O)NC(c3cccnc3)=C12,,,,,,,,,,,,,,csd_VAZPAO,7.645522485,7.352968343,-1.642531561,-1.807083604,7.01509892,3.1816,0.3949,0.578258522,0.28570438,0.292554142,0.332864457,0.164552043,0.168312414,-1.163015236,-8.178114156
O=C1NC(=S)SC1=Cc1ccc(Cl)cc1,,,,,,,,,,,,,,csd_EZEWUC,8.00510598,7.861138898,-1.355264049,-1.523992144,5.887458504,2.8178,2.0066,0.300941485,0.156974403,0.143967082,0.341841852,0.168728095,0.173113757,-1.731189268,-7.618647772
O=C1OC2=Cc3ccccc3C2=C1c1ccccc1,,,,,,,,,,,,,,csd_FEGZUN,8.134949828,7.791800577,-1.485617023,-1.78558687,7.475243694,3.0547,1.7384,0.705789701,0.36264045,0.343149251,0.584149137,0.299969848,0.28417929,-1.10614341,-8.581387104
O=C1OC=NC1=Cc1ccc(-c2ccc(O)cc2)cc1,,,,,,,,,,,,,,csd_FEBSAJ,7.493382079,7.297308894,-1.161216127,-1.310043464,5.651535666,3.3642,1.8596,0.381005832,0.184932647,0.196073185,0.293402621,0.148827337,0.144575284,-1.524926856,-7.176462522
O=C1OC=NC1=Cc1ccc(-c2ccc(N(c3ccccc3)c3ccccc3)cc2)cc1,,,,,,,,,,,,,,csd_FEBDUO,6.640774276,6.576693061,-1.253010139,-1.457890484,4.99465247,3.0323,1.8446,0.131388068,0.067306854,0.064081214,0.407367992,0.204880345,0.202487647,-1.543974836,-6.538627306
O=C1OC=NC1=Cc1ccc(-c2ccc(C(=C(c3ccccc3)c3ccccc3)c3ccccc3)cc2)cc1,,,,,,,,,,,,,,csd_FEBDOI,6.926305945,6.71902882,-1.322153762,-1.502100573,5.321461384,3.2316,1.8632,0.421549485,0.21427236,0.207277125,0.355983344,0.179946811,0.176036533,-1.593771698,-6.915233082
O=C1OC=CC1=C1c2ccccc2-c2ccccc21,,,,,,,,,,,,,,csd_QENZIS,7.686157949,7.469301024,-1.523940905,-1.693683795,5.504594106,2.6499,1.4094,0.463399475,0.246542549,0.216856926,0.338001806,0.16974289,0.168258916,-1.83949064,-7.344084746
O=C1OC2c3ccccc3C(=O)N2c2ccccc21,,,,,,,,,,,,,,csd_BAMBOJ,8.326383932,8.09466765,-0.515192511,-0.679156326,7.042582434,3.9663,3.1735,0.499372266,0.267655984,0.231716282,0.34046452,0.163963815,0.176500705,-0.863689836,-7.90627227
O=C1OC2Cc3ccccc3C2=C1c1ccccc1,,,,,,,,,,,,,,csd_FEGZOH,7.87597341,7.674614438,-0.659223077,-0.944033944,6.61781248,3.8337,2.5225,0.420521438,0.219162466,0.201358972,0.550792995,0.284810866,0.265982129,-0.954031684,-7.571844164
O=C1OC2CN(c3ccccc3)N=C3CCCN3C2=C1c1ccccc1,,,,,,,,,,,,,,csd_RARKIG,6.737300459,6.618114254,-0.080680168,-0.385260634,6.268962332,3.4975,2.5953,0.253766169,0.134579965,0.119186204,0.660465305,0.304580466,0.355884839,-0.259052528,-6.52801486
O=C1OC2CCCCC2c2ccc3ccccc3c21,,,,,,,,,,,,,,csd_IFEGUY,8.108190845,7.981488335,-0.298956767,-0.555109267,7.766405674,4.2162,2.5494,0.256096309,0.129393799,0.12670251,0.502332812,0.2561525,0.246180311,-0.299597514,-8.066003188
O=C1OC2CCC(C2)C1=Cc1c[nH]c2ccccc12,,,,,,,,,,,,,,csd_NAPQIF,7.301367256,7.116918645,0.234214642,-0.045165672,6.806387482,4.0424,2.6164,0.378620263,0.194171652,0.184448611,0.564237604,0.279380315,0.284857289,-0.123267642,-6.929655124
O=C1OC2C(=O)C(c3ccccc3)=C(c3ccc(O)cc3)N2c2ccccc21,,,,,,,,,,,,,,csd_WAFVUX,7.20499041,7.029377286,-0.814792311,-1.090543114,6.03684909,3.1825,2.1691,0.366059726,0.190446602,0.175613124,0.54848223,0.275750804,0.272731427,-0.987501706,-7.024350796
O=C1OC2C(=C(c3ccccc3)c3ccccc32)c2ccccc21,,,,,,,,,,,,,,csd_MOFVUB,7.512875291,7.359369607,-0.807481941,-1.056641683,6.317398624,3.5002,2.2429,0.301126305,0.14762062,0.153505684,0.475541311,0.249159742,0.226381569,-0.988862276,-7.3062609
O=C1OC2C(=C(c3ccccc3)c3ccccc32)c2c1c1ccccc1c1ccccc21,,,,,,,,,,,,,,csd_COQQUW,7.261193651,7.134737922,-1.133255216,-1.372221649,5.96882059,3.2059,2.0897,0.258231288,0.131775558,0.12645573,0.473358086,0.238966433,0.234391653,-1.200839082,-7.169659672
O=C1OC2=C(c3ccccc3)OCCC2=C1c1ccccc1,,,,,,,,,,,,,,csd_IZIMEJ,7.132574098,6.950175649,-1.030867262,-1.249967115,5.615616618,3.1783,1.6503,0.367721553,0.185323104,0.18239845,0.424057124,0.219099853,0.204957272,-1.257438794,-6.873055412
O=C1OC=NC1=Cc1ccc2c(c1)Cc1ccccc1-2,,,,,,,,,,,,,,csd_FEBRUC,7.720863641,7.559373506,-1.18281504,-1.342503644,6.505157284,3.5713,1.8249,0.331966073,0.170475938,0.161490135,0.316001444,0.159688604,0.15631284,-1.221519746,-7.72667703
O=C1OC2(OC(c3ccccc3)=C1c1nc3ccccc3nc1-c1ccccc1)C1CC3CC(C1)CC2C3,,,,,,,,,,,,,,csd_IMIQOK,7.921865491,7.393888139,-0.653364762,-0.849655556,7.212109456,3.2675,2.695,0.762518395,0.234541043,0.527977352,0.396323701,0.196290794,0.200032906,-0.705047374,-7.91715683
O=C1OC2(CCCO2)c2ccc3ccccc3c21,,,,,,,,,,,,,,csd_DEDDOF,8.177132097,8.067848883,-0.408220117,-0.616072409,6.935097404,3.9692,2.6267,0.222966701,0.113683488,0.109283214,0.419414315,0.207852292,0.211562023,-0.805185326,-7.74028273
O=C1OC2(CCCCC2)C2(CCCCC2)OC(=O)c2cccnc2-c2ncccc21,,,,,,,,,,,,,,csd_PAXWOC,8.212310178,8.009926207,-0.074109976,-0.540435275,7.515244452,3.8807,3.4029,0.459967356,0.257583385,0.202383971,0.912380827,0.466325299,0.446055527,-0.316468582,-7.831713034
O=C1OC2(CCCCC2)C(OC(=O)c2ccc(Cl)cc2)=C1c1ccc(Cl)cc1Cl,,,,,,,,,,,,,,csd_RUJLAK,8.33393017,8.02158738,-0.720635424,-1.012546534,7.714159786,4.4494,3.1252,0.651514387,0.339171597,0.31234279,0.634472431,0.29191111,0.342561321,-0.671849466,-8.386009252
O=C1OC2(CCCCC2)C(=Cc2ccccc2)N1c1ccc(Cl)cc1,,,,,,,,,,,,,,csd_ZOBDEC,7.369283863,7.085621073,0.152924258,-0.183536539,7.079589938,4.0968,2.9059,0.594985969,0.311323178,0.28366279,0.667981638,0.336460798,0.33152084,-0.046531494,-7.126121432
O=C1OC2(CCCC2)C(OC(=O)c2ccc(Cl)cc2)=C1c1ccccc1,,,,,,,,,,,,,,csd_NORCIH,8.135480695,7.79029048,-0.669834462,-1.003840791,6.814278788,4.002,2.9188,0.695750327,0.350560112,0.345190215,0.661721655,0.334006329,0.327715326,-0.991311302,-7.80559009
O=C1OC2(CC2)C2(CC2)OC(=O)c2ccccc2-c2ccccc21,,,,,,,,,,,,,,csd_PAVHAX,8.214311577,7.973124965,0.166686968,-0.254416794,7.80014781,4.5725,3.3654,0.486856573,0.245669961,0.241186611,0.831150444,0.421103762,0.410046682,-0.087620708,-7.887768518
O=C1OC(c2ccccc2)=NC1=Cc1ccco1,,,,,,,,,,,,,,csd_ZUGDOW,7.686784927,7.43924078,-1.161363314,-1.294528993,6.555770488,3.4233,1.5445,0.501060543,0.253516396,0.247544147,0.267754707,0.13316568,0.134589027,-1.133082696,-7.688853184
O=C1OC(c2ccccc2)=NC1=Cc1ccccc1O,,,,,,,,,,,,,,csd_FUDJIZ,7.441670922,7.24040553,-1.180695898,-1.298871552,5.69398545,3.1938,1.7258,0.408726521,0.207461129,0.201265392,0.236419147,0.118175654,0.118243492,-1.450911848,-7.144897298
O=C1OC(c2ccccc2)=NC1=Cc1ccccc1C=C1N=C(c2ccccc2)OC1=O,,,,,,,,,,,,,,csd_FUDJOF,8.043420447,7.70780157,-1.647970276,-1.952101754,7.633069814,3.6858,0.9464,0.699343592,0.363724716,0.335618877,0.624901638,0.304131477,0.32077016,-1.074578186,-8.707648
O=C1OC(c2ccccc2)=NC1=Cc1ccccc1,,,,,,,,,,,,,,csd_KEDJEI01,7.732162304,7.532390546,-1.304889625,-1.421090031,5.837661642,3.3792,1.7837,0.405165991,0.205394232,0.199771758,0.231250341,0.116200406,0.115049935,-1.591322672,-7.428984314
O=C1OC(c2ccccc2)=NC1=Cc1cccc2ccccc12,,,,,,,,,,,,,,csd_ZUCMAN,7.342921785,7.191221251,-1.475608615,-1.586261569,5.458062612,2.9983,1.5749,0.311841909,0.160141375,0.151700535,0.220590357,0.110652954,0.109937403,-1.67622224,-7.134284852
O=C1OC=NC1=Cc1ccc(-c2ccccc2)cc1,,,,,,,,,,,,,,csd_FEBROW,7.980145996,7.758466911,-1.183848719,-1.366959019,6.745161832,3.7219,1.8617,0.436674805,0.21499572,0.221679085,0.363140623,0.1831103,0.180030323,-1.230227394,-7.975389226
O=C1OCC(=C(c2ccccc2)c2ccc(Cl)cc2)O1,,,,,,,,,,,,,,csd_QAXHAB,7.893771897,7.553303404,0.076391924,-0.409308164,7.312519522,4.4985,2.8419,0.624691838,0.284223345,0.340468493,0.890713477,0.485700088,0.405013389,-0.212521034,-7.525040556
O=C1OC(c2ccccc2)=NC1=Cc1ccc(Cl)s1,,,,,,,,,,,,,,csd_ZOZPEL,7.49814372,7.298222108,-1.435766799,-1.541799557,5.468675058,3.099,1.5354,0.402353203,0.202431591,0.199921612,0.21124754,0.106032758,0.105214783,-1.716767226,-7.185442284
O=C1OCC(c2ccccc2)=C1c1c(C#Cc2ccccc2)c2ccccc2c2ccccc12,,,,,,,,,,,,,,csd_TAYGOP,7.311092828,7.092775766,-0.719745612,-1.05716289,7.043398776,3.7646,2.294,0.385419548,0.167102486,0.218317062,0.643729205,0.337417278,0.306311927,-0.485995604,-7.52939438
O=C1OCCC2N=C(c3ccccc3)c3ccccc3-n3cnc1c32,,,,,,,,,,,,,,csd_MAYTOX,8.167660625,7.977448585,-0.709978624,-0.946919985,6.834687338,3.7123,3.0603,0.41804765,0.22783561,0.19021204,0.470169454,0.236941361,0.233228093,-0.948045176,-7.782732514
O=C1OCCC1=CNc1cc(-c2ccccc2)[nH]n1,,,,,,,,,,,,,,csd_DULJAW,7.082236736,6.92295682,0.328761005,0.048262928,6.6123702,4.0199,2.7107,0.330154991,0.170875075,0.159279916,0.503697627,0.280498077,0.223199549,-0.038368074,-6.650738274
O=C1OCC2Cc3cnn(-c4ccc(Br)cc4)c3C=C12,,,,,,,,,,,,,,csd_FAPZEE,8.131456129,7.960311117,-0.694391118,-1.006573632,6.721760028,3.8489,2.3843,0.380243124,0.209098112,0.171145012,0.609839039,0.312182514,0.297656525,-1.048183128,-7.769943156
O=C1OCC2Cc3cnn(-c4cc(F)cc(F)c4)c3C=C12,,,,,,,,,,,,,,csd_FAPZII,8.272230497,8.059482792,-0.737756565,-1.06061901,6.720943686,3.8408,2.3768,0.437410466,0.224662761,0.212747705,0.626705753,0.322862445,0.303843309,-1.114034716,-7.834978402
O=C1OCC2Cc3ccc(O)c4c3C(=C12)c1ccc2c(c1CO4)OCO2,,,,,,,,,,,,,,csd_REPVOZ,7.266007348,7.074471202,-0.49847829,-0.766434388,6.20964148,3.3087,2.3802,0.402184764,0.210648618,0.191536147,0.529755345,0.267956098,0.261799247,-0.732803002,-6.942444482
O=C1OCC2CC3=C(OC(c4ccccc4)=C12)c1ccccc1C3=O,,,,,,,,,,,,,,csd_FAWMIC,7.988956286,7.842972839,-1.200938948,-1.412119004,6.211274164,2.9153,2.0868,0.352053746,0.2060703,0.145983447,0.421114375,0.211180056,0.209934318,-1.519484576,-7.73075874
O=C1OCC2=C1Oc1ccnc3ccc(O)c2c13,,,,,,,,,,,,,,csd_WIVBIO,7.500928915,7.374717789,-0.567290478,-0.79379545,6.083924812,3.1774,2.0486,0.258266336,0.13205521,0.126211126,0.454487823,0.226504972,0.227982851,-0.968453726,-7.052378538
O=C1OCC2=C1Cc1cnn(-c3ccccc3)c1N2,,,,,,,,,,,,,,csd_RIXTOI,7.568579395,7.337679754,0.20504511,0.01211827,6.978907758,3.8957,3.0402,0.404753357,0.173853716,0.230899641,0.377040723,0.19292684,0.184113883,-0.117553248,-7.096461006
O=C1OCC2=C1Cc1c(ccc3ccccc13)N2,,,,,,,,,,,,,,csd_MEHNOD,7.242536944,7.142629826,-0.056081416,-0.173848655,6.506517854,3.4758,2.4694,0.203521081,0.103613963,0.099907118,0.234871036,0.117767238,0.117103797,-0.387490336,-6.89400819
O=C1OCC2=C1CC(c1ccccc1)=C2c1ccc(C(=O)O)cc1,,,,,,,,,,,,,,csd_CUWBED,7.748185465,7.53362929,-0.94948738,-1.308795413,6.36882817,3.5981,2.21,0.417294982,0.202738808,0.214556175,0.652351137,0.359308033,0.293043104,-1.14559994,-7.51442811
O=C1OCC1=C(C=Cc1ccccc1)c1ccccc1,,,,,,,,,,,,,,csd_XESRAP,7.712795134,7.552762469,-0.903213796,-1.149016903,6.227873118,3.7723,2.0216,0.323515654,0.163482989,0.160032665,0.481732965,0.245803107,0.235929859,-1.185872812,-7.41374593
O=C1OCC(c2ccccc2)=C1c1ccc(Br)cc1,,,,,,,,,,,,,,csd_LIPBEU,7.991310344,7.795873171,-0.707427555,-1.090514815,6.680670814,3.9001,2.6714,0.391642251,0.196205079,0.195437173,0.672511247,0.383087259,0.289423988,-0.982875768,-7.663546582
O=C1OCC(OC(=O)c2cc(O)ccc2-c2ccccc2)=C1c1ccccc1,,,,,,,,,,,,,,csd_XERJAF,7.885755147,7.648906032,-0.802839975,-1.159501156,6.57427424,3.7313,2.8182,0.623851278,0.387002163,0.236849114,0.715579002,0.35666118,0.358917822,-1.037842796,-7.612117036
O=C1OCC(=Cc2ccc3c(c2)OCO3)C1=Cc1ccc2c(c1)OCO2,,,,,,,,,,,,,,csd_ZASJOS,7.107909114,6.752711635,-0.873070422,-1.143134587,5.769905256,2.9868,1.855,0.629877514,0.274680035,0.355197479,0.556862797,0.270064165,0.286798632,-1.087367544,-6.8572728
O=C1OCC(Nc2ccccc2O)=C1c1ccc(O)c(O)c1,,,,,,,,,,,,,,csd_AYUJIO,6.772270917,6.589614667,0.148827582,-0.170724324,6.359848408,3.7203,2.5963,0.379757945,0.197101694,0.18265625,0.810719581,0.319551906,0.491167675,-0.106940802,-6.46678921
O=C1OCC(Nc2ccccc2Cl)=C1c1ccccc1,,,,,,,,,,,,,,csd_YAHTAE,7.358220524,7.236410325,-0.172303401,-0.479366363,6.642846968,3.9106,2.6945,0.256342817,0.134532617,0.121810199,0.745670729,0.307062962,0.438607767,-0.426946866,-7.069793834
O=C1OCC(Nc2ccc(Cl)cc2)=C1c1ccc(Br)cc1,,,,,,,,,,,,,,csd_MARTIK,7.413019386,7.278004582,-0.370033407,-0.712480712,6.581621318,3.8727,2.702,0.27091561,0.135900807,0.135014803,0.811488303,0.342447306,0.469040997,-0.574976882,-7.1565982
O=C1OCC(N(c2ccccc2)c2ccccc2)=C1I,,,,,,,,,,,,,,csd_TAZFEI,7.351716455,7.274679349,0.532448185,0.098328938,6.799856746,3.8517,2.8663,0.154160472,0.077123366,0.077037106,0.745442425,0.434119247,0.311323178,-0.295515804,-7.09537255
O=C1OCC(C=Cc2ccc3[nH]c4ccccc4c3c2)=C1c1nc2ccccc2s1,,,,,,,,,,,,,,csd_ZIBZIW,7.045138945,6.903976814,-1.431931352,-1.60766475,5.409082092,2.9934,1.7479,0.29501974,0.153857609,0.141162131,0.350657257,0.175733398,0.174923859,-1.51975669,-6.928838782
O=C1OCC(=c2c(=O)c3cccc4cccc2c43)c2ccccc21,,,,,,,,,,,,,,csd_WUCZAW,8.184590197,7.911648154,-1.205103653,-1.590966747,7.845318734,3.3295,1.9525,0.598299229,0.325357186,0.272942043,0.763742364,0.385863094,0.37787927,-0.71838096,-8.563699694
O=C1OCC(=O)c2c1cc(=O)n1ccccc21,,,,,,,,,,,,,,csd_DOJJET,8.024464795,7.915368306,-0.971714468,-1.181117429,6.159028276,3.3035,2.2532,0.225193818,0.116097329,0.109096489,0.42967402,0.209402961,0.220271058,-1.406557266,-7.565585542
O=C1OCC(=Cc2ccccc2)c2ccccc21,,,,,,,,,,,,,,csd_JEVJUQ,8.657696278,8.167661386,-0.253416013,-0.779145132,9.700047758,5.0559,1.9704,0.9034175,0.413382609,0.490034891,0.973305274,0.525729119,0.447576155,0.358646252,-9.341401506
O=C1OCC(=Cc2ccccc2)N1c1ccccc1,,,,,,,,,,,,,,csd_DIJVOI,7.330631974,7.129067964,0.188293255,-0.104637656,6.888021682,4.1193,2.7059,0.413447699,0.211883689,0.20156401,0.722340436,0.292930911,0.429409525,-0.103947548,-6.99196923
O=C1OCC(=Cc2ccccc2)N1c1ccc(O)c(O)c1,,,,,,,,,,,,,,csd_IZEGIF,7.166339391,6.953405833,0.383493417,-0.031537251,6.889110138,4.0164,2.847,0.416939275,0.204005716,0.212933559,0.849732265,0.415030667,0.434701598,0.072382324,-6.816727814
O=C1OCC(=Cc2ccccc2)N1c1ccc(Cl)cc1,,,,,,,,,,,,,,csd_ZOBDAY,7.533914194,7.261346307,0.128687609,-0.215712659,7.07088229,4.1172,2.8753,0.562445488,0.289877602,0.272567886,0.708529617,0.344400268,0.364129349,-0.138233912,-7.209116202
O=C1OCC(=Cc2ccccc2)N1C(=O)c1ccccc1,,,,,,,,,,,,,,csd_REMJOK,7.73101752,7.349711247,-0.421407958,-0.712997048,6.597131816,3.5738,2.7263,0.766010434,0.384704161,0.381306273,0.564223481,0.29158909,0.272634391,-0.765184568,-7.362316384
O=C1OC(c2ccccc2)=NC1=Cc1ccc(O)c(O)c1,,,,,,,,,,,,,,csd_LICHAH,7.262556045,7.072327977,-1.182452992,-1.312592383,5.482008644,3.1418,1.6882,0.385574028,0.19534596,0.190228067,0.26056921,0.130139391,0.130429819,-1.447374366,-6.92938301
O=C1OC(c2ccccc2)=NC1=Cc1cc(O)ccc1O,,,,,,,,,,,,,,csd_MOZZIL,7.236661595,7.057986481,-1.229886871,-1.356811561,5.399285988,2.8401,1.6484,0.359414294,0.18073918,0.178675114,0.254979281,0.126924691,0.12805459,-1.491728948,-6.891014936
O=C1NC(=S)SC1=c1[nH]c(=O)c(=Cc2ccc3c(c2)C2CCCC2N3c2ccc(C=C(c3ccccc3)c3ccccc3)cc2)s1,,,,,,,,,,,,,,csd_LUZCUF,6.415018433,6.332733336,-1.351418262,-1.54225045,4.987033278,2.6574,1.7827,0.16545021,0.083165113,0.082285097,0.385050834,0.190832188,0.194218646,-1.433496552,-6.42052983
O=C1OC(=CI)CCn2c1c(I)c1ccccc12,,,,,,,,,,,,,,csd_NILYOZ,7.808896547,7.59604435,-0.240514762,-0.711080414,7.67225423,4.0726,2.6655,0.445441638,0.232589441,0.212852197,0.902961056,0.470565652,0.432395405,-0.170615478,-7.842869708
O=C1OC(=O)C(c2c[nH]c3ccccc23)=C1c1c[nH]c2ccccc12,,,,,,,,,,,,,,csd_SAPZOB,7.116957177,6.915993641,-1.098928852,-1.329138112,5.445273254,2.6327,1.7338,0.41538066,0.214417124,0.200963536,0.453209949,0.23020926,0.223000688,-1.444381112,-6.889654366
O=C1OC(=O)C(=Cc2ccc3c(c2)OCO3)C1=Cc1ccc2c(c1)OCO2,,,,,,,,,,,,,,csd_XIBTOS,7.023028866,6.845890816,-1.400642868,-1.561793405,5.23955507,2.8515,1.5823,0.361154327,0.184016276,0.177138051,0.3182678,0.161150537,0.157117263,-1.554859396,-6.794414466
O=C1OC(=O)C(=Cc2ccc(O)cc2)C1=Cc1ccc(O)cc1,,,,,,,,,,,,,,csd_WAPFUO,7.183205235,6.984022685,-1.310148908,-1.438620731,5.437654062,2.9973,1.6504,0.406530425,0.207347875,0.19918255,0.255870971,0.128471822,0.127399149,-1.498259684,-6.935913746
O=C1OC(=O)C(=C2c3ccccc3-c3ccccc32)C1=Cc1cc(O)c(O)c(O)c1,,,,,,,,,,,,,,csd_NOGFEU,7.246909571,7.034428266,-1.928500762,-2.156077864,4.990026532,2.4163,1.3807,0.438309258,0.225827953,0.212481305,0.455473121,0.227577102,0.227896019,-2.040038658,-7.03006519
O=C1OC(=O)C(=C2C3CC4CC(C3)CC2C4)C1=Cc1c[nH]c2ccccc12,,,,,,,,,,,,,,csd_MOPLEI,7.286165825,7.084601462,-0.790902878,-1.047629376,6.107326616,3.2968,2.0135,0.431668316,0.230103952,0.201564364,0.537637943,0.256726498,0.280911446,-0.963011446,-7.070338062
O=C1OC(=O)C(=C2C3CC4CC(C3)CC2C4)C1=C1c2ccccc2-c2ccccc21,,,,,,,,,,,,,,csd_NOGFAQ,7.580555349,7.318626032,-1.679612508,-1.961783025,5.639834764,2.7117,1.6304,0.541217059,0.279287741,0.261929317,0.551889098,0.282170517,0.26971858,-1.8095581,-7.449392864
O=C1OC(=O)C(=C(c2ccccc2)c2ccccc2)C1=Cc1ccccc1,,,,,,,,,,,,,,csd_VACLAM,7.593417634,7.299287979,-1.51494,-1.782962766,5.79874934,2.9483,1.7885,0.601359695,0.30723004,0.294129655,0.539422195,0.268022766,0.271399429,-1.637854166,-7.436603506
O=C1OC(=Cc2ccccc2)c2ccccc2N1c1ccccc1,,,,,,,,,,,,,,csd_IDEFUV,7.338037829,6.978102845,-0.245846019,-0.615711804,6.6395816,3.7293,2.5073,0.741760723,0.381825739,0.359934984,0.687623915,0.369865784,0.31775813,-0.470485106,-7.110066706
O=C1OC(=Cc2ccccc2)c2ccccc21,,,,,,,,,,,,,,csd_HEZNIM,7.979295912,7.703662852,-0.662071512,-0.908540591,8.029539912,4.2745,2.0674,0.567373745,0.291740685,0.27563306,0.492641798,0.246469079,0.246172719,-0.334972334,-8.364512246
O=C1OC(=Cc2ccccc2)C(c2ccccc2)=C1c1ccccc1,,,,,,,,,,,,,,csd_QOYROM,7.733464914,7.407016007,-1.117636417,-1.448597518,6.677405446,3.6776,1.9079,0.592120064,0.265671157,0.326448907,0.611094573,0.330961102,0.280133472,-1.071040704,-7.74844615
O=C1OC(=Cc2ccc(O)cc2)C(=O)N1c1ccc(O)cc1,,,,,,,,,,,,,,csd_LOYTIE,7.855798388,7.574325027,-0.631642173,-0.980098845,7.16884333,4.0292,2.3045,0.608547586,0.327074225,0.281473361,0.687021998,0.348456671,0.338565327,-0.623413174,-7.792256504
O=C1OC(=CI)Cn2c1c(I)c1ccccc12,,,,,,,,,,,,,,csd_NIMBIX,7.919839058,7.736935184,-0.502951844,-0.803662032,7.427623744,3.9552,2.5744,0.381466004,0.19856213,0.182903874,0.607053136,0.300710188,0.306342948,-0.478376412,-7.906000156
O=C1OC(=CI)CCCn2c1c(I)c1ccccc12,,,,,,,,,,,,,,csd_NILYEP,7.752016014,7.515243091,-0.150779456,-0.688763256,7.701370428,4.0792,2.7137,0.491259921,0.254486999,0.236772922,0.91854312,0.5379838,0.38055932,-0.086804366,-7.788174794
O=C1OC(=O)C(c2cccs2)=C1c1cccs1,,,,,,,,,,,,,,csd_SAPZIV,8.680119043,8.256997283,-1.737179041,-2.068252798,8.230904272,3.7731,1.3866,0.829607558,0.406485798,0.42312176,0.638033043,0.331073757,0.306959286,-1.095530964,-9.326435236
O=C1OC(=CC=C2OC(=O)c3ccccc32)c2ccccc21,,,,,,,,,,,,,,csd_HUCYIO,7.351453185,7.117327225,-1.45130557,-1.637898521,5.421599336,3.1546,1.5691,0.485186419,0.251060458,0.23412596,0.377847078,0.186592951,0.191254128,-1.678127038,-7.099726374
O=C1OC(=C2C(c3ccccc3)=Cc3ccccc32)c2ccccc21,,,,,,,,,,,,,,csd_GASXIJ,7.29600193,7.066155398,-1.442800402,-1.663546081,5.477382706,2.5929,1.6628,0.462061545,0.232215013,0.229846532,0.449231642,0.22074568,0.228485962,-1.647106042,-7.124488748
O=C1OC(=C2C(c3ccccc3)=C(c3ccccc3)c3ccccc32)c2ccccc21,,,,,,,,,,,,,,csd_COHRAV,7.036670485,6.83290744,-1.526409333,-1.743599027,5.321461384,2.5431,1.5605,0.40563653,0.201873485,0.203763045,0.443405953,0.217189694,0.226216259,-1.648738726,-6.97020011
O=C1OC(=C(c2ccccc2)c2ccccc2)c2ccccc21,,,,,,,,,,,,,,csd_VEKWIR,7.448943549,7.19143184,-0.810211544,-1.053398846,6.168552266,3.5866,2.1814,0.524106884,0.266595174,0.25751171,0.509504784,0.243187302,0.266317482,-1.053353294,-7.22190556
O=C1OC(=C(c2ccc(I)cc2)c2ccc(I)cc2)c2ccccc21,,,,,,,,,,,,,,csd_MEDJOV,7.482616079,7.25942491,-1.150315131,-1.400365312,5.992494508,3.5003,2.1516,0.457807043,0.234615874,0.223191168,0.52264038,0.250050181,0.272590199,-1.318936558,-7.311431066
O=C1OC(=C(c2ccc(Br)o2)c2ccc(Br)o2)C=C1Br,,,,,,,,,,,,,,csd_GATBIN,7.239563582,7.097060745,-1.578424468,-1.753137711,5.169077544,2.9139,1.2811,0.2907617,0.148258864,0.142502836,0.323498103,0.174713243,0.14878486,-1.837857956,-7.0069355
O=C1OC(=C(O)c2ccc(O)cc2)c2ccccc21,,,,,,,,,,,,,,csd_AVAWUP,7.228551563,6.936009312,-0.227319519,-0.613471271,6.260798912,3.6241,2.228,0.606380987,0.313838736,0.292542251,0.715772285,0.386151753,0.329620532,-0.558105814,-6.818904726
O=C1OC(=C(C(=C2OC(=O)c3ccccc32)c2ccccc2)c2ccccc2)c2ccccc21,,,,,,,,,,,,,,csd_BASWOJ,7.353046548,7.128217798,-1.302949044,-1.577997794,5.933989998,3.1656,2.0937,0.495505716,0.270676966,0.22482875,0.580981077,0.275048749,0.305932328,-1.369821876,-7.303811874
O=C1Nc2nnc(Cl)cc2Nc2nnc(Cl)cc21,,,,,,,,,,,,,,csd_GOYBEB,8.685624998,8.494734033,-1.295194611,-1.636651966,7.564497086,3.3613,2.6122,0.43139076,0.240499795,0.190890964,0.69136004,0.341457355,0.349902685,-1.19458046,-8.759077546
O=C1Nc2ncccc2N=C(c2ccccc2)C=C1c1ccccc1,,,,,,,,,,,,,,csd_LAGTUL,7.74421124,7.30118679,-0.845454388,-1.284256717,6.492095812,3.239,2.644,0.93839683,0.49537238,0.44302445,0.938962283,0.438802329,0.500159954,-1.023692868,-7.51578868
O=C1Nc2ccsc2C1=C1C(=O)Oc2cc3c(cc21)OC(=O)C3=C1C(=O)Nc2ccsc21,,,,,,,,,,,,,,csd_XASQIU,7.051817711,6.875361578,-2.230101307,-2.385316221,4.775328586,2.2029,0.9858,0.357495754,0.181039621,0.176456133,0.313806219,0.155214914,0.158591305,-2.250110666,-7.025439252
O=C1Nc2ccsc2C1=C1C(=O)Nc2ccsc21,,,,,,,,,,,,,,csd_WAMZIW,6.911268109,6.75907747,-1.233050577,-1.394221522,4.994108242,2.3624,1.0733,0.307620523,0.155429884,0.152190639,0.321196563,0.161170945,0.160025617,-1.578805428,-6.57291367
O=C1OC(=O)C(c2ccc(Oc3ccc(O)cc3)cc2)=C1c1ccc(Oc2ccc(O)cc2)cc1,,,,,,,,,,,,,,csd_ERISAA,7.400854801,7.130445051,-1.378539048,-1.850658471,5.542690066,2.8048,1.9158,0.476908357,0.206498607,0.27040975,0.922610136,0.472119423,0.450490713,-1.682480862,-7.225170928
O=C1OC(=O)C2=C1Nc1ccc(F)cc1CN2c1ccc(F)cc1,,,,,,,,,,,,,,csd_UMALEZ,7.012909491,6.870182977,-0.921777195,-1.3545356,5.340509364,2.3983,1.58,0.270935474,0.12820896,0.142726514,0.811640414,0.432758405,0.37888201,-1.381794892,-6.722304256
O=C1OC(c2ccccc2)=NC1=Cc1cc(O)cc(O)c1,,,,,,,,,,,,,,csd_LEVCAS,7.833777617,7.597934182,-1.261038427,-1.422430274,6.625703786,3.5044,1.7886,0.482660983,0.246817548,0.235843435,0.322716918,0.161391847,0.161325071,-1.22179186,-7.847495646
O=C1OC(c2ccc(O)cc2)=C(C(=O)c2ccc(O)cc2)C1=O,,,,,,,,,,,,,,csd_IDIJIO,8.051493253,7.719911188,-1.406121339,-1.652983432,5.844464492,2.3924,1.9289,0.665419412,0.333837347,0.331582066,0.468555274,0.246862093,0.221693181,-1.874321232,-7.718785724
O=C1OC(c2ccccc2)=NC1=CNc1ccccc1,,,,,,,,,,,,,,csd_GUQZIB,7.107356695,6.96863638,-0.722960285,-0.886390185,5.829770336,3.3718,1.9229,0.289032062,0.150311746,0.138720316,0.330749098,0.1634299,0.167319198,-0.973351778,-6.803122114
O=C1OC(c2ccccc2)=NC1=CNc1cccc(O)c1,,,,,,,,,,,,,,csd_YAWLOZ,7.077482959,6.939572074,-0.743351664,-0.912824862,5.796572428,3.3465,1.9176,0.284696415,0.14678553,0.137910885,0.342493021,0.169473198,0.173019823,-0.988590162,-6.78516259
O=C1OC(c2ccccc2)=NC1=CNc1ccc(F)c(Cl)c1,,,,,,,,,,,,,,csd_KEDBUR,7.218738153,7.072331569,-0.884977586,-1.049988877,5.809361786,3.3556,1.9132,0.302216339,0.155809755,0.146406584,0.334814508,0.16501129,0.169803218,-1.123014478,-6.932376264
O=C1OC(c2ccccc2)=NC1=CNC(=O)c1ccccc1,,,,,,,,,,,,,,csd_HAMYUS,7.694342431,7.404043406,-1.143843226,-1.265876913,5.950316838,3.4455,1.9802,0.599320745,0.30902172,0.290299025,0.247108574,0.122033687,0.125074887,-1.399482302,-7.34979914
O=C1OC(c2ccccc2)=Cc2c(-c3ccccc3)nnn2-c2ccccc21,,,,,,,,,,,,,,csd_DATJAM,7.760062425,7.523021198,-0.648224529,-1.023426468,7.1565982,4.0634,2.6885,0.498128079,0.261086852,0.237041227,0.756809715,0.37520194,0.381607776,-0.612800728,-7.769398928
O=C1OC(c2ccccc2)=CC1=Cc1ccccc1O,,,,,,,,,,,,,,csd_CEZHEX,7.118167377,6.90680797,-1.065064727,-1.230215394,5.525546884,3.0108,1.5028,0.41125797,0.199898564,0.211359407,0.307200434,0.165150667,0.142049767,-1.321657698,-6.847204582
O=C1OC(c2ccccc2)=CC1=CNc1cc(Cl)cc(Cl)c1,,,,,,,,,,,,,,csd_FIJRUO,7.134730031,6.925665116,-0.841261384,-1.040036307,6.49127947,3.3515,1.7235,0.434674904,0.22560999,0.209064914,0.403002739,0.198774923,0.204227816,-0.71974153,-7.211021
O=C1OC(c2ccccc2)=C2C(=O)OC(c3ccccc3)=C12,,,,,,,,,,,,,,csd_TEYBEE,7.545943047,7.373827432,-1.727562152,-1.817237647,5.295882668,2.8444,1.36,0.345813546,0.173697931,0.172115615,0.179431346,0.089675495,0.089755851,-1.975819754,-7.271702422
O=C1OC(c2ccccc2)=C(c2ccccc2)C1=O,,,,,,,,,,,,,,csd_YAJMUS,8.280306052,7.959221654,-1.439880891,-1.668043173,6.742168578,2.5784,1.9892,0.636911634,0.315827237,0.321084397,0.442098554,0.228162283,0.213936272,-1.549961344,-8.292129922
O=C1OC(c2ccccc2)=C(c2ccccc2)C12CC2,,,,,,,,,,,,,,csd_XEGPIK,7.556836859,7.251072453,0.076264656,-0.476837879,7.02190177,4.2631,2.6859,0.602637134,0.296872728,0.305764406,0.914277488,0.553102536,0.361174953,-0.209255666,-7.231157436
O=C1OC(c2ccccc2)=C(C(=O)c2ccccc2)C1=O,,,,,,,,,,,,,,csd_NOQFEF,8.879252014,8.436943523,-1.572087586,-1.83103282,7.304356102,2.6491,2.1084,0.946750893,0.504442403,0.44230849,0.510685568,0.258945233,0.251740335,-1.598941864,-8.903297966
O=C1OC(c2ccccc2)=C(C(=O)c2ccccc2)C1=C1C(=O)OC(c2ccccc2)=C1C(=O)c1ccccc1,,,,,,,,,,,,,,csd_TAYBOK,7.147052713,6.888867412,-2.369541501,-2.525808407,4.64498598,2.1576,0.7166,0.521804174,0.263618873,0.258185301,0.297466317,0.156266907,0.14119941,-2.460999016,-7.105984996
O=C1OC(c2ccc(-c3ccccc3)cc2)=CC1=Cc1cccc(O)c1,,,,,,,,,,,,,,csd_AYUCAZ,7.128868967,6.938295016,-1.305606237,-1.470120647,5.463777006,2.9867,1.5002,0.382386022,0.19181207,0.190573951,0.312119928,0.16451441,0.147605518,-1.487375124,-6.95115213
O=C1OC(=O)C2=C1c1cccc3cccc2c13,,,,,,,,,,,,,,csd_KECPIR,8.98454805,8.769702264,-1.944948312,-2.099921044,6.956866524,3.0022,1.9619,0.437989878,0.223144092,0.214845786,0.302970449,0.154972733,0.147997716,-2.034324264,-8.991190788
O=C1OC(=O)c2ccccc2C1=C(O)c1ccccc1,,,,,,,,,,,,,,csd_BESQEV,8.164895674,7.88930237,-0.790692398,-1.266272213,7.452658232,3.9074,2.5713,0.564982189,0.289388885,0.275593304,0.972497503,0.475579815,0.496917689,-0.744776018,-8.19743425
O=C1OC(=O)c2ccccc2C1=C(O)c1ccc(F)cc1,,,,,,,,,,,,,,csd_DEVRIF,8.032628678,7.792476372,-0.959870978,-1.329306278,6.396583798,3.5523,2.4763,0.494707606,0.2545553,0.240152306,0.77102223,0.3694353,0.40158693,-1.283289624,-7.679873422
O=C1OC(=O)c2cccc3cccc1c23,,,,,,,,,,,,,,csd_NAPTAN02,9.123740701,8.984548268,-1.169047949,-1.367409204,8.363151676,4.4143,2.1362,0.279516535,0.140324101,0.139192434,0.395488283,0.198361255,0.197127028,-0.977977716,-9.341129392
O=C1OC(=O)c2ccc3c4cccc5cccc(c6ccc1c2c63)c54,,,,,,,,,,,,,,csd_SAJYEH,7.430249644,7.355254209,-1.91635577,-2.02367345,5.067034794,2.661,1.4063,0.151566954,0.076571519,0.074995435,0.21460706,0.10731768,0.10728938,-2.13473433,-7.201769124
O=C1OC(=O)c2ccc3c4c(ccc1c24)C(=O)OC3=O,,,,,,,,,,,,,,csd_KENDEM,9.496837377,9.408692822,-2.552654603,-2.705782185,6.106510274,3.2083,2.0788,0.179330745,0.091186191,0.088144555,0.304535403,0.153127582,0.151407822,-2.96332146,-9.069831734
O=C1OC(=O)c2cc3c(cc21)CCC3,,,,,,,,,,,,,,csd_EMUKON,9.288260445,9.109536622,-0.714195357,-0.931061534,7.381364364,3.7959,3.1772,0.36849882,0.189774998,0.178723822,0.43026965,0.216866178,0.213403472,-1.341249906,-8.72261427
O=C1OC(=O)c2cc(C#Cc3ccccc3)ccc21,,,,,,,,,,,,,,csd_IGAFUS,8.721464779,8.524061528,-1.22673043,-1.482171297,8.408594714,4.5014,2.2407,0.397368319,0.199965068,0.197403251,0.51191868,0.255440868,0.256477813,-0.830764042,-9.239358756
O=C1OC(=O)c2cc(-c3cccc4c3C(=O)OC4=O)ccc21,,,,,,,,,,,,,,csd_CEDKON,9.374075595,9.192469976,-1.6742554,-1.934589313,6.974009706,3.622,3.0574,0.397354741,0.215749122,0.181605618,0.520776943,0.260333913,0.260443031,-2.03269158,-9.006701286
O=C1OC(=O)c2c3c(c4c(c21)CCCc1ccccc1-4)-c1ccccc1CCC3,,,,,,,,,,,,,,csd_LIVNOT,8.050686707,7.884871864,-1.115431749,-1.309591891,6.492912154,3.6955,2.8895,0.341599398,0.175784556,0.165814843,0.385869081,0.194160142,0.191708939,-1.406557266,-7.89946942
O=C1OC(=O)c2c1ccc1ccccc21,,,,,,,,,,,,,,csd_FIWYIT,8.778983365,8.678572293,-1.30603713,-1.477941367,6.450190256,3.4773,2.3981,0.203157074,0.102746001,0.100411073,0.342546709,0.171904237,0.170642472,-1.823435914,-8.27362617
O=C1OC(=O)c2c1cc1ccc(O)cc1c2-c1ccc(O)cc1,,,,,,,,,,,,,,csd_WAPGAV,7.775090192,7.555854745,-0.861688982,-1.122000853,6.277397866,3.3415,2.4966,0.418619905,0.199384459,0.219235447,0.509836328,0.260311872,0.249524456,-1.185328584,-7.46272645
O=C1OC(=O)C2=Cc3c[nH]c4cccc(c34)CC=C12,,,,,,,,,,,,,,csd_DAYVAD,7.548784788,7.381160578,-0.759743213,-0.949133931,6.08446904,3.203,1.971,0.349875555,0.182251345,0.16762421,0.388414952,0.189390718,0.199024234,-1.1020617,-7.18653074
O=C1OCCCC(=O)c2nc3ccccc3nc2-c2ccccc21,,,,,,,,,,,,,,csd_VAKQII,7.983202435,7.769998667,-0.889875638,-1.123118698,6.351957102,2.9258,2.4727,0.474578245,0.261374477,0.213203768,0.524807496,0.233243059,0.291564437,-1.192131434,-7.544088536
O=C1OCCCCCCCCCCCOc2ccc3c(c4ccc(=O)cc-4oc3c2)-c2ccccc21,,,,,,,,,,,,,,csd_XEXQOH,7.057163118,6.889018163,-1.195499933,-1.418422525,5.470035628,2.4933,1.5536,0.349047159,0.180902204,0.168144955,0.463450959,0.222922592,0.240528367,-1.376352612,-6.84638824
O=C1OCCCCCc2ccc(s2)C(=O)c2ccccc21,,,,,,,,,,,,,,csd_BOTPDO,9.20001597,9.010356321,-0.087946973,-0.530551006,9.396912762,3.9798,2.729,0.388093885,0.198434236,0.189659648,0.911788162,0.442604033,0.469184129,0.324359888,-9.072552874
O=C1OCc2cn3ccccc3c21,,,,,,,,,,,,,,csd_VAWRAP,7.804359808,7.655574485,0.318509736,0.088618278,8.153079668,4.1052,2.6197,0.299541241,0.150755918,0.148785323,0.461030124,0.229891458,0.231138666,0.342047298,-7.81103237
O=C1ON=C(c2ccccc2)C1=Cc1ccc(N2CCCC2)cc1,,,,,,,,,,,,,,csd_UMOLOZ,7.054084421,6.976463902,-1.021611468,-1.190047857,5.520104604,3.1292,1.8031,0.171510733,0.093890215,0.077620519,0.338532401,0.168436389,0.170096012,-1.26941181,-6.789516414
O=C1ON=C(c2ccccc2)C1=Cc1ccc(C=Cc2ccc(-n3c4ccccc4c4ccccc43)cc2)cc1,,,,,,,,,,,,,,csd_IDIBOO,7.030131314,6.92831469,-1.876638827,-2.049021685,4.907303876,2.9049,1.695,0.212177354,0.110360731,0.101816623,0.345763831,0.172382858,0.173380973,-2.013099372,-6.920403248
O=C1ON=C(c2ccccc2)C1=Cc1ccc(-c2ccccc2)cc1,,,,,,,,,,,,,,csd_UMOLUF,8.359575282,8.090738078,-1.537248178,-1.782805484,7.682050334,3.8965,1.788,0.605622633,0.33678543,0.268837203,0.487251954,0.245557306,0.241694648,-1.078387782,-8.760438116
O=C1ON=C(c2ccccc2)C1=Cc1c(O)cc(O)cc1O,,,,,,,,,,,,,,csd_IVATUV,7.618336474,7.290755572,-0.941535937,-1.148150737,5.996576218,3.2196,1.92,0.719490369,0.391909467,0.327580901,0.41952414,0.2066148,0.212909341,-1.290092474,-7.286668692
O=C1ON=C(c2ccccc2)C1=C(O)c1ccccc1,,,,,,,,,,,,,,csd_UHACUB,8.313919314,7.975612196,-0.961241154,-1.278853649,6.534001368,3.7644,2.4737,0.726103501,0.387796383,0.338307118,0.618151659,0.317612495,0.300539164,-1.346147958,-7.880149326
O=C1OCn2nccc2-c2ccccc21,,,,,,,,,,,,,,csd_NABJIJ,8.52312717,8.320383301,-0.20495251,-0.541617964,7.286124464,4.2229,3.1615,0.404732268,0.201988399,0.202743869,0.622382379,0.336665455,0.285716924,-0.687904192,-7.974028656
O=C1OCc2oc(=O)c3ccccc3c21,,,,,,,,,,,,,,csd_NOGJEA,8.684009811,8.516299041,-0.355211575,-0.597386422,7.240409312,4.1059,3.0474,0.347703759,0.179992989,0.16771077,0.511659301,0.242174848,0.269484454,-0.905595392,-8.146004704
O=C1OCc2nsc(-c3ccccc3)c21,,,,,,,,,,,,,,csd_REMQIM,8.614354259,8.453130524,-0.801298722,-0.98911507,6.894552418,3.9957,2.7282,0.327907982,0.166684247,0.161223735,0.373281903,0.187816348,0.185465555,-1.235669674,-8.130222092
O=C1OCc2nc3oncc3c(-c3ccc(F)cc3)c21,,,,,,,,,,,,,,csd_EVOQUD,8.771989627,8.602485354,-1.101940773,-1.328039316,6.844483442,3.7474,2.9965,0.373145329,0.203641056,0.169504273,0.446965749,0.226098543,0.220867206,-1.486830896,-8.331314338
O=C1OCc2nc3c(cnn3-c3ccccc3)c(-c3ccccc3)c21,,,,,,,,,,,,,,csd_REZQET,7.913694724,7.778572435,-0.936216108,-1.175676156,6.485292962,3.6002,2.8665,0.287125441,0.152003153,0.135122288,0.468900586,0.239460048,0.229440538,-1.165736376,-7.651029338
O=C1OCc2nc3c(cnn3-c3ccccc3)c(-c3ccc(O)cc3)c21,,,,,,,,,,,,,,csd_REZQAP,8.006445325,7.841988603,-0.79458839,-1.032922159,7.421093008,3.9934,2.902,0.356333283,0.191876561,0.164456722,0.476206575,0.238333768,0.237872807,-0.631848708,-8.052941716
O=C1OCc2csc(-c3ccccc3)c21,,,,,,,,,,,,,,csd_PARDUK,7.999088995,7.840119724,-0.450450713,-0.638817275,6.702439934,3.8958,2.5349,0.319688507,0.160719236,0.158969271,0.375778005,0.188366563,0.187411443,-0.853349504,-7.555789438
O=C1OCc2ccccc2C1=Cc1ccco1,,,,,,,,,,,,,,csd_MUQPET,7.825023383,7.584505846,-0.623986382,-0.934134926,7.283947552,3.7478,2.0466,0.498019233,0.257501696,0.240517537,0.628264803,0.310148544,0.318116259,-0.55511256,-7.839060112
O=C1ON=C(c2ccccc2)C1=Cc1ccc2c(c1)Cc1ccccc1-2,,,,,,,,,,,,,,csd_UMUKUK,7.691814329,7.554216619,-1.567391334,-1.720420084,5.68446146,3.071,1.8491,0.354736518,0.217138809,0.137597709,0.302810636,0.15302875,0.149781886,-1.791054348,-7.475515808
O=C1OCc2ccccc2-c2ccccc21,,,,,,,,,,,,,,csd_ROWDIS,8.416673643,8.275740006,-0.040069113,-0.345508942,7.571027822,4.3626,3.2506,0.291296187,0.15036255,0.140933637,0.584566696,0.305439829,0.279126868,-0.418239218,-7.98926704
O=C1OCc2cccc3cccc1c23,,,,,,,,,,,,,,csd_XAHJIC,8.229228948,8.094506177,-0.438991448,-0.623939361,6.823802778,3.9405,2.5142,0.246777112,0.112054341,0.134722771,0.369365149,0.184947913,0.184417236,-0.90613962,-7.729942398
O=C1OCc2cccc3ccc4cccc1c4c23,,,,,,,,,,,,,,csd_GATKER,7.967075245,7.850187153,-0.369986821,-0.56434566,6.878225578,3.7638,2.65,0.236722608,0.119834516,0.116888093,0.402143103,0.194358839,0.207784264,-0.713755022,-7.5919806
O=C1OCc2cccc(-c3ccccc3Cl)c21,,,,,,,,,,,,,,csd_FEHTAO,8.323059488,8.092433621,-0.012709901,-0.3133224,7.46680816,4.2079,3.4598,0.546903969,0.316278102,0.230625867,0.566565022,0.300612499,0.265952523,-0.423681498,-7.890489658
O=C1OCc2ccc3ccsc3c21,,,,,,,,,,,,,,csd_DOHNIA,8.350618568,8.230847319,0.008717607,-0.191154915,7.26816494,4.1989,3.0446,0.253614112,0.133842863,0.119771249,0.40155512,0.199872522,0.201682597,-0.509397408,-7.777562348
O=C1OCc2ccc3ccoc3c21,,,,,,,,,,,,,,csd_CAHYAN,8.571324573,8.407326636,0.083190366,-0.119165904,7.464359134,4.3938,3.1639,0.334833012,0.170835074,0.163997938,0.406458668,0.20235627,0.204102398,-0.479464868,-7.943824002
O=C1OCc2ccc3ccccc3c2-c2c1ccc1ccccc21,,,,,,,,,,,,,,csd_LELGOY,7.630647101,7.520021032,-0.621119906,-0.819159686,6.601757754,3.7416,2.4905,0.231065984,0.120439915,0.110626069,0.411098185,0.19803978,0.213058405,-0.814165088,-7.415922842
O=C1OCc2ccc3cc(Br)oc3c21,,,,,,,,,,,,,,csd_CAHXUG,8.366375683,8.203422391,-0.121064607,-0.31053949,7.21646328,4.2838,3.0926,0.329911014,0.166957722,0.162953292,0.383796661,0.189474883,0.194321778,-0.614433412,-7.830896692
O=C1OCc2ccc(N3Cc4ccccc4C3=O)cc21,,,,,,,,,,,,,,csd_DIWZEP,8.030819419,7.821636353,-0.214618734,-0.393968309,7.105168654,4.1717,3.2811,0.450819454,0.241636388,0.209183066,0.39156927,0.179349575,0.212219695,-0.55103085,-7.656199504
O=C1OCc2cc3nc[nH]c3c(-c3ccc(O)cc3)c21,,,,,,,,,,,,,,csd_RAWJUW,7.698821264,7.501535893,-0.145771361,-0.401919154,6.836592136,3.9372,2.9651,0.387966018,0.190680647,0.197285371,0.499408484,0.256147793,0.243260691,-0.478648526,-7.315240662
O=C1OCc2cc3cccnc3c(-c3ccccc3)c21,,,,,,,,,,,,,,csd_KANKUH,7.936470012,7.759515285,-0.820658816,-0.990851511,6.486925646,3.3875,2.5415,0.350557146,0.173602419,0.176954727,0.343449148,0.170192694,0.173256453,-1.142606686,-7.629532332
O=C1OCc2cc3ccccc3cc21,,,,,,,,,,,,,,csd_VEBKOF,8.478515114,8.358765797,-0.318808109,-0.505087177,8.181923752,4.3251,2.5133,0.240094563,0.120345246,0.119749317,0.379315052,0.186279067,0.193035984,-0.2993254,-8.481249152
O=C1ON=C(c2ccccc2)C1=Cc1ccc(O)c(O)c1,,,,,,,,,,,,,,csd_UMUKOE,7.702900579,7.560587624,-1.261128469,-1.450937971,5.688271056,3.1642,1.8298,0.325035221,0.182722265,0.142312955,0.379718134,0.189809502,0.189908633,-1.6054726,-7.293743656
O=C1ON=C(c2ccccc2)C1=Cc1ccccc1,,,,,,,,,,,,,,csd_QACYAW,8.246693197,7.941899068,-1.440129358,-1.616779617,6.075217164,3.0649,1.935,0.6620526,0.357258471,0.304794129,0.351853579,0.176650259,0.17520332,-1.812823468,-7.888040632
O=C1OCCCCOC(=O)c2ccc3c(c2)C(=C2c4cc(O)ccc4Sc4ccc1cc42)c1cc(O)ccc1S3,,,,,,,,,,,,,,csd_CUKYUC,6.794123848,6.599847786,-0.542746339,-0.862885739,6.126102482,3.1975,2.4221,0.387363803,0.193087741,0.194276062,0.627018412,0.3201394,0.306879013,-0.565725006,-6.691827488
O=C1Oc2cc(O)ccc2C1=C(O)c1ccccc1,,,,,,,,,,,,,,csd_KIYCIE,7.135454561,6.930936672,-0.497352173,-0.912168278,5.739700602,3.2389,2.0751,0.415089498,0.210571609,0.204517889,0.747886199,0.414816106,0.333070094,-0.896071402,-6.635772004
O=C1Oc2ccccc2C1=C(c1ccccc1)c1c(-c2ccccc2)oc2ccccc12,,,,,,,,,,,,,,csd_UDALES,7.140859398,6.985970477,-1.273534065,-1.531181124,5.690175854,2.8358,1.9009,0.367030629,0.212141707,0.154888921,0.525064644,0.257647059,0.267417584,-1.36057,-7.050745854
O=C1Oc2ccccc2C(=O)C1=NNc1ccon1,,,,,,,,,,,,,,csd_LESTUA,8.552591184,8.400629856,-1.455887997,-1.646419498,6.255356632,2.8382,2.2365,0.421321317,0.269359989,0.151961329,0.391548916,0.190531502,0.201017415,-1.883573108,-8.13892974
O=C1Oc2ccccc2C(=O)C1=CNc1nccs1,,,,,,,,,,,,,,csd_IZESUD,8.0398797,7.869056055,-1.022453117,-1.183559571,6.326106272,3.0857,2.4928,0.378089614,0.207265968,0.170823645,0.33288658,0.161106454,0.171780126,-1.321929812,-7.648036084
O=C1Oc2ccccc2C(=O)C1=CNc1ccccn1,,,,,,,,,,,,,,csd_DOLYOU,8.15414445,8.025670478,-0.773968272,-0.967302194,7.420004552,3.4723,2.6915,0.262271065,0.133797093,0.128473972,0.405806112,0.193333922,0.21247219,-0.74015008,-8.160154632
O=C1Oc2ccccc2C(=O)C1=CNc1ccccc1Br,,,,,,,,,,,,,,csd_DOLYEK,7.870418801,7.745599021,-1.044660612,-1.189550161,6.29671796,3.3321,2.4785,0.262067551,0.137247771,0.12481978,0.295528321,0.144889548,0.150638773,-1.29798378,-7.59470174
O=C1Oc2ccccc2C(=O)C1=CNc1ccccc1,,,,,,,,,,,,,,csd_QELDAP,7.84580677,7.721536062,-0.936062908,-1.074955037,6.312228458,3.4138,2.4847,0.262836518,0.138565809,0.124270709,0.281371019,0.138892129,0.14247889,-1.217165922,-7.52939438
O=C1Oc2ccccc2C(=O)C1=C1NCCn2cccc21,,,,,,,,,,,,,,csd_NIYHIP,7.63509524,7.444979964,-0.580926328,-0.772210116,6.460530588,3.4111,2.6393,0.391819316,0.20170404,0.190115276,0.450563096,0.191283788,0.259279308,-0.862057152,-7.32258774
O=C1Oc2ccccc2C(=O)C1=C(O)C=Cc1ccc(O)c(O)c1,,,,,,,,,,,,,,csd_LAQJAR,7.47404095,7.263211377,-1.294294731,-1.470626235,5.586772534,3.1312,2.0446,0.423990347,0.213160774,0.210829573,0.370581988,0.176331505,0.194250484,-1.52792011,-7.114692644
O=C1Oc2ccc3ccccc3c2CCC1Cl,,,,,,,,,,,,,,csd_TESTUJ,7.817374531,7.632962057,0.007599056,-0.12506686,7.042582434,4.1113,2.6699,0.387321353,0.202908879,0.184412474,0.269438031,0.132665915,0.136772116,-0.376333662,-7.418916096
O=C1Oc2ccc3ccccc3c2C1=Cc1ccccc1,,,,,,,,,,,,,,csd_MELTAZ,7.451842244,7.292589212,-1.162165751,-1.384145603,5.758476468,3.0352,1.8075,0.323641806,0.164388775,0.159253031,0.441981981,0.221979853,0.220002128,-1.420162966,-7.178639434
O=C1Oc2ccc(O)cc2C1=C1C(=O)Oc2ccc(O)cc21,,,,,,,,,,,,,,csd_DAWBEI01,7.654601923,7.503449399,-1.992652182,-2.216568262,4.987033278,2.2214,1.3744,0.311972987,0.160820462,0.151152524,0.444677814,0.22391608,0.220761734,-2.308343062,-7.29537634
O=C1Oc2cc3occc3cc2C2CCC12,,,,,,,,,,,,,,csd_LEQDOA,8.149141335,7.824202388,0.718137554,0.51759838,8.926427656,4.8099,3.1278,0.686165247,0.361226301,0.324938947,0.399568932,0.200539174,0.199029758,0.769538392,-8.156889264
O=C1Oc2cc(O)cc(C(=O)O)c2Oc2cc(O)ccc21,,,,,,,,,,,,,,csd_UGASAZ,8.044590809,7.570930405,-0.012136829,-0.349083894,7.13346851,3.9557,3.1126,0.921305894,0.44764549,0.473660404,0.705260439,0.336947065,0.368313374,-0.445450618,-7.578919128
O=C1ON=CC1=Cc1c[nH]c2ccc(O)cc12,,,,,,,,,,,,,,csd_AVUZIB,7.629373227,7.531887625,-0.903985974,-1.072258169,5.891540214,3.2636,1.8791,0.217405698,0.119920096,0.097485602,0.337457442,0.168272196,0.169185247,-1.337984538,-7.229524752
O=C1Oc2c(ccc(O)c2O)C(=O)Oc2c(ccc(O)c2O)C(=O)Oc2c1ccc(O)c2O,,,,,,,,,,,,,,csd_IBUCIU,7.456061834,7.355663741,0.201032381,0.014867765,7.218368078,4.2284,3.2864,0.216672133,0.11627404,0.100398093,0.364745143,0.186164616,0.178580527,0.03265368,-7.185714398
O=C1Oc2c(c3ccccc3c3ccccc23)C12CC2,,,,,,,,,,,,,,csd_WICWEK,7.448072295,7.28603287,-0.144657462,-0.289757654,6.729107106,3.7292,2.6091,0.3287837,0.166744275,0.162039424,0.29541104,0.145100192,0.150310848,-0.419599788,-7.148706894
O=C1Oc2c(c(O)c(O)c3occc23)C2CCC12,,,,,,,,,,,,,,csd_KALXIE01,7.445937914,7.151281011,1.014520286,0.768026418,8.435534,4.6677,3.016,0.612037312,0.317380409,0.294656903,0.578155065,0.246493868,0.331661196,1.0204275,-7.4151065
O=C1Oc2c(O)ccc3c4c(c(O)c(c23)C1=O)CCO4,,,,,,,,,,,,,,csd_HUTJIR,7.606691926,7.454997215,-0.95873093,-1.177419373,5.826777082,3.1758,2.0509,0.30936159,0.157666879,0.151694711,0.460664131,0.218688443,0.241975687,-1.3877814,-7.214558482
O=C1O[SiH2]C(c2ccccc2)=C1c1ccccc1,,,,,,,,,,,,,,csd_NEMJAS,8.121123144,7.854794832,-0.765589474,-1.169514135,6.745978174,3.7812,2.6117,0.558118603,0.291790291,0.266328312,0.751777511,0.403924661,0.34785285,-1.07621087,-7.822189044
O=C1OSc2cccc3cccc1c23,,,,,,,,,,,,,,csd_WALGOF,8.039452399,7.712621308,-0.621649494,-0.854478641,7.144897298,3.6119,2.271,0.556185832,0.229354741,0.326831091,0.458451463,0.232829147,0.225622316,-0.723551126,-7.868448424
O=C1OP(Cl)Oc2ccc3ccccc3c21,,,,,,,,,,,,,,csd_HUMREM,8.359231602,8.169053304,-0.784653236,-1.036510254,6.707337986,3.7384,2.5587,0.405029444,0.214851146,0.190178298,0.501425012,0.251857017,0.249567995,-1.20274388,-7.910081866
O=C1OP(Cl)Oc2cc3ccccc3cc21,,,,,,,,,,,,,,csd_HUMRAI,8.290649078,8.049450493,-0.747098783,-0.994064279,6.679582358,3.6542,2.5286,0.513396123,0.272197539,0.241198584,0.502663947,0.246965496,0.255698451,-1.165464262,-7.84504662
O=C1ON=CC1=Cc1cn(-c2ccccc2)nc1-c1cccc(O)c1,,,,,,,,,,,,,,csd_QEGYUZ,7.778766997,7.688353038,-1.290886231,-1.472966416,5.940520734,3.2032,1.982,0.175800066,0.085386108,0.090413958,0.361268343,0.182080185,0.179188157,-1.620166756,-7.56068749
O=C1ON=CC1=Cc1cn(-c2ccccc2)nc1-c1ccc(O)cc1,,,,,,,,,,,,,,csd_QEGZEK,7.615336689,7.466228285,-1.273353653,-1.45172819,5.78650421,3.1769,1.9729,0.324517714,0.17540931,0.149108404,0.352523143,0.178374537,0.174148606,-1.596220724,-7.382724934
O=C1ON=CC1=Cc1ccc2ccccc2c1,,,,,,,,,,,,,,csd_MEDXOL,8.228737918,8.125530384,-1.536239914,-1.708991623,6.716861976,3.4458,1.7695,0.209484786,0.106277252,0.103207534,0.34016114,0.172751709,0.167409431,-1.518668234,-8.23553021
O=C1ON=CC1=Cc1ccc2c(c1)Cc1ccccc1-2,,,,,,,,,,,,,,csd_UMOMIU,7.83496164,7.723487473,-1.532333473,-1.669467146,5.674121128,3.0624,1.8284,0.230209342,0.118735175,0.111474167,0.269313294,0.137133673,0.13217962,-1.871872206,-7.545993334
O=C1OCc2cc3cc4c(cc3c(-c3cc(O)c(O)c(O)c3Cl)c21)OCO4,,,,,,,,,,,,,,csd_CUSQOY,7.804096728,7.358347057,-0.245883571,-0.53448006,7.57701433,4.0258,2.6343,0.726203149,0.280453478,0.445749671,0.577420738,0.288596489,0.288824249,-0.100137952,-7.677152282
O=C1OCc2cc3cc4c(cc3c(-c3cc(O)c(O)c(O)c3Br)c21)OCO4,,,,,,,,,,,,,,csd_CUSKAE,7.357616159,7.115449665,-0.279619176,-0.550221855,6.494272724,3.623,2.6783,0.470291089,0.228124595,0.242166494,0.537922574,0.270602679,0.267319896,-0.52790116,-7.022173884
O=C1OCc2cc3c(F)cccc3cc21,,,,,,,,,,,,,,csd_OFINAV,8.423870187,8.285149626,-0.435178587,-0.628974313,7.745180782,4.158,2.5225,0.279491038,0.140770477,0.138720561,0.393654126,0.193795727,0.199858399,-0.538241492,-8.283422274
O=C1OCCN1c1nnc(-n2cccn2)cc1-c1ccccc1,,,,,,,,,,,,,,csd_GAQZOO,7.978604525,7.73226734,-0.344415234,-0.711813489,6.945981964,3.3971,2.7276,0.540317178,0.293979993,0.246337185,0.70564793,0.367398255,0.338249675,-0.68164557,-7.627627534
O=C1OCCc2nsc(-c3ccccc3)c21,,,,,,,,,,,,,,csd_REMQEI,8.517901819,8.320231407,-0.502161897,-0.853151405,7.17428561,3.9612,3.0039,0.400416295,0.202745883,0.197670412,0.587239427,0.350989508,0.236249919,-0.899608884,-8.073894494
O=C1OCCc2ccc3ccccc3c21,,,,,,,,,,,,,,csd_IFEHIN,8.097056321,7.991858436,-0.342950771,-0.563435276,6.854279546,3.913,2.5692,0.212073651,0.106875767,0.105197885,0.431368991,0.220484505,0.210884486,-0.771715304,-7.62599485
O=C1OCCc2cc3ccccc3nc21,,,,,,,,,,,,,,csd_BORCAO,8.568437444,8.450142386,-0.582060635,-0.766991813,7.023806568,3.4824,2.7151,0.378777355,0.260482297,0.118295058,0.378271086,0.184931178,0.193339909,-1.04083605,-8.064642618
O=C1OCCc2cc3cc(O)cc(O)c3c(-c3ccccc3)c21,,,,,,,,,,,,,,csd_CAHDEW,7.335684043,7.181893101,-0.09435553,-0.332349971,6.651282502,3.73,2.5647,0.316468854,0.162677913,0.153790941,0.512088615,0.237994442,0.274094174,-0.34558478,-6.996867282
O=C1OCCc2c1cnn2-c1ccccc1,,,,,,,,,,,,,,csd_CAMZOG,8.780563096,8.478142046,0.360281576,0.081313459,8.984387938,4.9986,3.5661,0.580816503,0.278395452,0.30242105,0.564390368,0.278968116,0.285422252,0.309393618,-8.67499432
O=C1OCCc2c1c(O)c1c(O)cccc1c2O,,,,,,,,,,,,,,csd_TEYGEL,6.934301389,6.750601527,0.052615691,-0.189662614,6.12664671,3.2593,2.3159,0.375074863,0.191375001,0.183699862,0.475410478,0.242278305,0.233132173,-0.368986584,-6.495633294
O=C1OCCc2c(-c3ccc(Br)cc3)[nH]c(-c3ccccc3)c21,,,,,,,,,,,,,,csd_EWOHIJ,7.229516044,7.059794461,-0.180140012,-0.517427764,6.640125828,3.9012,2.7689,0.328460374,0.15873879,0.169721583,0.559321619,0.337287752,0.222033867,-0.370347154,-7.010472982
O=C1OCCc2c(-c3c(Cl)cccc3Cl)noc21,,,,,,,,,,,,,,csd_IREWOR,9.51241808,9.281628945,0.011933832,-0.387063661,10.03502009,4.9617,3.182,0.4685033,0.237714164,0.230789135,0.789744761,0.398997493,0.390747268,0.268848632,-9.76617146
O=C1OCCc2[nH]c3ccccc3c21,,,,,,,,,,,,,,csd_OFAMEP,8.058199013,7.84791462,0.795145408,0.476061565,8.947380434,4.9585,3.1844,0.426663269,0.216378876,0.210284393,0.931006595,0.319083842,0.611922752,0.847362996,-8.100017438
O=C1OCCOCCOCCOC(=O)c2cccnc2-c2ncccc21,,,,,,,,,,,,,,csd_CIRWOQ,8.089959016,7.843022636,0.110004806,-0.158988863,7.398507546,3.7756,3.5041,0.570493804,0.323557424,0.24693638,0.613614893,0.268993669,0.344621224,-0.21360949,-7.612117036
O=C1OCCOC(=O)c2cccnc2-c2ncccc21,,,,,,,,,,,,,,csd_XALSEK,8.478210809,8.236782724,-0.088168229,-0.568014519,7.546809676,3.8971,3.4612,0.524413312,0.282985226,0.241428085,0.923007014,0.47984629,0.443160724,-0.413069052,-7.959878728
O=C1OCCOC(=O)c2ccccc2-c2ccccc21,,,,,,,,,,,,,,csd_ZAQXAS,8.32080701,8.083958658,0.197434054,-0.217323275,7.859196548,4.654,3.4016,0.471777212,0.23492886,0.236848352,0.818417005,0.414757329,0.403659676,-0.098233154,-7.957429702
O=C1OCCN1c1ncn2ccccc12,,,,,,,,,,,,,,csd_QACXUN,7.062648801,6.794358356,0.672318046,0.289784131,7.777562348,3.6995,2.3572,0.536890419,0.268599974,0.268290445,0.825924114,0.382533916,0.443390198,0.696339726,-7.081222622
O=C1OCc2cc(O)cc(O)c2-c2c(O)cc(O)cc21,,,,,,,,,,,,,,csd_MIRRAG,7.200454949,6.979758931,0.576310077,0.1115564,7.003398018,3.9531,3.1305,0.453105484,0.232409465,0.220696019,0.911812408,0.464753678,0.44705873,0.186125976,-6.817272042
O=C1OCCN1c1ccccc1-c1[nH]c(=O)[nH]c1-c1ccccc1,,,,,,,,,,,,,,csd_CIQREC,6.927041741,6.595440083,0.235250444,-0.193421624,7.332928072,3.7874,2.565,0.724866797,0.393265139,0.331601658,0.80129845,0.428672069,0.372626381,0.360006822,-6.97292125
O=C1OCCN1c1ccc(C=Cc2ccccc2)cc1,,,,,,,,,,,,,,csd_BIRREZ,7.263145444,6.987951412,0.02583483,-0.34209568,6.713324494,3.9144,2.6118,0.553984702,0.278790671,0.275194031,0.651105018,0.36793051,0.283174509,-0.248712196,-6.96203669
O=C1OCCN1c1cc2c(cc1-c1ccccc1O)CCC2,,,,,,,,,,,,,,csd_WESMOX,7.455002766,7.176963838,0.600299294,0.248755517,7.507353146,4.3749,3.3483,0.57947392,0.301434991,0.278038929,0.645767502,0.351543777,0.294223725,0.31837338,-7.188979766
O=C1OCCN1c1c(-c2ccccc2)nc2c([nH]c3ccccc32)c1-c1ccccc1,,,,,,,,,,,,,,csd_SAPTEL,7.291722665,6.972417567,-0.336676856,-0.588494145,6.654819984,3.6791,2.982,0.667876057,0.348570959,0.319305098,0.488328982,0.251817289,0.236511693,-0.47075722,-7.125577204
O=C1OCCN1c1c(-c2ccccc2)[nH]c2c(-n3nc(-c4ccccc4)cc3-c3ccccc3)cccc12,,,,,,,,,,,,,,csd_MIYBOO,7.049689235,6.556986838,-0.266017558,-0.517848725,6.625159558,3.881,2.818,0.948471851,0.455769453,0.492702398,0.481790354,0.251831167,0.229959188,-0.325448344,-6.950607902
O=C1OCCN1c1[nH]c2c(-n3nc(-c4ccccc4)cc3-c3ccccc3)cccc2c1-c1ccccc1,,,,,,,,,,,,,,csd_MIXZUR,6.731322114,6.535703169,0.057260677,-0.297471215,6.63413932,3.8976,2.9148,0.395701376,0.200082431,0.195618945,0.701486218,0.354731892,0.346754326,-0.000816342,-6.634955662
O=C1OCCN1c1[nH]c(-c2ccc(O)cc2)cc1-c1ccccc1,,,,,,,,,,,,,,csd_CUWMIS,6.418788028,6.170792581,0.918856324,0.442897917,6.79332601,3.9852,2.913,0.482736767,0.234741319,0.247995448,0.946198883,0.475958407,0.470240476,0.644093838,-6.149232172
O=C1OCCN1C1=Cc2cc(O)cc(O)c2CN1c1ccccc1,,,,,,,,,,,,,,csd_MOPJOS,6.747713717,6.343549868,0.339864672,0.057183124,6.643119082,3.6863,2.5993,0.856901952,0.452738103,0.404163849,0.663056646,0.282681547,0.380375099,0.137145456,-6.505973626
O=C1OCCN1C1=C(c2ccccc2)Cc2ccc(Cl)cc21,,,,,,,,,,,,,,csd_NAJQEX,7.397376912,7.130248041,-0.267095129,-0.616068817,6.677133332,3.8893,2.5283,0.565457246,0.298328374,0.267128872,0.632755392,0.348973688,0.283781704,-0.485179262,-7.162312594
O=C1OCCN1C1=C(c2ccccc2)Cc2cc(O)ccc2O1,,,,,,,,,,,,,,csd_NAJQIB,7.895438051,7.560464901,1.359528075,0.987110134,10.2976101,5.0821,2.5713,0.729048101,0.394074951,0.33497315,0.651025398,0.372417942,0.278607456,1.772278482,-8.52533162
O=C1OCCN1C(=O)c1ncoc1-c1ccc(O)c(O)c1,,,,,,,,,,,,,,csd_RAYMUZ,7.413274629,7.189148477,-0.133767161,-0.583948481,6.421074058,3.6959,2.6291,0.459034821,0.234908669,0.224126152,0.832908845,0.45018132,0.382727525,-0.503138786,-6.924212844
O=C1OCCCc2cc3cc(O)ccc3cc21,,,,,,,,,,,,,,csd_LIPXAK,7.9574792,7.772812979,0.092989109,-0.183075252,8.125596154,4.2478,2.6411,0.379682896,0.195016675,0.18466622,0.573929624,0.276064361,0.297865263,0.158914576,-7.966681578
O=C1OCCc2onc(-c3c(Cl)cccc3Cl)c21,,,,,,,,,,,,,,csd_IREWIL,8.74385821,8.543771969,0.327371374,-0.060805778,8.033077394,4.7088,3.5737,0.483027112,0.282940872,0.200086241,0.745097385,0.388177152,0.356920233,-0.15510498,-8.188182374
O=C1OCCn2c1cc1c(O)ccc(O)c12,,,,,,,,,,,,,,csd_IJUMIK,7.093967299,6.906616892,0.40722554,0.124744595,6.446924888,3.6289,2.5842,0.378424232,0.191073825,0.187350407,0.556204826,0.282480945,0.273723881,-0.09932161,-6.546246498
O=C1OCCn2nnc(-c3cccc(O)c3)c21,,,,,,,,,,,,,,csd_IPUYOJ,7.893806973,7.715267045,-0.3828595,-0.664092122,6.397128026,3.5893,2.8433,0.361784842,0.183244915,0.178539927,0.548785855,0.281232622,0.267553233,-0.891989692,-7.289117718
O=C1OCOC(=O)C1=CNc1ccc2cccc(O)c2n1,,,,,,,,,,,,,,csd_LIJGUH,7.774393853,7.573199292,-1.048994844,-1.238654765,6.040114458,3.2215,2.3403,0.419222094,0.218027533,0.201194561,0.390610939,0.189659921,0.200951019,-1.320569242,-7.3606837
O=C1OCc2c1n(-c1cccc3cccnc13)c(=O)c1ccccc21,,,,,,,,,,,,,,csd_ZODHEI,7.69139364,7.511436489,-0.413588518,-0.636933974,7.343268404,3.8961,2.6064,0.345753491,0.165796339,0.179957152,0.472946377,0.223345457,0.24960092,-0.387490336,-7.73075874
O=C1OCc2c1cc1ccccc1c2-c1c(O)ccc2ccccc12,,,,,,,,,,,,,,csd_DOJGOZ,7.554153761,7.415501065,-0.454205886,-0.608363637,6.618084594,3.7775,2.537,0.279433594,0.140780899,0.138652695,0.302771996,0.154157751,0.148614245,-0.701509892,-7.319594486
O=C1OCc2c1c1oc3ccccc3n1c2-c1ccc(O)cc1,,,,,,,,,,,,,,csd_EWOFAZ,7.250552089,6.958261925,0.138464393,-0.036537291,6.81781627,3.9504,3.0656,0.5504439,0.258153735,0.292290165,0.390304811,0.175001684,0.215303128,-0.134424316,-6.952240586
O=C1OCc2c1c1ccccc1c1ccccc21,,,,,,,,,,,,,,csd_MEDRUK,8.078696517,7.968636118,-0.529824054,-0.700981202,6.860538168,3.8386,2.698,0.222964116,0.112903718,0.110060399,0.340024212,0.171157148,0.168867064,-0.867227318,-7.727765486
O=C1OCc2c1c(=O)[nH]c1ccccc21,,,,,,,,,,,,,,csd_MISYET,8.677565634,8.539268945,-0.756775864,-1.00735381,8.003961196,3.9982,2.8355,0.285979351,0.147682662,0.138296689,0.494416498,0.250577946,0.243838553,-0.681101342,-8.685062538
O=C1OCc2c1c(-c1ccc3c(c1)OCO3)c1cc(O)c(O)cc1c2O,,,,,,,,,,,,,,csd_RORRUN,7.320254362,6.995957061,-0.082840753,-0.414713437,7.314968548,3.8975,2.4837,0.592435444,0.268138142,0.324297302,0.640045326,0.331872683,0.308172642,-0.010340332,-7.32530888
O=C1OCc2c1c(-c1ccc3c(c1)OCO3)c1cc(O)c(O)c(O)c1c2O,,,,,,,,,,,,,,csd_KAFDUQ,6.815228194,6.581174779,-0.01299562,-0.293738355,6.259710456,3.4737,2.3273,0.441453263,0.207399849,0.234053415,0.550761185,0.280742735,0.27001845,-0.28708027,-6.546790726
O=C1OCc2c(ccc3ccccc23)O1,,,,,,,,,,,,,,csd_INIRON,8.173998486,8.019438768,-0.164281127,-0.323906954,7.077140912,4.0921,2.7017,0.329114808,0.17455509,0.154559718,0.316240959,0.159625828,0.156615131,-0.618515122,-7.695656034
O=C1OCc2c(O)cc3ccsc3c21,,,,,,,,,,,,,,csd_DOHFEO,8.114235395,7.987083597,0.043182859,-0.173526826,7.06952172,3.967,3.0032,0.278394935,0.151243138,0.127151797,0.435978602,0.216709685,0.219268917,-0.458784204,-7.528305924
O=C1OCOc2ccccc21,,,,,,,,,,,,,,csd_BEGTIQ,9.052933046,8.736984855,0.181030805,-0.111276966,8.676627004,4.5593,3.4462,0.620823601,0.30487541,0.315948191,0.576582763,0.29230777,0.284274992,-0.07619192,-8.752818924
O=C1OCOc2cc3ccccc3cc21,,,,,,,,,,,,,,csd_FARTEZ,8.082078323,7.885212851,-0.480412641,-0.678435822,6.658901694,3.6082,2.5114,0.398519225,0.201653753,0.196865472,0.395943095,0.198023181,0.197919914,-0.931718336,-7.59062003
O=C1OCOc2c1ccc1ccccc21,,,,,,,,,,,,,,csd_FARVIF,8.234402134,8.011428684,-0.214131622,-0.465341879,8.027363,4.1278,2.5916,0.457072199,0.234098749,0.22297345,0.499946916,0.251210257,0.248736659,-0.208983552,-8.236346552
O=C1OCOC(=O)C1=Cc1cccc2ccccc12,,,,,,,,,,,,,,csd_XEPSOB,8.04953044,7.908372255,-1.432961603,-1.714123992,5.935078454,3.1197,2.0254,0.348379989,0.207221804,0.141158185,0.506298873,0.281162389,0.225136484,-1.761121808,-7.696200262
O=C1OCOC(=O)C1=Cc1cccc2cccc(O)c12,,,,,,,,,,,,,,csd_XENVAN,7.608863396,7.443531937,-1.05782576,-1.51380289,5.822423258,2.9177,2.1177,0.355721625,0.190390166,0.165331459,0.770674141,0.45597713,0.314697011,-1.39050254,-7.212925798
O=C1OCOC(=O)C1=Cc1ccc2ncccn12,,,,,,,,,,,,,,csd_OHIMEZ,7.817130309,7.678171675,-1.269180649,-1.443989594,5.818613662,3.1895,1.9565,0.281269738,0.142311105,0.138958633,0.348090242,0.174808945,0.173281297,-1.625609036,-7.444222698
O=C1OCOC(=O)C1=Cc1ccc2ccoc2c1,,,,,,,,,,,,,,csd_BFRNDX,8.449896667,8.270846117,-1.243858237,-1.529942434,7.266532256,3.9291,2.331,0.361324616,0.182274066,0.179050549,0.561295725,0.286084197,0.275211528,-1.178525734,-8.44505799
O=C1OCOC(=O)C1=Cc1ccc(N(c2ccccc2)c2ccccc2)cc1,,,,,,,,,,,,,,csd_QICLOG02,6.997042523,6.908658536,-1.201145754,-1.563779021,5.448266508,3.0328,2.0608,0.16921137,0.080827382,0.088383988,0.717185563,0.362633266,0.354552297,-1.422339878,-6.870606386
O=C1OCOC(=O)C1=Cc1ccc(N(c2ccccc2)c2ccc(O)cc2)cc1,,,,,,,,,,,,,,csd_QICMOH,6.854879013,6.683819989,-1.125444728,-1.492168412,5.387040858,3.0054,2.0419,0.325759098,0.154700074,0.171059024,0.73809317,0.366723684,0.371369486,-1.343426818,-6.730467676
O=C1OCOC(=O)C1=Cc1ccc(-c2ccc(C=C3C(=O)OCOC3=O)[nH]2)[nH]1,,,,,,,,,,,,,,csd_ZEVYEH,7.398123865,7.232795562,-1.929153291,-2.131440118,5.124722962,2.7709,1.6426,0.340626863,0.17529856,0.165328303,0.4061745,0.202286826,0.203887673,-2.103169106,-7.227892068
O=C1OCOC(=O)C1=CNc1nc2ccccc2s1,,,,,,,,,,,,,,csd_GURGIJ,8.114122195,7.923274225,-0.936623191,-1.194109703,6.495633294,3.768,2.6865,0.412890273,0.222042303,0.19084797,0.519320861,0.257486512,0.261834349,-1.260159934,-7.755793228
O=C1OCOC(=O)C1=CNc1nc2ccc(F)cc2s1,,,,,,,,,,,,,,csd_NEFPOE,8.099738793,7.878101668,-0.990439449,-1.25159052,6.404747218,3.7236,2.6601,0.476396511,0.254759385,0.221637125,0.526804541,0.261151071,0.265653469,-1.316487532,-7.72123475
O=C1OCOC(=O)C1=CNc1nc2ccc(Cl)cc2s1,,,,,,,,,,,,,,csd_IDILOW,8.323997193,8.04834952,-0.985353638,-1.289401849,7.496196472,4.0224,2.7518,0.588393463,0.31274579,0.275647672,0.61754694,0.304048211,0.31349873,-0.859063898,-8.35526037
O=C1OCOC(=O)C1=CNc1nc(-c2ccccc2)cs1,,,,,,,,,,,,,,csd_VELLOO,7.975485826,7.724312904,-0.746213324,-1.046013291,7.27768893,3.9643,2.6425,0.52754333,0.276370407,0.251172923,0.607870839,0.299799967,0.308070872,-0.70477526,-7.98246419
O=C1OCOC(=O)C1=CNc1cccc2ccccc12,,,,,,,,,,,,,,csd_MUCDEU,7.865551743,7.578426983,-0.659343596,-0.946802404,7.266260142,3.8805,2.4279,0.542673086,0.255548326,0.287124761,0.54613854,0.287458808,0.258679732,-0.612800728,-7.87906087
O=C1OCOC(=O)C1=CNc1ccc2ccccc2c1,,,,,,,,,,,,,,csd_BUFFAK,7.70318532,7.543487409,-0.671076036,-0.888707018,6.436312442,3.795,2.5136,0.334798752,0.175100842,0.159697911,0.4477419,0.217630981,0.230110918,-0.958385508,-7.39469795
O=C1Nc2cccnc2Nc2ncccc21,,,,,,,,,,,,,,csd_ZEYSAA,7.539344936,7.295655066,-0.173172016,-0.456241326,6.477129542,3.1908,2.7138,0.382039675,0.138349805,0.24368987,0.508546997,0.28306931,0.225477688,-0.621508376,-7.098637918
O=C1Nc2cccnc2Nc2ccccc21,,,,,,,,,,,,,,csd_KUDXOY,7.349628688,7.083800303,0.040175401,-0.261470315,6.544069586,3.2422,2.7687,0.380392814,0.114564429,0.265828384,0.515428352,0.301645716,0.213782636,-0.38232017,-6.926389756
O=C1Nc2ccccc2SCC1=Cc1ccc(O)cc1,,,,,,,,,,,,,,csd_NOTYEC,7.326243864,7.093735784,-0.261507268,-0.614046738,6.460258474,3.5188,2.6103,0.506629192,0.274121113,0.232508079,0.686851111,0.35253947,0.334311641,-0.547493368,-7.007751842
O=C1NCCN1c1cc(-c2ccccc2)no1,,,,,,,,,,,,,,csd_HOGYAE,8.22388803,7.894648866,0.797673129,0.486084558,9.686986286,5.2982,3.0437,0.670684492,0.341445327,0.329239164,0.630330666,0.311588571,0.318742094,1.108592436,-8.57839385
O=C1NCCc2cc3cc(O)ccc3cc21,,,,,,,,,,,,,,csd_YAPBIB,7.632393801,7.492115551,0.146990241,-0.060562236,6.927206098,3.9635,2.6743,0.288599428,0.148321178,0.14027825,0.427733548,0.207552477,0.22018107,-0.240548776,-7.167754874
O=C1NCCc2cc3cc(Br)ccc3cc21,,,,,,,,,,,,,,csd_YANZUJ,7.943680598,7.82672464,-0.280369122,-0.461141255,6.93482529,3.9226,2.6222,0.240992594,0.124036636,0.116955958,0.374495804,0.180772133,0.193723671,-0.625590086,-7.560415376
O=C1NCCc2cc(O)c(O)cc2-c2ccccc21,,,,,,,,,,,,,,csd_NUBBUJ,7.41351749,7.220583494,0.754228279,0.297844311,7.297009024,4.3912,3.3929,0.399231429,0.206297433,0.192933996,0.88998364,0.456383968,0.433599672,0.396470098,-6.900538926
O=C1NCCc2c[nH]c3cccc(c23)C1=O,,,,,,,,,,,,,,csd_YABSAV,7.6725861,7.550879059,-0.004828772,-0.336899799,6.593866448,3.0623,2.5711,0.259246872,0.137539831,0.121707041,0.615452479,0.332071027,0.283381452,-0.505587812,-7.09945426
O=C1NCCc2c1sc1ccccc21,,,,,,,,,,,,,,csd_HIYQOY,7.885662056,7.77436909,0.04641288,-0.211641698,6.995506712,4.0105,2.7873,0.233248937,0.121955971,0.111292966,0.516147686,0.258054577,0.258093108,-0.40136815,-7.396874862
O=C1NCCc2c1ccc1cc(O)ccc21,,,,,,,,,,,,,,csd_JANMUH,7.635620856,7.508074847,0.081754964,-0.11512825,6.87768135,3.9533,2.6451,0.260277912,0.132731903,0.127546009,0.39878489,0.196883214,0.201901676,-0.307216706,-7.184898056
O=C1NCCc2c1c(O)c(O)c1c2ccc2cc(O)c(O)cc21,,,,,,,,,,,,,,csd_HEVXAK,6.579789174,6.345296023,-0.004634101,-0.262761442,5.982970518,3.1337,2.2718,0.711727501,0.47723435,0.234493151,0.523956323,0.25812734,0.265828983,-0.286263928,-6.269234446
O=C1NCCc2c1[nH]c1ccccc21,,,,,,,,,,,,,,csd_BANJOQ,7.739715318,7.538286766,0.56958312,0.267400822,8.290497238,4.5091,2.8616,0.409275266,0.207846714,0.201428552,0.609447249,0.302182298,0.307264952,0.555928902,-7.734568336
O=C1NCCSc2c1sc1cnc(O)nc21,,,,,,,,,,,,,,csd_YEKFIF,7.802055057,7.656462366,-0.588134138,-0.888311799,6.26134314,3.2591,2.3846,0.300277799,0.154685108,0.145592691,0.607185656,0.300177661,0.307007995,-1.026141894,-7.287485034
O=C1NCCOc2c1nn(-c1ccccc1Cl)c2-c1ccc(Cl)cc1,,,,,,,,,,,,,,csd_DUXPES,7.487025958,7.238262333,0.037405335,-0.256578468,7.02870462,4.1857,3.0577,0.47984093,0.231077304,0.248763626,0.578319258,0.293983802,0.284335456,-0.15238384,-7.18108846
O=C1NCCNc2nccnc2Oc2ccccc21,,,,,,,,,,,,,,csd_MIZTEX,7.778770072,7.387388696,0.455293662,0.045050024,7.274151448,3.9152,3.0498,0.846103489,0.454722113,0.391381376,0.719134172,0.410243638,0.308890534,0.007891306,-7.266260142
O=C1NCCN1c1ccc2ccccc2n1,,,,,,,,,,,,,,csd_WUQVOV,7.641235275,7.44676476,0.217284172,0.008913176,7.00149322,3.9761,2.9179,0.380351643,0.185881128,0.194470515,0.412713372,0.208370996,0.204342376,-0.21633063,-7.21782385
O=C1NCCCc2nc(-c3ccccc3)nn21,,,,,,,,,,,,,,csd_LERKAU,8.038405985,7.812321918,0.440211281,0.165779332,7.61647086,4.7907,3.2709,0.466030491,0.239946424,0.226084067,0.542128396,0.274431949,0.267696447,0.048708406,-7.567762454
O=C1NCCc2ccc3ccccc3c21,,,,,,,,,,,,,,csd_DEVXAE,7.794190364,7.69395524,-0.067517633,-0.29607976,6.879314034,3.748,2.5779,0.215682944,0.11544782,0.100235124,0.452609638,0.228562127,0.224047511,-0.470212992,-7.349527026
O=C1NCCCc2ccccc2Nc2ccccc21,,,,,,,,,,,,,,csd_BEDJUS,7.550838922,7.148304655,0.687966261,0.349823228,7.501638752,4.1738,3.363,0.605866964,0.203332697,0.402534267,0.682894328,0.338143034,0.344751295,0.348033806,-7.153604946
O=C1NCCCNc2ncccc2Oc2ccccc21,,,,,,,,,,,,,,csd_MIZSUM,7.535000173,6.971791977,0.393558995,0.032173372,6.97292125,4.0785,3.3748,0.993638775,0.430430578,0.563208196,0.728566949,0.361385624,0.367181325,-0.060681422,-7.033602672
O=C1NCCC2c3ccccc3C(=O)N2c2ccccc21,,,,,,,,,,,,,,csd_DABZUC,8.166677395,7.931960158,0.246372995,-0.054206469,7.507897374,4.1865,3.5834,0.679200326,0.444483089,0.234717237,0.623087726,0.300579465,0.322508261,-0.120818616,-7.62871599
O=C1NCCC(=O)c2c1cc(-c1ccccc1)c1ccccc21,,,,,,,,,,,,,,csd_MIFVIG,7.726858231,7.534966486,-0.646206531,-1.083918091,6.577811722,3.4881,2.4868,0.377607428,0.185715683,0.191891745,0.858155881,0.43771156,0.420444321,-0.894982946,-7.472794668
O=C1NCC=C(c2ccccc2)c2[nH]ccc21,,,,,,,,,,,,,,csd_DABJUN,7.470779691,7.328578248,0.177984162,-0.115319682,6.88040249,3.9417,2.6515,0.295578009,0.153376566,0.142201443,0.585078842,0.293303844,0.291774998,-0.146125218,-7.026527708
O=C1NCC=C(c2ccccc2)c2[nH]c3ccccc3c21,,,,,,,,,,,,,,csd_KUYRAZ,7.347268725,7.197670026,-0.208071072,-0.479027254,6.584614572,3.6775,2.5263,0.311451371,0.161852672,0.149598699,0.555247229,0.270956182,0.284291047,-0.43946411,-7.024078682
O=C1NCC=C(c2cccc(O)c2)c2c1[nH]c1ccccc21,,,,,,,,,,,,,,csd_GUZYIK,7.272725081,7.129791488,0.024093844,-0.263514735,6.742168578,3.8507,2.5722,0.33327935,0.190345757,0.142933593,0.573521698,0.287608579,0.285913119,-0.245446828,-6.987615406
O=C1NCC2Nc3ccccc3C(=O)N2c2ccccc21,,,,,,,,,,,,,,csd_WIQXUS,7.887328537,7.565578358,0.29017973,-0.04201051,8.207230354,4.1783,3.2708,0.597222855,0.275472676,0.321750179,0.689090854,0.33219024,0.356900613,0.318101266,-7.889129088
O=C1NCC(c2ccc(O)cc2)=C1c1c[nH]c2ccccc12,,,,,,,,,,,,,,csd_COQDAO,6.803311533,6.597513674,0.138841026,-0.183567642,6.411277954,3.6138,2.4539,0.424145561,0.218347702,0.205797859,0.612243357,0.322408667,0.28983469,-0.113471538,-6.524749492
O=C1NCC(c2c[nH]c3ccccc23)=C1c1cc(O)c(O)c(O)c1,,,,,,,,,,,,,,csd_COQCIV,6.702746606,6.472332172,0.0842318,-0.266142186,6.18379065,3.5268,2.4203,0.466677415,0.236262981,0.230414434,0.680347586,0.350373986,0.3299736,-0.13877814,-6.32256879
O=C1NCC(c2c[nH]c3cc(Cl)ccc23)=C1c1ccc(Cl)cc1,,,,,,,,,,,,,,csd_CAHPEJ,7.321059276,7.117688891,-0.249809088,-0.579771803,6.624887444,3.8032,2.5951,0.427721575,0.22435119,0.203370384,0.639284223,0.329962715,0.309321508,-0.454974608,-7.079862052
O=C1NCC(=C(c2ccccc2)c2cnc(O)nc2O)c2ccccc21,,,,,,,,,,,,,,csd_QESMIN,7.523402974,7.213888809,-0.435425666,-0.851871109,6.729107106,3.8454,2.6243,0.699633938,0.390119774,0.309514164,0.789948303,0.416445443,0.37350286,-0.613072842,-7.342179948
O=C1NCCc2cc3ccccc3n21,,,,,,,,,,,,,,csd_RIKCAS,7.638042289,7.421863499,0.936317825,0.718106016,7.603681502,4.5843,3.1724,0.444759285,0.228580495,0.21617879,0.44953777,0.218211809,0.231325962,0.496880164,-7.106801338
O=C1NCCc2ccccc2Nc2ccccc21,,,,,,,,,,,,,,csd_BEDJOM,7.651752236,7.260615137,0.71130869,0.356802108,7.59606231,4.1814,3.3892,0.79252397,0.401386871,0.391137099,0.723140887,0.354506582,0.368634305,0.36463276,-7.23142955
O=C1NN=C(c2ccccn2)Nc2ccccc21,,,,,,,,,,,,,,csd_KEKJAN,7.083569769,6.915705227,-0.490384286,-0.65383005,5.802286822,2.5796,1.9735,0.360282936,0.192418395,0.167864542,0.330124922,0.163445764,0.166679159,-0.83947169,-6.641758512
O=C1NCc2c(ccc3ccccc23)O1,,,,,,,,,,,,,,csd_KUZMEY,7.924257672,7.752900085,0.015823783,-0.141388883,7.0341469,4.0216,2.7069,0.365639718,0.194282131,0.171357587,0.312679884,0.157212666,0.155467218,-0.428851664,-7.462998564
O=C1NN=C(c2ccc3ccccc3n2)Nc2ccccc21,,,,,,,,,,,,,,csd_MEBZOL,7.036204708,6.86898875,-0.811649176,-0.959282532,5.586228306,2.5449,1.9417,0.357342853,0.190126895,0.167215958,0.303720531,0.147633355,0.156087175,-1.075394528,-6.661622834
O=C1NN(c2ccccc2)C(=O)C1=CNc1ccccn1,,,,,,,,,,,,,,csd_IPOHAY,7.393361108,7.018195414,-0.667354578,-0.948687338,6.083924812,3.2476,2.6255,0.823418216,0.448252521,0.375165694,0.56315459,0.28133276,0.28182183,-0.950766316,-7.034691128
O=C1NCn2c(-c3ccccc3)cc3cc(Br)cc1c32,,,,,,,,,,,,,,csd_FEFLAG,7.667442982,7.479034786,-0.356242941,-0.587029083,6.754413708,3.7893,2.7235,0.388665052,0.200256856,0.188408196,0.433854208,0.230786142,0.203068066,-0.619603578,-7.374017286
O=C1NCc2nc3ccccc3c(=O)n2-c2ccccc21,,,,,,,,,,,,,,csd_XEDTUV,8.332938723,8.156224898,-0.098672754,-0.339169801,8.284782844,4.4315,3.1779,0.386986816,0.210272991,0.176713825,0.481127049,0.240497047,0.240630002,-0.055239142,-8.340021986
O=C1NCc2cccn2-c2ccccc21,,,,,,,,,,,,,,csd_ZIPSAU,8.116815171,7.845608454,0.49937847,0.073649232,8.676627004,4.7165,3.3932,0.569880758,0.298674041,0.271206718,0.839704021,0.425729237,0.413974783,0.545860684,-8.13076632
O=C1NCc2cccn2-c2c1sc1ncccc21,,,,,,,,,,,,,,csd_DOJFAK01,8.128332804,7.8681325,-0.383507675,-0.698873379,7.760963394,4.1179,2.7727,0.530810059,0.270609754,0.260200305,0.627715296,0.315365704,0.312349592,-0.36871447,-8.129677864
O=C1NCc2ccccc2-c2ncccc21,,,,,,,,,,,,,,csd_NIFLET,8.638225297,8.449972831,0.135467519,-0.217877353,9.045613588,4.4742,3.151,0.389251594,0.200999129,0.188252465,0.705355108,0.353344873,0.352010235,0.309393618,-8.73621997
O=C1NCc2ccccc2-c2ccccc21,,,,,,,,,,,,,,csd_DABZUD,8.14754272,8.021310994,0.220586738,-0.07811895,7.45048132,4.1845,3.2933,0.261150826,0.134919101,0.126231725,0.601867296,0.298705688,0.303161609,-0.14013871,-7.59062003
O=C1NCc2ccc3ccccc3c2C=C1c1ccccc1,,,,,,,,,,,,,,csd_ECURIG,7.602088792,7.376305329,-0.538099367,-0.860768257,7.13618965,3.8901,2.323,0.493752921,0.267969459,0.225783462,0.653522561,0.32266889,0.330853671,-0.487628288,-7.623817938
O=C1NCc2ccc3ccccc3c21,,,,,,,,,,,,,,csd_MOJPAC,8.153509064,8.032167907,0.049686465,-0.156016562,8.230904272,4.4465,2.596,0.243329972,0.121988815,0.121341157,0.45007525,0.205703027,0.244372223,0.07619192,-8.154712352
O=C1NCc2c1ccc1ccccc21,,,,,,,,,,,,,,csd_MOZKER,8.085071849,7.992508761,-0.047379864,-0.186763893,7.117958012,4.0713,2.7041,0.185930244,0.093367157,0.092563087,0.280474893,0.139384029,0.141090864,-0.484090806,-7.602048818
O=C1NCc2c1cc1c(-c3ccccc3)c3c(cc1c2-c1ccccc1)C(=O)NC3,,,,,,,,,,,,,,csd_WABZOR,7.523732504,7.352850899,-0.613531082,-0.798552547,6.618356708,3.763,2.4632,0.324215395,0.15333379,0.170881605,0.388524913,0.185021465,0.203503448,-0.762463428,-7.380820136
O=C1NCc2c(C(=O)O)ncn2-c2ccc(F)cc21,,,,,,,,,,,,,,csd_CITREC01,8.608379615,8.438780157,-0.177178432,-0.560543711,7.525584784,4.1531,3.4548,0.365422435,0.195822976,0.169599459,0.755799275,0.383365278,0.372433996,-0.616610324,-8.142195108
O=C1NCCc2noc(C=Cc3ccccc3)c21,,,,,,,,,,,,,,csd_MEBQAN,8.304119238,8.032216398,-0.562048964,-0.929976235,9.032280002,4.584,1.7397,0.55290811,0.281005271,0.27190284,0.753723507,0.367927271,0.385796236,0.073742894,-8.958537108
O=C1NCc2c(-c3ncon3)ncn2-c2cccc(Cl)c21,,,,,,,,,,,,,,csd_SEBFAG,8.294200437,8.090474128,-0.152326696,-0.381885876,7.409936334,4.2602,3.2853,0.44834836,0.24462205,0.20372631,0.498941428,0.22955918,0.269382248,-0.467219738,-7.877156072
O=C1NCc2c(-c3ccccc3)nnn2-c2ccccc21,,,,,,,,,,,,,,csd_TADQIA,8.103648119,7.855691965,-0.205526643,-0.48524144,7.244491022,4.2219,3.3708,0.468741454,0.220785299,0.247956154,0.549894448,0.279714797,0.27017965,-0.515111802,-7.759602824
O=C1NCOc2cc3ccccc3cc21,,,,,,,,,,,,,,csd_XAQHEE,7.789356857,7.602505344,-0.134101616,-0.342137558,6.754141594,3.6913,2.5613,0.372771635,0.185920122,0.186851514,0.435890872,0.208035942,0.22785493,-0.555656788,-7.309798382
O=C1NCOc2c1ccc1occc21,,,,,,,,,,,,,,csd_DAGXAN,7.953929772,7.735341657,0.744004357,0.426325412,7.576197988,4.3085,3.2279,0.435676365,0.21708825,0.218588115,0.635196935,0.317678945,0.31751799,0.200275904,-7.375922084
O=C1NCOc2c1ccc1ccccc21,,,,,,,,,,,,,,csd_XAQHAA,7.731350125,7.557845967,0.034368189,-0.189297274,6.866252562,3.8459,2.6336,0.350348054,0.176843895,0.173504159,0.457961685,0.223665463,0.234296222,-0.398102782,-7.264355344
O=C1NCNc2ccccc21,,,,,,,,,,,,,,csd_SASDOH,7.745128237,7.454679223,0.800815502,0.475681096,7.248300618,3.9433,3.1944,0.480509486,0.190060472,0.290449014,0.646566892,0.325134406,0.321432486,0.195377852,-7.052922766
O=C1NCNc2cc(-c3cn[nH]c3)sc21,,,,,,,,,,,,,,csd_ZATHIO,7.651946906,7.077186899,0.347010929,-0.025316398,7.828447666,4.1793,2.7261,0.857881018,0.283121011,0.574760007,0.695529371,0.372327328,0.323202043,0.28027742,-7.548170246
O=C1NCN=C(c2ccccc2)c2ccccc21,,,,,,,,,,,,,,csd_YEMHUT,8.24665804,7.888769761,-0.296762249,-0.554399132,7.105168654,3.6514,2.9859,0.756363639,0.39847536,0.357888278,0.511277335,0.257636882,0.253640453,-0.641100584,-7.746269238
O=C1NCN(C(=O)c2ccccc2)C=C1C#Cc1ccccc1,,,,,,,,,,,,,,csd_DIGRAN,7.27594536,6.989096686,-0.546401375,-0.85155249,6.187056018,3.5868,2.2243,0.590754786,0.303906113,0.286848674,0.613090312,0.305151116,0.307939196,-0.773347988,-6.960404006
O=C1NCCn2nc(-c3ccc(Cl)cc3)cc21,,,,,,,,,,,,,,csd_HOYZEB,7.814695024,7.635918575,0.390389166,0.164285562,7.378098996,4.431,3.2016,0.362333125,0.183556676,0.178776449,0.50001655,0.226103604,0.273912946,-0.011428788,-7.389527784
O=C1NCCn2c1cc1ccccc12,,,,,,,,,,,,,,csd_UMASUX,7.81353503,7.59810526,0.507815691,0.19018774,8.324783602,4.5437,2.8278,0.449029135,0.233599365,0.215429769,0.639406974,0.317627951,0.321779023,0.509125294,-7.815658308
O=C1NCCn2c1c(Br)c1ccccc12,,,,,,,,,,,,,,csd_KAHPAN,7.519650794,7.349178176,0.160499368,-0.106176434,6.811557648,3.8949,2.6836,0.356401856,0.185929238,0.170472618,0.534569041,0.266675802,0.26789324,-0.253338134,-7.064895782
O=C1NC=NC1=Cc1coc2ccccc2c1=O,,,,,,,,,,,,,,csd_KIFZEF,7.76483691,7.557669147,-0.90844965,-1.088566342,6.036032748,3.038,1.7536,0.437611612,0.23044385,0.207167762,0.363463187,0.180116692,0.183346495,-1.306691428,-7.342724176
O=C1NC=NC1=Cc1cccc2ccccc12,,,,,,,,,,,,,,csd_LICROG,7.377548537,7.247869807,-0.988864018,-1.129110485,5.696162362,3.0669,1.622,0.269161944,0.139483215,0.129678729,0.279072254,0.140246467,0.138825787,-1.34152202,-7.037684382
O=C1NC=NC1=Cc1ccc2ccccc2c1,,,,,,,,,,,,,,csd_LICRAS01,7.653025811,7.473110239,-0.884738398,-1.07513504,6.778631854,3.4733,1.734,0.382239815,0.202324242,0.179915573,0.377629578,0.190396642,0.187232936,-0.878383992,-7.657015846
O=C1NC(c2ccc(-c3ccc(O)cc3)cc2)=C2C(=O)NC(c3ccc(-c4ccc(O)cc4)cc3)=C12,,,,,,,,,,,,,,csd_GORLOQ,6.549980718,6.361918651,-1.481213102,-1.574981682,4.884718414,2.4952,1.1229,0.375282213,0.187220146,0.188062067,0.186890072,0.09376858,0.093121493,-1.56193436,-6.446652774
O=C1NC(c2cccc(Cl)c2)=C2C(=O)NC(c3cccc(Cl)c3)=C12,,,,,,,,,,,,,,csd_WEBKAP,7.186146515,7.019456826,-1.657215621,-1.760841803,5.071388618,2.6001,1.126,0.332083572,0.165393882,0.166689689,0.209475806,0.103626181,0.105849625,-1.859627076,-6.931015694
O=C1NC(c2ccc(Cl)s2)=C2C(=O)NC(c3ccc(Cl)s3)=C12,,,,,,,,,,,,,,csd_OCUXIW,6.976828263,6.771768323,-1.611520878,-1.70518932,5.389761998,2.5893,0.9376,0.407691535,0.202631595,0.20505994,0.191122261,0.093668442,0.097453819,-1.593771698,-6.983533696
O=C1NC(c2ccc(Cl)cc2)=NC1=Cc1cccs1,,,,,,,,,,,,,,csd_BICNIN,7.43237431,7.17977932,-1.186309283,-1.329320156,6.298622758,3.2817,1.4797,0.508865153,0.256270162,0.252594991,0.287145577,0.143010873,0.144134704,-1.148593194,-7.447215952
O=C1NC(c2ccc(Cl)cc2)=C2C(=O)NC(c3ccc(Cl)cc3)=C12,,,,,,,,,,,,,,csd_WEBKET,7.066692007,6.895752441,-1.638270228,-1.730562862,5.007169714,2.578,1.1268,0.34054278,0.169603214,0.170939566,0.18615863,0.092292633,0.093865996,-1.830510878,-6.837680592
O=C1NC(c2ccc(Br)cc2F)=C2C(=O)NC(c3ccc(Br)cc3)=C12,,,,,,,,,,,,,,csd_EKUFAT,7.08332824,6.912582147,-1.73455042,-1.828103213,4.967713184,2.5352,1.0986,0.339504393,0.1687583,0.170746093,0.185814678,0.093552793,0.092261884,-1.905342228,-6.873055412
O=C1NC(c2ccc(Br)cc2)=C2C(=O)NC(c3ccc(Br)cc3)=C12,,,,,,,,,,,,,,csd_MUNHEK,7.07090161,6.904312059,-1.70050651,-1.790393655,4.994380356,2.5629,1.1213,0.331977447,0.165387896,0.166589551,0.180916353,0.089887145,0.091029208,-1.869695294,-6.86407565
O=C1NC(c2ccc(Br)c(F)c2)=C2C(=O)NC(c3ccc(Br)cc3)=C12,,,,,,,,,,,,,,csd_EKUDOF,7.143360398,6.977505827,-1.788693487,-1.883059357,4.979141972,2.5506,1.1123,0.330375512,0.164520941,0.165854571,0.190024009,0.09436587,0.095658139,-1.957588116,-6.936730088
O=C1NC(c2ccc(Br)c(F)c2)=C2C(=O)NC(c3ccc(Br)c(F)c3)=C12,,,,,,,,,,,,,,csd_EKUDUL,7.374485866,7.169111634,-1.854588885,-1.972822146,5.74704768,2.7411,1.0043,0.407926914,0.202552682,0.205374232,0.237565046,0.118233261,0.119331785,-1.735270978,-7.482318658
O=C1NC(c2ccc(-n3c4ccccc4c4ccccc43)cc2)=C2C(=O)NC(c3ccc(-n4c5ccccc5c5ccccc54)cc3)=C12,,,,,,,,,,,,,,csd_VEDJAS,6.746710161,6.522191348,-1.797644133,-1.929098324,4.837098464,2.4648,1.1167,0.456393683,0.23187487,0.224518812,0.270553698,0.131454192,0.139099507,-1.852007884,-6.689106348
O=C1NC(c2ccc(-c3cccs3)cc2)=C2C(=O)NC(c3ccc(-c4cccs4)cc3)=C12,,,,,,,,,,,,,,csd_GEGHUX,6.632026627,6.444169734,-1.653921137,-1.743382424,4.795192908,2.4399,1.094,0.358646252,0.170789359,0.187856893,0.176928251,0.089461287,0.087466964,-1.733094066,-6.528286974
O=C1NC(c2ccc(-c3ccccc3)s2)=C2C(=O)NC(c3ccc(-c4ccccc4)s3)=C12,,,,,,,,,,,,,,csd_IBEBAV,6.449686573,6.282760417,-1.658856469,-1.780210061,4.633557192,2.3145,0.9712,0.329407875,0.162481718,0.166926156,0.225449986,0.121353592,0.104096394,-1.724930646,-6.358487838
O=C1NC(c2ccc(-c3ccc(O)cc3)cc2)=C2C(=O)NC(c3ccccc3)=C12,,,,,,,,,,,,,,csd_XATKEJ,6.739022396,6.558528636,-1.437140431,-1.5316478,4.97696506,2.5595,1.1326,0.361483585,0.180989824,0.18049376,0.188274044,0.094507369,0.093766675,-1.586696734,-6.563661794
O=C1NC(c2ccc(-c3ccc(-c4cccs4)s3)s2)=C2C(=O)NC(c3ccc(-c4ccc(-c5cccs5)s4)s3)=C12,,,,,,,,,,,,,,csd_IVOJAG,6.21429599,6.021913297,-1.872999574,-1.97224472,4.362531648,2.1303,0.9033,0.371442413,0.17905972,0.192382693,0.192109219,0.099245146,0.092864073,-1.852552112,-6.21508376
O=C1NC=NC1=Cc1ccc2ccc3cccc4ccc1c2c34,,,,,,,,,,,,,,csd_LICRUM,6.913939534,6.809594073,-1.300953224,-1.435336614,5.175336166,2.8969,1.4766,0.214551467,0.110206007,0.10434546,0.266206187,0.13438339,0.131822797,-1.524926856,-6.700263022
O=C1NC(c2ccc(-c3ccc(-c4cccs4)s3)cc2)=C2C(=O)NC(c3ccc(-c4ccc(-c5cccs5)s4)cc3)=C12,,,,,,,,,,,,,,csd_GEGJAF,6.471321269,6.275958927,-1.7856303,-1.879222821,4.644441752,2.347,1.0787,0.36590843,0.170546089,0.195362342,0.179433604,0.093592522,0.085841082,-1.792959146,-6.437400898
O=C1NC(c2ccc(-c3ccc(-c4ccc(-c5cccs5)s4)s3)cc2)=C2C(=O)NC(c3ccc(-c4ccc(-c5ccc(-c6cccs6)s5)s4)cc3)=C12,,,,,,,,,,,,,,csd_GEGJEJ,6.695753549,6.447998378,-1.761533516,-1.87689407,5.367176536,2.564,0.9907,0.480328014,0.232572843,0.247755171,0.230445183,0.115360553,0.11508463,-1.515130752,-6.882307288
O=C1NC(c2ccc(-c3cc4ccccc4o3)s2)=CC1=C1C=C(c2ccc(-c3cc4ccccc4o3)s2)NC1=O,,,,,,,,,,,,,,csd_XETYIG,6.138527479,5.936455895,-2.030962568,-2.146963677,4.111370426,1.9138,0.4052,0.397400728,0.195329144,0.202071584,0.22686634,0.11600111,0.11086523,-2.036501176,-6.147871602
O=C1NC(c2ccc(-c3cc4ccccc4o3)s2)=C2C(=O)NC(c3ccc(-c4cc5ccccc5o4)s3)=C12,,,,,,,,,,,,,,csd_KEMDIR,6.410413448,6.253784085,-1.925960578,-2.015670577,4.441172594,2.1878,0.9067,0.314237247,0.157607885,0.156629363,0.182740061,0.089709999,0.093030062,-1.939356478,-6.380529072
O=C1NC(c2cc3ccccc3o2)=C2C(=O)NC(c3cc4ccccc4o3)=C12,,,,,,,,,,,,,,csd_FALBAY,6.718687861,6.569971846,-1.672365024,-1.762228224,4.744851818,2.3959,0.975,0.297600197,0.148884182,0.148716015,0.180972681,0.089863199,0.091109482,-1.81500038,-6.559852198
O=C1NC(c2c[nH]c3ccc(O)cc23)=CC1=C1C(=O)Nc2ccccc21,,,,,,,,,,,,,,csd_CIPWIH,6.6022296,6.401553144,-1.309511073,-1.478946121,4.899140456,2.3421,1.0379,0.406399538,0.205723082,0.200676456,0.334838726,0.169435047,0.165403679,-1.534178732,-6.433319188
O=C1NC(Nc2ccccc2)=NC1=Cc1ccc(F)cc1,,,,,,,,,,,,,,csd_DEMDAB,7.100538716,6.887048221,-0.585319636,-0.778092949,5.905690142,3.3742,1.8831,0.471277665,0.257787171,0.213490495,0.406643134,0.192773313,0.213869821,-0.899064656,-6.804754798
O=C1NC(C=Cc2ccc3oc(=O)ccc3c2)=NC1=Cc1ccc(O)cc1,,,,,,,,,,,,,,csd_BURGIG,7.407445675,7.056113303,-1.252374752,-1.522075101,7.0069355,3.4597,1.3413,0.715271785,0.363939414,0.351332372,0.5541588,0.269700349,0.284458452,-0.799198818,-7.806134318
O=C1NC(C=CC=Cc2ccccc2)=NC1=Cc1ccc(O)cc1,,,,,,,,,,,,,,csd_WUWWOC,6.722717053,6.503326773,-1.362177922,-1.535871281,5.02458501,2.7293,1.3147,0.443405681,0.224015401,0.21939028,0.352503006,0.173693359,0.178809647,-1.50887213,-6.53345714
O=C1NC(=S)c2ccc3c4c(ccc1c24)C(=S)NC3=O,,,,,,,,,,,,,,csd_XEKHUT,9.411104596,9.327766962,-2.529144253,-2.758769829,6.989520204,2.6181,1.2347,0.169762673,0.086425039,0.083337634,0.458719985,0.229625576,0.229094409,-2.243035702,-9.232555906
O=C1NC(=S)c2ccc3c4c(ccc1c24)C(=S)N(c1ccc(N2c4ccccc4Sc4ccccc42)cc1)C3=S,,,,,,,,,,,,,,csd_XEKHIH,6.581255597,6.285372439,-2.858468044,-2.987016603,3.32523308,1.4919,1.2199,0.433479235,0.137596077,0.295883158,0.254935443,0.128548558,0.126386885,-3.02590768,-6.35114076
O=C1NC(=S)SC1=c1c(=O)c2cccc3cccc1c32,,,,,,,,,,,,,,csd_INELAO,8.563114649,8.311168106,-1.820029319,-2.111705594,7.05863716,3.0028,1.6732,0.514182805,0.262236262,0.251946543,0.583896235,0.291676275,0.292219959,-1.457442584,-8.516079744
O=C1NC(c2ccccc2)=C2C(=O)N(C(=O)O)C(c3ccccc3)=C12,,,,,,,,,,,,,,csd_PAMYUY,7.252718933,7.015316067,-1.483343483,-1.640655308,5.793851288,2.8602,1.2107,0.474882196,0.23747933,0.237402866,0.300517531,0.157311825,0.143205707,-1.466422346,-7.260273634
O=C1NC(c2ccccc2)=C2C(=O)N(c3ccc(O)cc3)C(c3ccccc3)=C12,,,,,,,,,,,,,,csd_KAWNEC,6.863405977,6.6606737,-1.347146888,-1.503466313,5.578337,2.7153,1.1274,0.405182644,0.202450367,0.202732277,0.307942162,0.156319425,0.151622737,-1.311317366,-6.889654366
O=C1NC(c2ccccc2)=C2C(=O)NC(c3ccccc3)=C12,,,,,,,,,,,,,,csd_DIHDUU,7.037060343,6.854333561,-1.369683071,-1.470857069,5.507043132,2.7223,1.0974,0.3635258,0.180799018,0.182726782,0.203221701,0.101173999,0.102047702,-1.437306148,-6.94434928
O=C1NC(c2ccccc2)=CC1=C(Nc1ccccc1)c1ccccc1,,,,,,,,,,,,,,csd_FEMKIS,6.394856418,6.178342111,-0.493825412,-0.900137874,5.980521492,3.0342,1.6991,0.443959433,0.227445126,0.216514307,0.76163865,0.406312461,0.355326189,-0.419599788,-6.40012128
O=C1NC=NC1=Cc1ccc(-c2nc3ccccc3o2)cc1,,,,,,,,,,,,,,csd_SAGMIZ,7.499396478,7.353082848,-1.295087426,-1.467173217,5.661603884,3.0445,1.7382,0.30009287,0.153779241,0.14631363,0.342469047,0.172085792,0.170383256,-1.573635262,-7.235239146
O=C1NC=NC1=Cc1cc2ccccc2c2ccccc12,,,,,,,,,,,,,,csd_LICQUL,7.234416845,7.108908779,-1.097936125,-1.233850265,5.617521416,3.0532,1.5938,0.257060409,0.131552343,0.125508065,0.269806637,0.13591414,0.133892496,-1.374719928,-6.992241344
O=C1NC=NC1=Cc1cc(-c2ccncc2)ccc1-c1ccncc1,,,,,,,,,,,,,,csd_BAFCIX,7.856203566,7.680161046,-1.255136982,-1.44622931,6.039026002,3.0653,1.8143,0.369711496,0.193668976,0.17604252,0.382836098,0.191092329,0.19174377,-1.534450846,-7.573476848
O=C1NC=NC1=Cc1c2ccccc2cc2ccccc12,,,,,,,,,,,,,,csd_LICREW,6.93719026,6.83080272,-1.080859638,-1.430208027,5.388673542,2.7263,1.5382,0.232027254,0.125639714,0.10638754,0.539682744,0.349348389,0.190334355,-1.319480786,-6.708154328
O=C1NC=Cc2nc(Cl)[nH]c2C1=Cc1ccc(O)cc1,,,,,,,,,,,,,,csd_DOZWAR,6.900155245,6.654594946,-0.33713047,-0.674454685,5.974807098,3.2821,2.0087,0.484164277,0.238603977,0.2455603,0.655560994,0.337324215,0.318236779,-0.61633821,-6.591145308
O=C1NC=C(Cl)N2C(=Cc3ccccc3)c3ccccc3N=C12,,,,,,,,,,,,,,csd_RARQOS,6.968191909,6.76936991,-0.432502618,-0.851529878,6.04637308,2.9882,2.2845,0.470483745,0.271661747,0.198821999,0.868593875,0.41902726,0.449566614,-0.713210794,-6.759583874
O=C1NC2c3ccccc3N=CN2c2ccccc21,,,,,,,,,,,,,,csd_MIRVIU,7.654948324,7.517399704,-0.122607575,-0.320735955,6.85999394,3.8031,2.9006,0.275151255,0.137602635,0.13754862,0.406742782,0.19812838,0.208614402,-0.435110286,-7.295104226
O=C1NC2c3ccccc3C=C(c3ccccc3)N2c2ccc(Br)cc21,,,,,,,,,,,,,,csd_KUXCIQ,7.172240945,7.005972216,-0.693244973,-0.91659941,5.95521489,3.1334,2.3914,0.309650222,0.143381493,0.166268729,0.447882229,0.223354437,0.224527792,-0.932806792,-6.888021682
O=C1NC2c3cc(O)ccc3N=CN2c2ccccc21,,,,,,,,,,,,,,csd_MIRVAM,7.354492617,7.154717675,-0.019232582,-0.252674992,6.627880698,3.6945,2.8153,0.414364886,0.214589944,0.199774942,0.497267682,0.23344241,0.263825272,-0.346673236,-6.974553934
O=C1NC2c3cc(Br)ccc3C(=O)N2c2ccccc21,,,,,,,,,,,,,,csd_NODGEU,8.16162949,7.925065551,-0.578698041,-0.792269979,6.898362014,3.9813,3.1739,0.50656579,0.270001851,0.236563939,0.443529765,0.213571938,0.229957827,-0.889540666,-7.78790268
O=C1NC2Cc3ccccc3-c3c4c(cc1c32)OCO4,,,,,,,,,,,,,,csd_MEZYUO,7.644675122,7.475721254,0.063185878,-0.159616249,6.944077166,3.9244,2.9976,0.31650178,0.147547912,0.168953868,0.443063552,0.222802127,0.220261426,-0.248712196,-7.192789362
O=C1NC2CCc3cc(O)c(O)c(O)c3-c3cccc1c32,,,,,,,,,,,,,,csd_HOBKOY,7.498218878,7.308093561,0.508011069,0.302961823,7.261906318,4.2561,3.2232,0.382576882,0.192451565,0.190125317,0.483500346,0.205049246,0.2784511,0.186670204,-7.075236114
O=C1NC2C(=O)c3ccccc3C2=Nc2ccccc21,,,,,,,,,,,,,,csd_WAFMIC,8.136649642,7.884671289,-1.135704351,-1.368210499,6.304609266,3.1611,2.5239,0.555585086,0.303606733,0.251978353,0.460602633,0.232506147,0.228096486,-1.460163724,-7.76477299
O=C1NC2C(=Nc3ccccc31)Nc1ccccc12,,,,,,,,,,,,,,csd_FUDDEN,7.456696866,7.322297122,0.150543343,-0.14010592,6.963669374,3.9166,3.0092,0.301001132,0.166601388,0.134399744,0.593681563,0.290649263,0.3030323,-0.140682938,-7.104352312
O=C1NC(c2ccncc2)=C2C(=O)NC(c3ccncc3)=C12,,,,,,,,,,,,,,csd_VAGPOJ,7.579816152,7.415161549,-1.92539439,-2.040889259,5.064585768,2.5893,1.0937,0.328650418,0.163995815,0.164654603,0.232566747,0.115494869,0.117071878,-2.1905177,-7.255103468
O=C1NC(c2cccs2)=C2C(=O)NC(c3cccs3)=C12,,,,,,,,,,,,,,csd_CEYREF,6.935876738,6.733092488,-1.364048977,-1.462476149,5.579153342,2.6785,0.9591,0.402614704,0.199830453,0.202784251,0.200670469,0.098427171,0.102243298,-1.357576746,-6.936730088
O=C1NC(c2ccco2)=C2C(=O)NC(c3ccco3)=C12,,,,,,,,,,,,,,csd_IKUQOW,6.777153867,6.618721994,-1.186884314,-1.267735506,4.959549764,2.5776,1.0494,0.316744859,0.158312986,0.158431873,0.163706068,0.080851192,0.082854876,-1.489007808,-6.448557572
O=C1CCCc2c1cc(-c1ccccc1)c(O)c2-c1c(O)c(-c2ccccc2)cc2c1CCCC2=O,,,,,,,,,,,,,,csd_MUSGUE,7.655806027,7.42031585,-0.19275304,-0.471880779,7.651573566,3.6987,3.0823,0.465384329,0.229894152,0.235490177,0.583454322,0.279127738,0.304326583,-0.125444554,-7.77701812
O=C1NC(c2ccccn2)=C2C(=O)NC(c3ccccn3)=C12,,,,,,,,,,,,,,csd_FOGSEA,7.120022568,6.958380566,-1.531727801,-1.659400261,5.021319642,2.5511,1.0876,0.323304548,0.161662546,0.161642002,0.254769508,0.12767246,0.127097048,-1.78098613,-6.802305772
O=C1NC(c2ccccc2O)=C2C(=O)NC(c3ccccc3O)=C12,,,,,,,,,,,,,,csd_MUKGII,6.642794722,6.427902759,-1.06146338,-1.177438094,5.677930724,2.6965,0.9818,0.428820371,0.213928408,0.214891963,0.231713234,0.115974715,0.11573852,-1.012536194,-6.690466918
O=C1NC(c2ccccc2)=NC1=Cc1ccccc1,,,,,,,,,,,,,,csd_JAXJUO,7.411418621,7.210613727,-1.101561391,-1.229123727,5.73616312,3.0393,1.6789,0.404189836,0.203384943,0.200804894,0.252340374,0.127562336,0.124778038,-1.369005534,-7.105168654
O=C1NC(c2ccccc2)=NC1=Cc1ccc[nH]1,,,,,,,,,,,,,,csd_UCIHUL,6.999988865,6.828172738,-0.883001739,-0.996318363,5.475750022,3.083,1.5571,0.350724877,0.178908751,0.171816127,0.227085337,0.113316623,0.113768714,-1.17281134,-6.648561362
O=C1NC(c2ccccc2)=NC1=Cc1ccc(O)cc1,,,,,,,,,,,,,,csd_JAXJIC,7.090090083,6.882842101,-0.959736282,-1.094696091,5.560377476,3.096,1.6449,0.416719706,0.209471725,0.207247982,0.265971108,0.134959809,0.131011299,-1.214716896,-6.775094372
O=C1NC(c2ccccc2)=NC1=Cc1ccc(N(c2ccccc2)c2ccccc2)cc1,,,,,,,,,,,,,,csd_IPEHER,6.426139732,6.316648406,-1.123179379,-1.341360112,5.089076028,2.7744,1.5685,0.24764306,0.138151734,0.109491327,0.415229093,0.218180733,0.19704836,-1.255533996,-6.344610024
O=C1NC(c2ccccc2)=CCCc2ccccc21,,,,,,,,,,,,,,csd_AXIHEV,7.821039172,7.489153672,0.308678502,0.046529045,7.4151065,4.4804,2.9523,0.755522208,0.423636708,0.3318855,0.498866379,0.262149457,0.236716921,-0.032925794,-7.448032294
O=C1NN=C(c2ccccc2)c2ccccc2N1,,,,,,,,,,,,,,csd_KILCOY,8.107121056,7.632619139,0.011685283,-0.302278136,8.885610556,4.1808,2.6008,0.953783271,0.479281354,0.474501917,0.62685792,0.313963419,0.312894501,0.360006822,-8.525603734
O=C1Nc2c(-c3ccc(O)cc3)c3ccccc3c3cccc1c23,,,,,,,,,,,,,,csd_GUGMOL,7.197055021,6.990839685,-0.57609772,-0.754770765,6.117394834,3.3509,2.3192,0.392736694,0.186521358,0.206215336,0.355006183,0.178673046,0.176333137,-0.847362996,-6.96475783
O=C1Nc2ccccc2SCC1=Cc1ccc(O)c(O)c1,,,,,,,,,,,,,,csd_WIGSAI,7.210096357,7.027633851,-0.255492461,-0.614800222,6.36066475,3.4895,2.5464,0.412615438,0.230152933,0.182462505,0.702610593,0.359307761,0.343302832,-0.532799212,-6.893463962
O=C1Nc2ccccc2C1=CC(=O)c1ccc(O)cc1,,,,,,,,,,,,,,csd_HOFKAQ,7.793364688,7.642963553,-1.305206774,-1.522639275,5.77153794,2.6796,1.9297,0.333357528,0.182956392,0.150401136,0.43740467,0.217432501,0.219972168,-1.623976352,-7.395514292
O=C1Nc2ccccc2C1=NNC(=O)c1ccccc1Br,,,,,,,,,,,,,,csd_EFEWOE,7.916096946,7.68423296,-0.933460954,-1.177849259,6.202294402,3.2795,2.1138,0.502692247,0.270828261,0.231863986,0.498560468,0.244388305,0.254172163,-1.31158948,-7.513883882
O=C1Nc2ccccc2C1=NNC(=O)c1ccccc1,,,,,,,,,,,,,,csd_MAVGEW,8.443086388,8.047386345,-0.820346919,-1.220879843,8.774588044,4.1747,1.8514,0.811270856,0.415570814,0.395700043,0.841573417,0.400532923,0.441040494,-0.233473812,-9.008061856
O=C1Nc2ccccc2C1=Cc1nc2ccccc2c(=O)[nH]1,,,,,,,,,,,,,,csd_ROMZAX,7.703901442,7.585860729,-1.468368805,-1.696690982,5.701060414,2.8216,1.8633,0.243154295,0.125113582,0.118040713,0.448473532,0.228322177,0.220151355,-1.718944138,-7.420004552
O=C1Nc2ccccc2C1=Cc1n[nH]c2ccccc2c1=O,,,,,,,,,,,,,,csd_BITLUN,7.173373103,7.014747213,-1.017021313,-1.242257935,5.648270298,2.6838,1.7667,0.331555018,0.172929127,0.15862589,0.426246281,0.225236622,0.201009659,-1.246554234,-6.894824532
O=C1Nc2ccccc2C1=Cc1cccs1,,,,,,,,,,,,,,csd_KUQHAG,7.303825208,7.152007637,-0.774690054,-0.944370821,5.842015466,3.1296,1.8425,0.310792284,0.158974713,0.151817571,0.341950153,0.169680766,0.172269387,-1.10478284,-6.946798306
O=C1Nc2ccccc2C1=Cc1ccccc1O,,,,,,,,,,,,,,csd_GEFBOL,7.333193574,7.133087686,-0.583921786,-0.84832832,6.093176688,3.203,2.0869,0.402925241,0.202819354,0.200105887,0.506180721,0.264406534,0.241774187,-0.887907982,-6.98108467
O=C1Nc2ccccc2C1=Cc1ccccc1,,,,,,,,,,,,,,csd_KOMNEH,7.556092491,7.375684148,-0.704123411,-0.972002256,6.143245664,3.2077,2.1137,0.36012511,0.179716766,0.180408344,0.504104491,0.267878845,0.236225646,-1.022332298,-7.165577962
O=C1Nc2ccccc2C1=Cc1ccc[nH]1,,,,,,,,,,,,,,csd_BANYEV,7.31586783,7.097792324,-0.450829958,-0.65097424,6.909246574,3.5123,1.9358,0.445546239,0.227470732,0.218075507,0.413286961,0.200144282,0.213142678,-0.401096036,-7.31034261
O=C1Nc2ccccc2C1=Cc1ccc2ccccc2c1,,,,,,,,,,,,,,csd_FIDKUA,7.363328376,7.183208582,-0.901043387,-1.148345924,5.965010994,3.1683,2.0397,0.358556835,0.178437041,0.180119794,0.469090631,0.247302537,0.221788094,-1.122742364,-7.087753358
O=C1Nc2ccccc2C1=Cc1ccc(O)cc1,,,,,,,,,,,,,,csd_ZILHOT,7.988120297,7.547835872,-0.430606337,-0.841287588,8.706015316,4.2557,1.7262,0.865043141,0.424758716,0.440284425,0.818343834,0.410681252,0.407662582,0.215242174,-8.490773142
O=C1Nc2ccccc2C1=CC=Cc1ccccc1,,,,,,,,,,,,,,csd_HOLFEU,7.2817926,7.091321426,-1.057231463,-1.281662355,6.280663234,3.2479,1.5581,0.388743176,0.198272002,0.190471174,0.449296405,0.224430892,0.224865513,-1.013080422,-7.293743656
O=C1Nc2ccccc2C1=CC(=O)c1ccccc1,,,,,,,,,,,,,,csd_HOFJUJ,7.939909043,7.764032976,-1.429280282,-1.626140665,5.726911244,2.6672,1.8921,0.369596881,0.193720814,0.175876067,0.397265895,0.196860383,0.200405512,-1.76193815,-7.488849394
O=C1Nc2ccccc2C1=CC(=O)c1ccc(Cl)cc1,,,,,,,,,,,,,,csd_HOFKEU,8.183271261,7.951897896,-1.498755476,-1.739006559,6.873327526,3.0756,1.9487,0.481728856,0.250355492,0.231373364,0.485868527,0.240251083,0.245617443,-1.362746912,-8.236074438
O=C1Nc2ccccc2C1=NNC(=O)c1ccco1,,,,,,,,,,,,,,csd_EFEWUK,7.784538453,7.555436016,-0.916046638,-1.116627663,6.124469798,3.2578,2.1048,0.487893898,0.258791462,0.229102437,0.418323737,0.200581025,0.217742711,-1.266962784,-7.391432582
O=C1Nc2ccccc2C1=CC#Cc1ccccc1,,,,,,,,,,,,,,csd_KEBCOK,7.575760592,7.397830608,-1.088403645,-1.289824496,6.559035856,3.2832,1.757,0.365140742,0.187210758,0.177929984,0.402432796,0.201420851,0.201011945,-1.033488972,-7.592524828
O=C1Nc2ccccc2C1=CC#Cc1ccc(O)cc1,,,,,,,,,,,,,,csd_QIRBOL,7.759889251,7.468363672,-0.904246332,-1.16605426,7.836611086,3.811,1.5069,0.602398517,0.310872939,0.291525579,0.528360761,0.261807927,0.266552833,-0.366537558,-8.203148644
O=C1Nc2ccccc2C1=C1Sc2ccccc2C1=O,,,,,,,,,,,,,,csd_TAJFIV,7.499346192,7.390745494,-1.629981364,-1.805956127,5.26268476,2.4343,1.4545,0.231502618,0.122901921,0.108600697,0.353941945,0.175974763,0.177967182,-1.927655576,-7.190340336
O=C1Nc2ccccc2C1=C1Sc2cccc(Cl)c2C1=O,,,,,,,,,,,,,,csd_KEBKIO,8.031541855,7.815751371,-1.687082582,-1.948913938,7.359595244,3.2915,1.3872,0.472078878,0.256288394,0.215790484,0.529300914,0.261831356,0.267469558,-1.149409536,-8.50900478
O=C1Nc2ccccc2C1=C1OCc2ccccc21,,,,,,,,,,,,,,csd_OGUBIC,7.056571026,6.886218818,-0.494606679,-0.69208653,5.941881304,3.2153,2.0873,0.344896522,0.174544314,0.170352208,0.392438457,0.197479851,0.194958606,-0.773347988,-6.715229292
O=C1Nc2ccccc2C1=C1Nc2ccccc2C1=NO,,,,,,,,,,,,,,csd_XADJET,6.931187207,6.8012405,-1.021485398,-1.280778529,6.062427806,2.8206,1.4311,0.276819423,0.146872715,0.129946707,0.530083841,0.259293131,0.27079071,-0.925731828,-6.988159634
O=C1Nc2ccccc2C1=C1NCCN=C1c1ccccc1,,,,,,,,,,,,,,csd_JEMWAC,6.934234857,6.755085204,-0.672037578,-0.991293941,5.656705832,2.7975,1.8434,0.363716552,0.184566899,0.179149653,0.67442742,0.319256363,0.355171057,-0.9251876,-6.581893432
O=C1Nc2ccccc2C1=C1Cc2ccccc2N1,,,,,,,,,,,,,,csd_YADCUE,6.808872971,6.708719046,0.015155362,-0.164831368,6.26134314,3.5382,2.3433,0.212152537,0.111998612,0.100153925,0.368610441,0.17998673,0.18862371,-0.236194952,-6.497538092
O=C1Nc2ccccc2C1=C1COC(=O)c2ccccc21,,,,,,,,,,,,,,csd_WUCZEA,7.836036408,7.633437113,-1.282659544,-1.556129434,5.937799594,3.0045,1.9808,0.507861243,0.305261948,0.202599295,0.537107947,0.27346989,0.263638057,-1.549417116,-7.48721671
O=C1Nc2ccccc2C1=C1COC(=O)c2ccc3ccccc3c21,,,,,,,,,,,,,,csd_WUCYUP,7.690582196,7.536641048,-1.395982372,-1.667268057,5.847457746,2.962,1.9765,0.365279575,0.211338427,0.153941148,0.543970852,0.271285685,0.272685167,-1.586152506,-7.433610252
O=C1Nc2ccccc2C1=C1C(=O)Nc2ncccc21,,,,,,,,,,,,,,csd_AVEQEZ,7.687064116,7.522590088,-1.612950538,-1.823162467,5.44091943,2.5736,1.5798,0.360197193,0.195723165,0.164474028,0.424823071,0.210211929,0.214611142,-1.921396954,-7.362316384
O=C1Nc2ccccc2C1=C(c1ccccc1)c1ccccc1,,,,,,,,,,,,,,csd_AXAXED,7.203077611,6.965842694,-0.832376698,-1.168253158,5.941881304,2.9615,1.9709,0.474696043,0.237461126,0.237234917,0.640064129,0.33587646,0.304187669,-1.00954294,-6.951424244
O=C1Nc2ccccc2C1=NNC(=O)c1cccnc1,,,,,,,,,,,,,,csd_PAMZIN,8.022619917,7.774554536,-1.158353216,-1.370352199,6.121476544,3.2402,2.0947,0.522269543,0.274204162,0.248065381,0.442264136,0.211998983,0.230265153,-1.493633746,-7.61511029
O=C1Nc2ccccc2C1=NNC(=O)c1cccs1,,,,,,,,,,,,,,csd_DETFEO,7.9278071,7.702233029,-1.078994324,-1.29486753,6.110047756,3.2332,2.068,0.477141831,0.25156776,0.22557407,0.448824832,0.215873206,0.232951625,-1.422339878,-7.532387634
O=C1Nc2c(Br)cccc2C1=NNC(=O)c1ccncc1,,,,,,,,,,,,,,csd_UQAPUY,8.402497728,8.111276427,-1.312084727,-1.57985987,7.197143186,3.5585,2.1365,0.606864833,0.315643532,0.291221301,0.55719015,0.267775142,0.289415008,-1.245465778,-8.442608964
O=C1Nc2ccccc2C2=C(c3ccccc3)c3ccccc3CC12,,,,,,,,,,,,,,csd_WAQSUF,7.100207472,6.915682342,-0.417983975,-0.639108437,6.335902376,3.503,2.2475,0.360632956,0.176107827,0.184525129,0.453601793,0.221124462,0.232477331,-0.581235504,-6.91713788
O=C1Nc2ccccc2SC1=Cc1ccccc1Cl,,,,,,,,,,,,,,csd_SAVTUH,7.406785798,7.176180612,-0.417021508,-0.834173358,6.78788373,3.6246,2.3473,0.378933439,0.148328253,0.230605186,0.763573109,0.41715185,0.346421258,-0.49660805,-7.28449178
O=C1Nc2ccccc2SC1=Cc1ccccc1,,,,,,,,,,,,,,csd_COGRUN,7.397671612,7.163542821,-0.281087503,-0.673547457,7.195510502,3.8042,2.3283,0.373018497,0.138889707,0.23412879,0.73912938,0.392459954,0.346669426,-0.219868112,-7.415378614
O=C1Nc2ccccc2SC1=Cc1ccc(F)cc1,,,,,,,,,,,,,,csd_WOCFUS,7.212186736,7.037811459,-0.397063034,-0.714755857,6.19195407,3.4701,2.2121,0.300923526,0.126548248,0.174375277,0.632464774,0.317692823,0.314771951,-0.701782006,-6.893736076
O=C1Nc2ccccc2Oc2ccccc21,,,,,,,,,,,,,,csd_WOFBOL,7.960218136,7.534312487,0.161918279,-0.180819753,7.206122948,3.9845,3.3418,0.691508696,0.265603047,0.425905649,0.639635903,0.342738032,0.296897871,-0.285175472,-7.49129842
O=C1Nc2ccccc2OC1=Cc1ccccc1,,,,,,,,,,,,,,csd_WOCBUO,7.27726318,7.169175146,-0.212382065,-0.483896435,6.399304938,3.6622,2.3251,0.219976032,0.111887998,0.108088035,0.543303166,0.27151437,0.271788797,-0.545316456,-6.944621394
O=C1Nc2ccccc2Nc2ccccc21,,,,,,,,,,,,,,csd_FAXMAU,7.256620177,6.922647916,0.219035579,-0.108943425,6.644207538,3.3369,2.8747,0.481986031,0.148013771,0.333972261,0.572545734,0.327979004,0.24456673,-0.199731676,-6.843939214
O=C1Nc2ccccc2NN=C1c1ccccc1,,,,,,,,,,,,,,csd_COSNAA,7.190438297,6.961471727,-0.271531594,-0.739353575,6.17970894,2.8929,2.1093,0.431302568,0.202335997,0.22896657,0.811239318,0.467821981,0.343417338,-0.654978398,-6.834687338
O=C1Nc2ccccc2NC1=CC(=O)c1ccccc1,,,,,,,,,,,,,,csd_GAQQUL,7.285956815,7.160782116,-0.785106551,-0.9711596,5.90351323,3.239,2.0267,0.26003339,0.134858692,0.125174699,0.371411365,0.186053049,0.185358315,-1.072673388,-6.976186618
O=C1Nc2ccccc2NC1=CC(=O)c1cc(O)ccc1O,,,,,,,,,,,,,,csd_PAKNOE,7.138763032,7.00030381,-0.589506681,-0.805146686,6.616724024,3.3529,2.0178,0.292963647,0.154504424,0.138459222,0.43280929,0.215640005,0.217169285,-0.54967028,-7.166394304
O=C1Nc2ccccc2Cc2ccccc21,,,,,,,,,,,,,,csd_IDOSAW01,8.491111815,8.070829592,0.558769963,0.065780784,10.06277572,5.1404,2.9871,0.835685958,0.415403736,0.420282223,0.934046598,0.492989179,0.441057419,1.04355719,-9.01921853
O=C1Nc2ccccc2CN1C(=O)c1ccccc1,,,,,,,,,,,,,,csd_WETREV,8.140389387,7.85147896,0.170786638,-0.239032013,7.417011298,4.3407,3.4456,0.670977422,0.382066995,0.288910427,0.790025474,0.40981865,0.380206824,-0.224766164,-7.641777462
O=C1Nc2ccccc2C2=Nc3ccccc3C12,,,,,,,,,,,,,,csd_GIYCAV,7.725740386,7.543848042,-0.495138852,-0.705348087,6.553593576,3.6192,2.5328,0.378124852,0.196232508,0.181892345,0.415426321,0.210209235,0.205217086,-0.81906314,-7.372656716
O=C1Nc2ccccc2C2=C(c3ccccc3)OC(c3ccccc3)=CC12,,,,,,,,,,,,,,csd_ZAQQOA,6.998760651,6.833935487,-0.259478931,-0.557330289,6.404747218,3.3575,2.4477,0.343652771,0.178827606,0.164825164,0.587515351,0.297851358,0.289663992,-0.401640264,-6.806387482
O=C1Nc2ccccc2C1=NNC(=O)c1ccncc1,,,,,,,,,,,,,,csd_VELZES,8.071327289,7.829112713,-1.240687266,-1.444803242,6.089094978,3.2167,2.0868,0.51048951,0.268274934,0.242214576,0.418125311,0.204115977,0.214009334,-1.57145835,-7.660553328
O=C1Nc2ccccc2C2=C(c3ccccc3)CCC12,,,,,,,,,,,,,,csd_PALVOQ,7.273163076,7.079481909,-0.110778208,-0.441423195,6.651554616,3.7539,2.5177,0.389457503,0.195776336,0.193681167,0.574913588,0.330644987,0.244268602,-0.348578034,-7.00013265
O=C1Nc2ccccc2C2=C(c3ccc(Cl)cc3)c3ccccc3CC12,,,,,,,,,,,,,,csd_ZUXCEC,7.17799915,6.989173259,-0.533755421,-0.766422687,6.325834158,3.4917,2.247,0.366739739,0.177913848,0.188825891,0.4765625,0.232667266,0.243895234,-0.682461912,-7.00829607
O=C1Nc2ccccc2C2=C(c3ccc(Br)cc3)CCCC12,,,,,,,,,,,,,,csd_SEPZIZ,7.692795027,7.406236944,0.162748934,-0.368907127,8.048043664,4.4288,2.9392,0.606321422,0.319763338,0.286558083,0.926540279,0.531656061,0.394884218,0.275379368,-7.772664296
O=C1Nc2ccccc2C1=Nc1ccccc1O,,,,,,,,,,,,,,csd_EXIZIV,7.412862131,6.759655875,-0.816839125,-1.059367857,5.821334802,2.5581,1.9536,0.891578147,0.238371891,0.653206256,0.493855454,0.242528732,0.251326722,-1.199478512,-7.020813314
O=C1Nc2ccccc2C1=Nc1ccccc1,,,,,,,,,,,,,,csd_PARVAI,7.660750094,7.296501667,-0.900287427,-1.290234381,6.755774278,2.6344,1.9986,0.737789818,0.373541391,0.364248426,0.661189971,0.389946954,0.271243018,-0.901785796,-7.657560074
O=C1Nc2ccccc2C1=Nc1ccc(O)cc1,,,,,,,,,,,,,,csd_NUPTEY,7.31827027,6.702109615,-0.851364786,-1.117096271,5.65588949,2.5585,1.8891,0.95401016,0.337849504,0.616160656,0.538110741,0.265731484,0.272379257,-1.23675813,-6.89264762
O=C1Nc2ccccc2C1=NO,,,,,,,,,,,,,,csd_RAQQOS,8.059893576,7.891871616,-0.25631117,-0.492229355,6.511415906,3.3715,2.3432,0.349282809,0.18126085,0.168021959,0.48260188,0.235918185,0.246683695,-0.910493444,-7.42190935
O=C1Nc2ccccc2C1=NNc1nccs1,,,,,,,,,,,,,,csd_RANPII,7.354202761,7.235037782,-0.85465293,-1.085948742,5.762286064,3.1461,1.8562,0.247164684,0.127999704,0.119164979,0.469138958,0.231295812,0.237843147,-1.219342834,-6.981628898
O=C1Nc2ccccc2C1=NNc1ccccc1,,,,,,,,,,,,,,csd_PEDBEH,7.259033148,7.150667666,-0.577318015,-0.838455453,6.739719552,3.47,1.8914,0.219221732,0.11085625,0.108365482,0.53292384,0.261137438,0.271786402,-0.544500114,-7.284219666
O=C1Nc2ccccc2C1=NNc1ccc(O)cc1,,,,,,,,,,,,,,csd_ENUHUS,6.961494231,6.795638435,-0.467672699,-0.73167645,6.508422652,3.371,1.8323,0.35213919,0.186283394,0.165855796,0.538471428,0.264003751,0.274467677,-0.446539074,-6.954961726
O=C1Nc2ccccc2C1=NNC(=S)Nc1ccccc1F,,,,,,,,,,,,,,csd_NUPMIV,7.971591875,7.539567362,-1.235582053,-1.480743162,5.748680364,2.6654,1.9009,0.597669013,0.165644499,0.432024513,0.500534655,0.245161108,0.255373547,-1.523566286,-7.27224665
O=C1Nc2ccccc2C1=NNC(=O)c1cn(-c2ccccc2)nn1,,,,,,,,,,,,,,csd_WIGQEK,7.700531228,7.431717155,-0.9088711,-1.109351906,6.119027518,3.2462,2.109,0.5602781,0.291464027,0.268814074,0.411870934,0.200480806,0.211390128,-1.20002274,-7.319050258
O=C1Nc2ccccc2C1=C(Nc1ccccc1)C(=Nc1ccccc1)c1ccccc1,,,,,,,,,,,,,,csd_DANBUR,6.805004327,6.678008451,-0.763830529,-1.247197784,5.772082168,2.7839,2.1637,0.261573664,0.134577788,0.126995876,0.944768379,0.483367255,0.461401124,-0.85035625,-6.622438418
O=C1Nc2ccccc2C(=O)NC1=Cc1ccccc1,,,,,,,,,,,,,,csd_EMEFOT,7.733011681,7.39293925,-0.488360411,-0.880311239,6.571280986,3.7175,2.3522,0.671733001,0.331660571,0.340072431,0.744855448,0.391950829,0.352904619,-0.798382476,-7.369663462
O=C1Nc2ccccc2C#Cc2ccccc21,,,,,,,,,,,,,,csd_MEHCOT,7.902692229,7.775710286,-0.409989483,-0.688857054,6.769379978,3.6722,2.6562,0.300650024,0.17366808,0.126981944,0.532430906,0.27886757,0.253563336,-0.750490412,-7.51987039
O=C1Nc2cc(O)c(O)c3nc(Cl)c(Nc4ccc(O)c(O)c4)c(c23)C1=O,,,,,,,,,,,,,,csd_QIBZOQ,6.909792435,6.745469865,-1.541719011,-1.840344262,4.810703406,2.0936,1.2986,0.317952692,0.153630122,0.16432257,0.586250293,0.298625251,0.287625042,-1.81363981,-6.624343216
O=C1Nc2ccc(Br)cc2C1=Cc1c(O)ncnc1O,,,,,,,,,,,,,,csd_DALKEJ,7.729620215,7.466519447,-0.818030467,-1.098044753,6.964213602,3.4503,2.156,0.529273431,0.266172663,0.263100768,0.57660494,0.280014286,0.296590654,-0.75239521,-7.716608812
O=C1Nc2ccc(Br)cc2C1=Cc1c(Cl)cccc1Cl,,,,,,,,,,,,,,csd_DUDCUB,7.704449942,7.50858038,-0.925413183,-1.270345433,6.11440158,3.1291,2.2112,0.398571634,0.202702072,0.195869562,0.659382019,0.344932251,0.314449768,-1.194308346,-7.308709926
O=C1Nc2ccc(Br)cc2C1=C(c1ccccc1O)c1c[nH]c2ccc(Br)cc12,,,,,,,,,,,,,,csd_BEFLAC,7.016573234,6.74383065,-0.763404126,-1.049961121,6.682031384,3.2064,1.9431,0.582156338,0.309413754,0.272742583,0.586559687,0.286556995,0.300002692,-0.50613204,-7.188163424
O=C1Nc2ccc(Br)cc2C(c2ccccc2)=NC1=Cc1ccc(O)cc1,,,,,,,,,,,,,,csd_QOKZAS,6.862835082,6.570160965,-0.899999912,-1.138342932,5.671127874,2.8016,1.9063,0.590787794,0.298113676,0.292674118,0.462176105,0.23834302,0.223833085,-1.007638142,-6.678766016
O=C1Nc2ccc(-c3ccccc3)cc2C1=O,,,,,,,,,,,,,,csd_EWUVAU,8.395320612,8.053949136,-0.914708191,-1.173588715,8.013213072,2.8965,2.2846,0.66329929,0.321927815,0.341371476,0.533309371,0.258880525,0.274428847,-0.680557114,-8.693770186
O=C1Nc2ccc(-c3ccc(Br)cc3)c3cccc1c23,,,,,,,,,,,,,,csd_RAKYUY,7.48248628,7.28254943,-0.764300742,-0.946522426,6.056985526,3.2245,2.1324,0.395341913,0.195405063,0.19993685,0.359521643,0.182221684,0.177299958,-1.11022512,-7.167210646
O=C1Nc2cc3ccccc3c3cccc1c23,,,,,,,,,,,,,,csd_ZOKLOD,7.608176009,7.449518472,-0.528060782,-0.686987739,6.291003566,3.4591,2.3978,0.328249349,0.169591812,0.158657537,0.317135506,0.158926957,0.158208549,-0.909132874,-7.20013644
O=C1Nc2cc3ccccc3c3c4c(cc(c23)C1=O)OCO4,,,,,,,,,,,,,,csd_ZEBWEI,7.384670005,7.264911545,-1.160910978,-1.341331268,5.559016906,2.7237,1.8863,0.233341565,0.113583105,0.11975846,0.358374682,0.18042029,0.177954393,-1.514586524,-7.07360343
O=C1Nc2cc3cccc(O)c3c3cccc1c23,,,,,,,,,,,,,,csd_WAQQOX,7.420181481,7.277904036,-0.415653945,-0.575824572,6.246921098,3.4894,2.4195,0.296072631,0.153795186,0.142277444,0.320622702,0.160170627,0.160452075,-0.788858486,-7.035779584
O=C1Nc2cc3ccc2CCc2ccc(cc2N1)CC3,,,,,,,,,,,,,,csd_MORYIB,7.772249921,7.436031005,0.264452984,0.109734134,7.371296146,4.0437,3.0429,0.691223983,0.355005067,0.336218915,0.293038914,0.15471885,0.138320063,-0.02449026,-7.395786406
O=C1Nc2cc(Oc3ccc(Cl)cc3)ccc2C1=O,,,,,,,,,,,,,,csd_ROLRIV,8.746458259,8.412833706,-0.771315569,-1.258397996,7.414834386,2.6947,2.1379,0.997625163,0.66400061,0.333624553,0.81258084,0.487082427,0.325498413,-0.976345032,-8.391179418
O=C1Nc2cc(O)ccc2C1=NNC(=O)c1ccccc1,,,,,,,,,,,,,,csd_FUWSIA,7.504433961,7.244594616,-0.871079364,-1.102614391,5.90215266,3.1906,1.9994,0.539164067,0.279324722,0.259839346,0.482531239,0.231535027,0.250996212,-1.193764118,-7.095916778
O=C1Nc2cc(Cl)nnc2Nc2nnc(Cl)cc21,,,,,,,,,,,,,,csd_GOYBAX,8.248968288,8.08807245,-1.407451433,-1.691307152,5.964466766,2.7228,2.1676,0.29828538,0.137389542,0.160895838,0.568767513,0.283855719,0.284911794,-1.859082848,-7.823549614
O=C1Nc2ccccc2-c2nc3ccccc3c(=O)n2-c2ccccc21,,,,,,,,,,,,,,csd_WUMDUD,8.489620467,8.130910813,0.437969388,0.220607446,9.793654974,4.9503,2.6285,0.75647175,0.397762095,0.358709655,0.430549655,0.217361942,0.213187713,0.666951414,-9.12670356
O=C1Nc2cc(Cl)ccc2SCCCCCOc2ccccc21,,,,,,,,,,,,,,csd_HIHLUG,7.691065743,7.287346528,0.029663691,-0.213168121,7.182993258,4.1662,3.282,0.797719334,0.394000119,0.403719215,0.508480384,0.242831812,0.265648571,-0.241637232,-7.42463049
O=C1Nc2cc(Cl)ccc2SCCCCCCCOc2ccccc21,,,,,,,,,,,,,,csd_HIHMAN,7.488174823,7.097437895,0.009049967,-0.227725676,6.943532938,4.1457,3.2033,0.716551265,0.325814337,0.390736928,0.497015949,0.236775643,0.260240306,-0.257964072,-7.20149701
O=C1Nc2cc(Cl)ccc2SCCCCCCCCCCOc2ccccc21,,,,,,,,,,,,,,csd_HIHLIU,7.43148096,6.981977476,0.030839224,-0.198908803,6.953056928,4.1227,3.2093,0.710379448,0.260875964,0.449503484,0.480620808,0.229748027,0.250872781,-0.222861366,-7.175918294
O=C1Nc2cc(Br)ccc2C1=CC(=O)c1ccccc1,,,,,,,,,,,,,,csd_UMENAC,8.143605203,7.949072809,-1.569317901,-1.806718318,6.70080725,2.9853,1.9381,0.400546366,0.206013972,0.194532394,0.477902117,0.237400417,0.2405017,-1.472953082,-8.173760332
O=C1Nc2cc(Br)cc(c2)C(=O)Nc2cc(Br)cc(c2)C(=O)Nc2cc(Br)cc1c2,,,,,,,,,,,,,,csd_VACXOO,8.45380836,8.086154862,-0.623597939,-1.035785886,7.422725692,4.2026,3.3333,0.860087591,0.492434093,0.367653498,0.894118168,0.412187947,0.481930221,-0.787225802,-8.209951494
O=C1Nc2cc(-c3ccccc3)sc2C1=C1C(=O)Nc2cc(-c3ccccc3)sc21,,,,,,,,,,,,,,csd_WAMZOC,6.410431952,6.249688225,-1.602247505,-1.765951832,4.600631398,2.1215,0.925,0.317404926,0.1566612,0.160743726,0.310640989,0.163704327,0.146936662,-1.712141288,-6.312772686
O=C1Nc2c(sc3ccccc23)C1=C1C(=O)Nc2c1sc1ccccc21,,,,,,,,,,,,,,csd_CURCID,6.605683543,6.461862314,-1.716481234,-1.85778432,4.566617148,1.9934,0.8376,0.29331032,0.149489091,0.143821229,0.277398182,0.141303086,0.136095096,-1.885477906,-6.452095054
O=C1Nc2c(ccc3cc4c(cc23)OCO4)C2CCCCC12,,,,,,,,,,,,,,csd_MIMNEC,7.396035935,7.143959648,0.329171517,0.071317542,8.132943232,4.2747,2.5487,0.512523835,0.260447548,0.252076287,0.504938766,0.257853975,0.247084791,0.514023346,-7.618919886
O=C1Nc2c(ccc3cc4c(cc23)OCO4)C2CC=CCC12,,,,,,,,,,,,,,csd_MIMNAY,7.342145716,7.114102837,0.266399143,0.028855703,7.663274468,4.1436,2.6128,0.463004964,0.234962085,0.228042879,0.466104887,0.23754344,0.228561447,0.284087016,-7.379187452
O=C1Nc2c(O)c3c(=O)[nH]ccc3c3nc4ccccc4c1c23,,,,,,,,,,,,,,csd_VAFWEF,6.979419877,6.819261195,-1.518112577,-1.6439985,4.877371336,2.1681,1.3013,0.337021352,0.176862671,0.160158681,0.249816979,0.125885923,0.123931056,-1.777448648,-6.654819984
O=C1Nc2c(Cl)ccc(-c3ccccc3)c2C1=O,,,,,,,,,,,,,,csd_PADSEV,8.157185596,8.014855824,-1.246275589,-1.469064301,5.985419544,2.3623,1.8638,0.298052179,0.155722407,0.142329772,0.464038453,0.222788712,0.241249742,-1.76057758,-7.745997124
O=C1Nc2c(Cl)ccc(-c3ccc(O)cc3)c2C1=O,,,,,,,,,,,,,,csd_PADSAR,7.768627757,7.612714598,-1.188389322,-1.416716098,5.678474952,2.3667,1.8749,0.317021246,0.161108087,0.155913159,0.480780267,0.228326776,0.252453491,-1.689283712,-7.367758664
O=C1Nc2ccc(Br)cc2C1=Cc1nc2ccccc2c(=O)[nH]1,,,,,,,,,,,,,,csd_ROMZEB,7.725920825,7.605764535,-1.646771886,-1.872380787,5.569085124,2.7068,1.845,0.251631435,0.131475144,0.120156291,0.443340102,0.225608901,0.217731201,-1.872688548,-7.441773672
O=C1Nc2ccc(Br)cc2C1=NN=C(C(I)=C(c1ccc(Cl)cc1)c1ccc(Cl)cc1)c1ccccc1,,,,,,,,,,,,,,csd_DAKSAM,7.536833433,7.283683874,-1.562753967,-2.01014503,5.816980978,2.8642,2.002,0.658525676,0.405376117,0.253149559,0.900317741,0.447391063,0.452926678,-1.613908134,-7.430889112
O=C1Nc2ccc(C=Cc3c4ccccc4cc4ccccc34)c3cccc1c23,,,,,,,,,,,,,,csd_XATHIK,6.82761183,6.544461158,-0.976694971,-1.23823707,5.855076938,3.03,1.634,0.564256135,0.281105463,0.283150672,0.500751802,0.261542099,0.239209703,-1.000291064,-6.855368002
O=C1Nc2ccc(Cl)cc2C1=C1C=C(c2ccccc2)CC1,,,,,,,,,,,,,,csd_WEDPED,7.017248893,6.859741418,-1.104082963,-1.2961315,5.519016148,2.9618,1.6785,0.323578104,0.16607063,0.157507475,0.385950171,0.192048537,0.193901634,-1.278391572,-6.79740772
O=C1Nc2ccccc2-c2ccccc2N1,,,,,,,,,,,,,,csd_LIWJOT,7.728627189,7.463404232,0.315072066,0.071479423,7.280137956,4.0602,3.1495,0.509004013,0.243781055,0.265222958,0.479689689,0.243592643,0.236097045,-0.056871826,-7.337009782
O=C1Nc2ccccc2-c2ccccc2CCO1,,,,,,,,,,,,,,csd_DAKQOV,8.248977839,7.751591271,0.808304977,0.686064103,8.320974006,4.9194,3.6538,0.960688545,0.463301977,0.497386568,0.246385458,0.122240874,0.124144584,0.478376412,-7.842597594
O=C1Nc2cccc3cccc(c23)N1,,,,,,,,,,,,,,csd_UDENAT,7.177039812,7.063141164,0.573271598,0.428047431,6.814006674,3.8897,2.5612,0.230801299,0.116902651,0.113898648,0.289800077,0.145224167,0.14457591,0.118913818,-6.695092856
O=C1Nc2cccc3c2c1cc1ccsc13,,,,,,,,,,,,,,csd_KAZQIO,7.802966911,7.625530896,-0.447323851,-0.613261145,7.224082472,3.7491,2.3403,0.366729126,0.189293111,0.177436015,0.327925942,0.165937294,0.161988648,-0.500961874,-7.725044346
O=C1Nc2cccc3c2c1cc1ccccc13,,,,,,,,,,,,,,csd_OBAKUA,7.630069703,7.488070522,-0.599598981,-0.764313014,6.24637687,3.337,2.2802,0.297692036,0.155692855,0.141999181,0.327015204,0.164714033,0.162301171,-0.971991208,-7.218368078
O=C1Nc2cccc3c2c1cc1ccc(O)cc13,,,,,,,,,,,,,,csd_OBAKIO,7.426541792,7.286221609,-0.454241859,-0.619139324,6.225151978,3.4196,2.2854,0.289994284,0.149674102,0.140320183,0.329251056,0.164897465,0.164353591,-0.816886228,-7.042038206
O=C1Nc2cccc3c2C1Cc1ccccc1-3,,,,,,,,,,,,,,csd_MEVPAH,8.328651485,8.001981893,0.348826148,0.050405717,10.01624423,5.1345,2.1416,0.665083542,0.33841395,0.326669592,0.601255611,0.29842043,0.302835181,0.959473964,-9.056770262
O=C1Nc2cccc3c(-c4ccccc4)c(-c4ccccc4)cc1c23,,,,,,,,,,,,,,csd_BONFAN,7.60211467,7.435636413,-0.699432302,-0.897202036,6.981901012,3.5836,2.1778,0.348192176,0.18171392,0.166478257,0.397360999,0.197769734,0.199591265,-0.632392936,-7.614293948
O=C1Nc2cccc(C=Cc3ccccc3)c2C1=O,,,,,,,,,,,,,,csd_CEZBUH,7.833271159,7.668056763,-1.204154927,-1.379401785,6.612642314,2.6174,2.0866,0.332189288,0.166974892,0.165214396,0.353226421,0.175246858,0.177979563,-1.252268628,-7.864910942
O=C1Nc2ccc3oc(=O)ccc3c2C(=Cc2ccccc2)c2ccccc21,,,,,,,,,,,,,,csd_CAKSUF,7.933487752,7.632158504,-0.738254806,-1.042231178,7.271430308,3.8012,2.6714,0.61613222,0.314802972,0.301329247,0.586085936,0.303976372,0.282109564,-0.69253013,-7.963960438
O=C1Nc2ccc3ccccc3c2Oc2ccccc21,,,,,,,,,,,,,,csd_HARYEG,7.479840679,7.127664073,-0.194811392,-0.412474837,6.657541124,3.6532,2.5763,0.634025021,0.281848416,0.352176606,0.455079807,0.217663444,0.237416363,-0.491437884,-7.148979008
O=C1Nc2ccc3ccccc3c2C1=C1COC(=O)c2ccc3ccccc3c21,,,,,,,,,,,,,,csd_WUCYOJ,7.279341478,7.128997949,-1.507637277,-1.782932834,5.429762756,2.5935,1.6308,0.340247808,0.189904279,0.150343529,0.548966321,0.275295557,0.273670764,-1.656902146,-7.086664902
O=C1Nc2ccc3ccccc3c2C1(F)F,,,,,,,,,,,,,,csd_CANPAL,7.811783078,7.681604121,-0.519617057,-0.69138785,4.79736982,3.3132,2.3525,0.26925283,0.139073873,0.130178957,0.358807207,0.171770792,0.187036415,-1.73608732,-6.53345714
O=C1Nc2ccc3ccccc3c2-c2c(ccc3ccccc23)N1,,,,,,,,,,,,,,csd_HIXGED,7.210919583,6.977639026,-0.324188347,-0.468584961,6.50624574,3.5441,2.4657,0.483157645,0.249877089,0.233280557,0.299327359,0.144396614,0.154930745,-0.519193512,-7.025439252
O=C1Nc2ccc3cc(ccc3c2)C(=O)Nc2ccc3cc(ccc3c2)C(=O)Nc2ccc3cc1ccc3c2,,,,,,,,,,,,,,csd_ROKNIP,7.633979491,7.4103143,-0.75718741,-0.928945222,6.593594334,3.8437,2.6096,0.562736378,0.339071187,0.223665191,0.509351965,0.171757813,0.337594152,-0.87620708,-7.469801414
O=C1Nc2ccc(F)cc2C1=NN=c1scc(-c2ccc(Cl)cc2)n1-c1cccc(O)c1,,,,,,,,,,,,,,csd_ROXMAU,6.922487097,6.73644983,-0.974541733,-1.225976973,5.615616618,2.6522,1.8445,0.407870586,0.221833319,0.186037267,0.508513854,0.251435241,0.257078613,-1.157028728,-6.772645346
O=C1Nc2ccc(F)cc2C1=CC(=O)c1ccccc1-c1ccc(Cl)cc1,,,,,,,,,,,,,,csd_UGIVOX,7.986426714,7.699287123,-1.500406119,-1.769317882,6.690194804,3.0556,1.931,0.597409144,0.310269553,0.287139591,0.539826828,0.268911762,0.270915066,-1.324650952,-8.014845756
O=C1Nc2ccc(F)cc2C1=C1SN(c2ccccc2)N=C1c1ccc(Cl)cc1,,,,,,,,,,,,,,csd_EHULAW,6.758355824,6.659191768,-1.107837864,-1.360258429,5.385680288,2.7722,1.6699,0.222076317,0.122912261,0.099164056,0.50886733,0.252420566,0.256446764,-1.234309104,-6.619989392
O=C1Nc2ccc(F)cc2C1=C(Cl)c1ccccc1,,,,,,,,,,,,,,csd_HADDEY,7.616641475,7.384034347,-0.794991663,-1.267804977,6.074128708,3.0722,2.1409,0.471020626,0.238413497,0.232607129,0.889281886,0.472813313,0.416468572,-1.101245358,-7.175374066
O=C1Nc2ccc(Cl)nc2Nc2ncccc21,,,,,,,,,,,,,,csd_HESNUP,7.606112841,7.344156312,-0.353196897,-0.643229332,6.435768214,3.1878,2.6931,0.424920705,0.162964177,0.261956529,0.515669091,0.290032435,0.225636657,-0.770898962,-7.206667176
O=C1Nc2ccc(Cl)cc2Oc2ccccc21,,,,,,,,,,,,,,csd_HARXOP,7.969456869,7.579089471,0.000797294,-0.34313521,7.099726374,3.9826,3.2681,0.68643015,0.296062753,0.390367397,0.643203481,0.343932504,0.299270977,-0.418239218,-7.517965592
O=C1Nc2ccc(Cl)cc2CN1c1ccccc1,,,,,,,,,,,,,,csd_IZAPII,7.679939546,7.516046372,0.742595841,0.519055278,7.630892902,4.3624,3.4424,0.308553602,0.144660428,0.163893174,0.522316564,0.223540563,0.298776002,0.328169484,-7.302723418
O=C1Nc2ccc(Cl)cc2C1=NNc1ccccc1,,,,,,,,,,,,,,csd_WADHAN,7.258469246,7.167302348,-0.813479905,-1.036221541,5.837661642,3.1844,1.8852,0.184518054,0.093351157,0.091166898,0.452928311,0.222741636,0.230186675,-1.124647162,-6.962308804
O=C1Nc2ccc(Cl)cc2C1=NN=C(C=C(c1ccc(Cl)cc1)c1ccc(Cl)cc1)c1ccccc1,,,,,,,,,,,,,,csd_DAKSEQ,7.496930091,7.014766125,-1.429975669,-1.857530166,5.807456988,2.8284,1.9173,0.911731291,0.429567324,0.482163967,0.747948595,0.427554497,0.320394099,-1.475129994,-7.282586982
O=C1Nc2ccc(Cl)cc2C1=Cc1c(Cl)cccc1Cl,,,,,,,,,,,,,,csd_WOGYAT,7.959428107,7.712505605,-0.780788401,-1.201650798,7.382997048,3.6332,2.2801,0.505782646,0.258860143,0.246922502,0.81101945,0.420862397,0.390157053,-0.611984386,-7.994981434
O=C1CCCc2c1cc(-c1ccccc1)n2-c1ccc(Br)cc1,,,,,,,,,,,,,,csd_BIJBIH,7.360785743,7.112428383,0.292261865,-0.098189072,6.960404006,3.7797,3.1899,0.482149273,0.233791913,0.248357359,0.626008597,0.390450936,0.235557661,-0.120546502,-7.080950508
O=C1CCCCc2c1[nH]c1ccccc21,,,,,,,,,,,,,,csd_HODXII,7.724607576,7.529140389,0.093489282,-0.124187687,7.620824684,3.9059,2.5827,0.406922677,0.21145549,0.195467187,0.430270929,0.217676968,0.212593961,-0.015238384,-7.636063068
O=C1CCCc2c1cc(-c1ccc(F)cc1)n2-c1ccc(Cl)cc1,,,,,,,,,,,,,,csd_HICGUX,7.380887348,7.106243232,0.291401985,-0.091443093,6.959043436,3.7795,3.2059,0.532146683,0.257502567,0.274644116,0.63780746,0.382845078,0.254962382,-0.13061472,-7.089658156
O=C1C(=Cc2cccc3ccccc23)CCCC1=Cc1cccc2ccccc12,,,,,,,,,,,,,,csd_BIJLIR,7.342389748,7.222777957,-1.072528351,-1.230927271,5.954942776,2.8562,2.2396,0.254519109,0.134907318,0.11961179,0.296104931,0.15839892,0.137706011,-1.222063974,-7.17700675
O=C1C(=O)N(c2ccccc2)C2C1=C(c1ccc(O)cc1)N(c1ccccc1)C(=O)N2c1ccccc1,,,,,,,,,,,,,,csd_YAMTOW,7.599218016,7.426690937,-1.232660637,-1.629834422,6.022971276,2.5284,2.1033,0.47704006,0.304512981,0.172527079,0.726256211,0.397173785,0.329082426,-1.380162208,-7.403133484
O=C1C(=O)N(c2ccccc2)C(=P)N1c1ccccc1,,,,,,,,,,,,,,csd_FIHDEH,7.838699289,7.571296126,-0.80364244,-1.215580042,6.138619726,3.1959,1.8549,0.676088458,0.408685295,0.267403162,0.822424292,0.411937602,0.41048669,-1.308596226,-7.447215952
O=C1C(=O)N(C(=O)C(=O)N2C(=O)C(=O)c3ccccc32)c2ccccc21,,,,,,,,,,,,,,csd_FOHHUF,8.567009417,8.501859066,-1.800432757,-1.987762293,6.06678163,2.446,1.927,0.141466354,0.076316004,0.06515035,0.428037499,0.187329536,0.240707963,-2.116502692,-8.183284322
O=C1C(=O)C(=CNc2ccc(O)cc2)c2ccccc2C1=CNc1ccc(O)cc1,,,,,,,,,,,,,,csd_LEGVOJ,6.438942696,6.301870166,-0.938066484,-1.145593953,5.252616542,2.6548,1.6426,0.278799569,0.141727039,0.137072529,0.412158831,0.20752747,0.204631361,-1.065598424,-6.318214966
O=C1C(=O)C(=C2N(c3ccccc3)C=CN2c2ccccc2)C(=O)C(Cl)=C1Cl,,,,,,,,,,,,,,csd_ZIMBOP,7.306045114,7.177493018,-0.873810572,-1.250986971,5.684189346,2.135,1.7487,0.271160513,0.142608417,0.128552096,0.759731948,0.377176399,0.382555549,-1.319480786,-7.003670132
O=C1C(=Nc2ccccc2)c2ccccc2N1c1ccccc1,,,,,,,,,,,,,,csd_DIQPUR,7.613218826,7.046810324,-1.033753712,-1.407489991,6.013175172,2.693,2.1633,0.867067315,0.300658813,0.566408502,0.718944454,0.373736279,0.345208174,-1.337984538,-7.35115971
O=C1C(=Nc2ccccc2)c2ccccc2-c2ccccc21,,,,,,,,,,,,,,csd_RELWIR,7.16460393,6.905400079,-1.530492975,-1.71956415,5.073021302,1.7271,1.3402,0.503423499,0.244219648,0.259203851,0.376294369,0.189071175,0.187223194,-1.801666794,-6.874688096
O=C1C(=Nc2cccc3ccccc23)c2cccc3cccc1c23,,,,,,,,,,,,,,csd_HEWMAY,7.320426393,6.716374212,-1.081844718,-1.451246956,6.29263625,2.6362,2.0269,0.877037572,0.272985391,0.604052181,0.713013266,0.369402238,0.343611028,-1.049543698,-7.342179948
O=C1C(=Nc2ccc(I)cc2)c2ccccc2-c2ccccc21,,,,,,,,,,,,,,csd_RELXEO,7.106782562,6.883606632,-1.710671872,-1.916771288,4.915467296,1.7098,1.3591,0.449165518,0.225989589,0.22317593,0.407385407,0.206099416,0.201285991,-1.952690064,-6.86815736
O=C1C(=Nc2ccc(Cl)cc2)c2ccccc2-c2ccccc21,,,,,,,,,,,,,,csd_RELWUD,7.168599788,6.897841188,-1.668431344,-1.868656907,4.968257412,1.7178,1.3308,0.525593089,0.254834489,0.2707586,0.389607927,0.200225563,0.189382364,-1.921669068,-6.88992648
O=C1C(=Nc2ccc(Br)cc2)c2ccccc2-c2ccccc21,,,,,,,,,,,,,,csd_RELXIS,7.146617875,6.903057341,-1.690436115,-1.89480162,4.943222924,1.7003,1.3445,0.486169485,0.242608951,0.243560534,0.40021221,0.204365505,0.195846704,-1.942077618,-6.885300542
O=C1C(=Nc2c(Cl)cc(-c3ccccc3)cc2-c2ccccc2)c2cccc3cccc1c23,,,,,,,,,,,,,,csd_IDIREU,7.202265188,6.622782098,-1.205839449,-1.564809789,5.69942773,2.4621,2.0204,0.801137902,0.221654813,0.57948309,0.696708713,0.35897034,0.337738373,-1.416081256,-7.115508986
O=C1C(=NNc2ccncc2)C(=O)N(c2ccccc2)N1c1ccccc1,,,,,,,,,,,,,,csd_CEKDOL,7.585730414,7.242472208,-1.406629648,-1.739855555,5.72527856,2.8046,2.2159,0.752306773,0.409048568,0.343258205,0.667740272,0.333225906,0.334514366,-1.677310696,-7.402589256
O=C1C(=NNc2ccccc2O)N(c2ccccc2)C(=O)N1c1ccccc1,,,,,,,,,,,,,,csd_XEVPAS,6.83867789,6.645577088,-0.65523228,-1.01643586,5.683917232,3.0322,1.827,0.398864157,0.205763355,0.193100802,0.710929118,0.361203579,0.349725539,-0.923282802,-6.607200034
O=C1C(=NNc2ccccc2Br)C=NN1c1ccccc1,,,,,,,,,,,,,,csd_JEBMEI,7.564350689,7.361789571,-1.262743929,-1.502032545,5.682012434,2.8418,1.7317,0.428829623,0.226268505,0.202561117,0.483098406,0.239288616,0.24380979,-1.607921626,-7.28993406
O=C1C(=NNc2ccccc2)c2cccc3cccc1c23,,,,,,,,,,,,,,csd_HAYWAI,7.102741152,7.004756411,-0.945509754,-1.124104431,5.611534908,2.8803,1.8529,0.198090774,0.100106033,0.097984741,0.358681164,0.178594677,0.180086487,-1.24356098,-6.855095888
O=C1C(=NNc2ccccc2)CC(=NNc2ccccc2)c2ccccc21,,,,,,,,,,,,,,csd_DEWNAV,6.948141733,6.853836817,-1.040713871,-1.246687842,5.928547718,3.0213,1.9262,0.196482635,0.102177719,0.094304916,0.410575127,0.205973971,0.204601156,-1.025053438,-6.953601156
O=C1C(=NNc2ccc(Br)cc2F)C=NN1c1ccccc1,,,,,,,,,,,,,,csd_ZEXYEJ,7.614745657,7.421125117,-1.38902741,-1.617434459,5.632215572,2.8249,1.7097,0.415601889,0.221981349,0.19362054,0.461973924,0.228407049,0.233566875,-1.720304708,-7.35252028
O=C1C(=NNc2ccc(Br)cc2)c2ccccc2C2=C1CCO2,,,,,,,,,,,,,,csd_DUNION01,7.094014701,6.978373054,-1.16559787,-1.351213904,5.526907454,2.7256,1.7876,0.243530601,0.127888954,0.115641647,0.370561852,0.185616034,0.184945818,-1.370638218,-6.897545672
O=C1C(=Cc2n[nH]c3ccccc23)Cc2ccccc21,,,,,,,,,,,,,,csd_HOJZEO01,7.636910513,7.493366976,-0.694928107,-0.837884476,6.290731452,2.9304,2.2686,0.303122833,0.159579296,0.143543536,0.294777804,0.142956369,0.151821435,-1.00274009,-7.293471542
O=C1C(=Cc2csc3ccccc23)N2CCC1CC2,,,,,,,,,,,,,,csd_ENIREY,7.639201631,7.40212503,-0.450811264,-0.683892415,7.233334348,2.8492,2.1867,0.508699163,0.271622562,0.237076601,0.464588668,0.233081151,0.231507516,-0.40000758,-7.633341928
O=C1C(=Cc2cn(-c3ccccc3)nc2-c2cn(-c3ccccc3)nn2)C=NN1c1ccccc1,,,,,,,,,,,,,,csd_TAPPUY,7.385085523,7.098868943,-1.136497999,-1.377665834,6.59740393,3.2213,1.9001,0.597753096,0.311536516,0.28621658,0.473051413,0.241167835,0.231883578,-0.932534678,-7.529938608
O=C1C(=Cc2cn(-c3ccccc3)nc2-c2cn(-c3ccccc3)nn2)C(=O)c2ccccc21,,,,,,,,,,,,,,csd_RAPLEC,7.483379903,7.379633447,-1.188267687,-1.349979323,6.054808614,2.7118,2.3725,0.208487488,0.104741032,0.103746456,0.324122877,0.161711636,0.162411241,-1.335535512,-7.390344126
O=C1C(=Cc2ccoc2)C(=C2C3CC4CC(C3)CC2C4)c2nc3ccccc3n21,,,,,,,,,,,,,,csd_EDIYUN,7.334261975,7.155769885,-0.761587765,-1.035779083,6.603390438,3.4727,2.1167,0.376168489,0.197676399,0.17849209,0.566593866,0.274191318,0.292402548,-0.745048132,-7.34843857
O=C1C(=Cc2ccncc2)N=CN1c1ccccc1,,,,,,,,,,,,,,csd_SESQUF,8.04342959,7.900312837,-1.284223791,-1.507022571,6.135898586,3.041,1.8502,0.30618602,0.163069267,0.143116753,0.436102931,0.22279878,0.213304151,-1.611731222,-7.747629808
O=C1C(=Cc2ccncc2)CCCC1=Cc1ccncc1,,,,,,,,,,,,,,csd_HEYWEO,8.448191192,8.239376296,-1.381688604,-1.561610435,6.35250133,2.7982,2.383,0.436297166,0.22748227,0.208814896,0.335074513,0.179921831,0.155152682,-1.65581369,-8.00831502
O=C1C(=Cc2cccs2)CCc2nc3ccc(Cl)cc3c(-c3ccccc3)c21,,,,,,,,,,,,,,csd_AXIROQ,7.691322346,7.477080191,-1.264445457,-1.377914546,6.054264386,2.7397,2.0921,0.448945106,0.234702951,0.214242155,0.230965737,0.113469089,0.117496648,-1.410366862,-7.464631248
O=C1C(=O)N(c2ccccc2)C2C1=C(c1ccccc1)N(c1ccccc1)C(=O)N2c1ccccc1,,,,,,,,,,,,,,csd_CICJAZ,7.717533727,7.525112666,-1.323412561,-1.732464122,5.993038736,2.4974,2.0698,0.50038989,0.307968829,0.192421061,0.763206571,0.409051561,0.35415501,-1.480028046,-7.473066782
O=C1C(=O)N(c2ccccc2)c2cc(Cl)ccc21,,,,,,,,,,,,,,csd_RAXCOL,8.162329911,8.001264002,-1.216307402,-1.475547145,6.022154934,2.422,1.9135,0.327287018,0.166221109,0.161065909,0.532930099,0.259239742,0.273690356,-1.76193815,-7.784093084
O=C1C(=O)N(c2ccccc2)c2ccccc21,,,,,,,,,,,,,,csd_AXALAN,8.637265578,8.393138258,-0.958293533,-1.303386903,8.983571596,3.2083,2.2853,0.490171738,0.246044418,0.24412732,0.714778334,0.345093369,0.369684965,-0.34694535,-9.330516946
O=C1C(=O)c2c(nc3ccccn23)-c2ncccc21,,,,,,,,,,,,,,csd_HAGGIG,8.274414076,8.155671908,-1.606475395,-1.803679785,5.780789816,2.1459,1.6852,0.234927227,0.116185059,0.118742168,0.398871368,0.19720439,0.201666978,-2.029426212,-7.810216028
O=C1C(=O)c2cc(Br)sc2-c2sc(Br)cc21,,,,,,,,,,,,,,csd_LEVHIF,8.183520245,7.98227888,-1.902489113,-2.08521965,6.202566516,2.1673,1.636,0.407768271,0.206526907,0.201241364,0.368680456,0.182730538,0.185949918,-1.96194194,-8.164508456
O=C1C(=O)c2cc(Br)cnc2-c2ncccc21,,,,,,,,,,,,,,csd_RIKKOO01,9.313296756,9.121378833,-1.816004753,-2.050607022,7.964504666,2.5582,1.9596,0.389265608,0.197347685,0.191917922,0.480762035,0.234602269,0.246159767,-1.572546806,-9.537051472
O=C1C(=O)c2cc(Br)ccc2-c2ccc(Br)cc21,,,,,,,,,,,,,,csd_RURPUQ,8.58944059,8.418470275,-1.82775273,-2.019140575,6.800945202,2.2967,1.7489,0.346294181,0.175323867,0.170970315,0.389684935,0.191387844,0.198297091,-1.806020618,-8.60696582
O=C1C(=O)c2cc(Br)c(Cl)nc2-c2ncccc21,,,,,,,,,,,,,,csd_RIKFAV,8.837287463,8.642018185,-2.08188326,-2.265389051,5.67629804,2.0136,1.5276,0.547381257,0.352111979,0.195269279,0.370503892,0.18350579,0.186998101,-2.529027516,-8.205325556
O=C1C(=O)c2cc(Br)c(Br)nc2-c2ncccc21,,,,,,,,,,,,,,csd_RIKCEW,9.085840473,8.939833624,-2.020028483,-2.232646934,7.15931934,2.3423,1.7865,0.299171928,0.153165079,0.146006848,0.432378261,0.212618451,0.219759811,-1.967928448,-9.127247788
O=C1C(=O)c2cc(-c3cccs3)sc2-c2sc(-c3cccs3)cc21,,,,,,,,,,,,,,csd_LEVFUP,7.296276765,7.044479613,-1.813112453,-1.984391617,5.439014632,2.0881,1.5023,0.456259802,0.20446265,0.251797152,0.337496191,0.171279164,0.166217027,-1.858266506,-7.297281138
O=C1C(=O)c2cc(-c3ccccc3)oc2-c2ccccc21,,,,,,,,,,,,,,csd_MAZPAH,7.756680701,7.592652613,-1.447035775,-1.652028611,6.211274164,2.2385,1.7033,0.327124811,0.163096723,0.164028088,0.411539826,0.204992837,0.206546989,-1.555403624,-7.766677788
O=C1C(=O)c2cc(-c3ccccc3)cnc2-c2ncc(-c3ccccc3)cc21,,,,,,,,,,,,,,csd_KUHZIY,8.212938217,8.012006519,-1.82593256,-2.015438736,6.327194728,2.1952,1.672,0.396794186,0.195862487,0.200931699,0.38429735,0.189506176,0.194791174,-1.884933678,-8.212128406
O=C1C(=O)c2c3ccccc3cc3cccc1c23,,,,,,,,,,,,,,csd_FEHQEQ,7.919991414,7.830089738,-1.382698555,-1.533396159,6.563933908,2.3253,1.5463,0.181259571,0.091357894,0.089901676,0.298563971,0.150697604,0.147866367,-1.357576746,-7.921510654
O=C1C(=O)c2c3ccccc3cc3cc4ccccc4c1c23,,,,,,,,,,,,,,csd_FEHQAM,7.245838775,7.188913942,-1.824270896,-1.923255384,4.960910334,2.1137,1.0401,0.113591622,0.056666788,0.056924834,0.196179119,0.098984488,0.097194631,-2.044392482,-7.005302816
O=C1C(=O)c2c(ncc3ccccc23)-c2cccc(O)c21,,,,,,,,,,,,,,csd_EZEKEB,8.265482125,7.954449863,-1.519732853,-1.684552221,6.870606386,2.2157,1.7044,0.904851868,0.593819606,0.311032261,0.33247811,0.164819368,0.167658742,-1.457986812,-8.328593198
O=C1C(=O)c2c(ncc(Br)c2Br)-c2ncccc21,,,,,,,,,,,,,,csd_RIKLAB,8.845817965,8.388300724,-1.991124806,-2.154841922,5.544866978,1.9365,1.4738,0.703496324,0.245979083,0.457517241,0.3287431,0.163717116,0.165025984,-2.414739636,-7.959606614
O=C1C(=O)c2c(nc3c(cnn3-c3ccccc3)c2-c2ccc(F)cc2)-c2ccccc21,,,,,,,,,,,,,,csd_CAMWEU,8.135994174,7.91953429,-1.636065561,-1.878129467,6.609104832,2.2358,1.7148,0.426521552,0.210061668,0.216459884,0.470801302,0.242063907,0.228737396,-1.588601532,-8.197706364
O=C1C(=O)N(c2cccnc2)c2ccccc21,,,,,,,,,,,,,,csd_RERPUC,8.433650372,8.245075507,-1.108908986,-1.407843386,7.246940048,2.676,2.1101,0.39520972,0.206634854,0.188574866,0.618128285,0.298934399,0.319193885,-1.19866217,-8.445602218
O=C1C(=O)c2c(ccn2-c2ccccc2)-c2ccn(-c3ccccc3)c21,,,,,,,,,,,,,,csd_LIWLOV,7.311707534,7.166632404,-1.091456873,-1.354619955,5.647453956,2.1469,1.6745,0.305262655,0.160187525,0.14507513,0.515262281,0.263163082,0.252099199,-1.410638976,-7.058092932
O=C1C(=O)c2c(ccc3c2CCCC3)-c2occc21,,,,,,,,,,,,,,csd_GEVNON,7.925933649,7.787812637,-1.280318275,-1.463761479,5.724462218,2.045,1.5636,0.290619194,0.152498182,0.138121012,0.36572957,0.183443204,0.182286366,-1.74833245,-7.472794668
O=C1C(=O)c2c(ccc3c2CCC=C3)-c2occc21,,,,,,,,,,,,,,csd_RALTEE,7.649935059,7.497320085,-1.369741385,-1.555628853,5.492348976,2.0565,1.5769,0.312014974,0.1594,0.152614974,0.373212133,0.185887468,0.187324665,-1.80683696,-7.299185936
O=C1C(=O)c2c(ccc3c(O)c(O)c(O)cc23)C=C1O,,,,,,,,,,,,,,csd_JAGJAC,7.234556113,7.065594326,-1.484599316,-1.693739606,4.868391574,1.9075,1.3378,0.34430062,0.175338833,0.168961787,0.424416968,0.20914029,0.215276678,-1.95105738,-6.819448954
O=C1C(=O)c2c([nH]ccc2=O)-c2ncccc21,,,,,,,,,,,,,,csd_RIKCIA,7.73115121,7.49752262,-1.699445728,-1.86176094,4.778866068,1.411,1.1002,0.591756492,0.358127902,0.23362859,0.322866091,0.162315212,0.160550879,-2.18643599,-6.965302058
O=C1C(=O)c2c(O)cccc2-c2occc21,,,,,,,,,,,,,,csd_NANLIY,8.161947809,8.027410674,-1.181040476,-1.356652538,5.656433718,1.9917,1.5111,0.273893054,0.13935592,0.134537134,0.349564665,0.175612062,0.173952602,-1.709964376,-7.366398094
O=C1C(=O)c2c(-c3ccccc3)ccc3cccc1c23,,,,,,,,,,,,,,csd_BUPQUA,7.922053004,7.739806721,-1.117758351,-1.344936969,5.804735848,2.076,1.5631,0.683275152,0.501028868,0.182246283,0.478338289,0.227178618,0.251159671,-1.551594028,-7.356329876
O=C1C(=O)N2c3ccccc3OC(=O)C23CCOC(c2ccc(Cl)cc2)=C13,,,,,,,,,,,,,,csd_REXGOT,7.957617733,7.82275749,-1.122549979,-1.421318906,6.165286898,2.6634,2.2476,0.298461166,0.163600923,0.134860243,0.653464628,0.298768927,0.354695701,-1.389414084,-7.554700982
O=C1C(=O)N2c3ccccc3N(c3ccccc3)C(=O)C23CCOC(c2ccc(Cl)cc2)=C13,,,,,,,,,,,,,,csd_RIFRUW,8.153673421,7.801705935,-0.80556683,-1.220056589,8.307368306,3.234,2.57,0.728113934,0.376146448,0.351967486,0.89428579,0.414489759,0.479796031,-0.332523308,-8.639891614
O=C1C(=O)N2c3ccccc3CCc3cccc1c32,,,,,,,,,,,,,,csd_DOXXUL,7.858513243,7.696379068,-1.079132667,-1.326513654,5.88582582,2.3918,1.8811,0.336604882,0.174470708,0.162134174,0.514613588,0.247380987,0.267232601,-1.620166756,-7.505992576
O=C1C(=O)N2CCc3cc(O)c(O)cc3C2=C1C(=O)c1ccccc1,,,,,,,,,,,,,,csd_NUQTUO,7.684230511,7.296022883,-1.300757438,-1.531378679,5.709495948,2.2058,1.7659,0.503966557,0.115758928,0.388207629,0.440983322,0.230621241,0.210362082,-1.653636778,-7.363132726
O=C1C(=O)N2CCN(c3ccccc3)C(=O)C2=C1C(=O)c1ccccc1,,,,,,,,,,,,,,csd_UKONIT,8.184843535,7.921632833,-1.709026671,-2.069578537,5.577520658,2.0345,1.5975,0.736010682,0.47279998,0.263210702,0.702160244,0.360551866,0.341608378,-2.144530434,-7.722051092
O=C1C(=Cc2cccs2)CCc2ccccc21,,,,,,,,,,,,,,csd_XECCUF,7.764718567,7.574171011,-0.763588075,-0.905315387,6.264608508,3.0084,2.1272,0.403425876,0.21287832,0.190547556,0.286310187,0.141727312,0.144582876,-1.09797999,-7.362588498
O=C1C(=Cc2cccs2)CCCC1=Cc1cccs1,,,,,,,,,,,,,,csd_HEYWAK01,7.461778949,7.30992301,-0.975693319,-1.075394528,5.974807098,2.8265,2.0917,0.319447686,0.167591747,0.151855939,0.197306324,0.099701209,0.097605115,-1.223424544,-7.198231642
O=C1C(=Cc2cccs2)CCC1=Cc1cccs1,,,,,,,,,,,,,,csd_UDEBIR,7.428807984,7.311100992,-1.062159991,-1.155338628,5.832219362,2.7646,2.0132,0.239205893,0.121498901,0.117706992,0.186073186,0.093178636,0.092894549,-1.32383461,-7.156053972
O=C1C(=Cc2ccccc2)CNCC1=Cc1cccnc1,,,,,,,,,,,,,,csd_NODRIK,7.898092986,7.568497352,-1.0741446,-1.230471997,6.07766619,2.8754,2.3673,0.755527759,0.425932126,0.329595633,0.295209458,0.156327398,0.13888206,-1.33607974,-7.41374593
O=C1C(=Cc2ccccc2)N=C(c2ccccc2)N1c1ccccc1,,,,,,,,,,,,,,csd_JAXKAV,7.43837905,7.165312107,-1.082060233,-1.284365563,6.392774202,3.2927,1.7177,0.556423333,0.28335639,0.273066943,0.398082101,0.20230533,0.195776771,-1.05580232,-7.448576522
O=C1C(=Cc2ccccc2)N=C(c2ccccc2)N1N=Cc1ccccc1,,,,,,,,,,,,,,csd_BOJSOI,7.44405943,7.163710172,-1.251292011,-1.428565574,6.243927844,3.0641,1.7308,0.587057111,0.306707853,0.280349258,0.342328392,0.177273563,0.165054828,-1.21907072,-7.462998564
O=C1C(=Cc2ccccc2)Cn2cccc21,,,,,,,,,,,,,,csd_SAXKUA,7.936002412,7.831423233,-0.644712027,-0.838090684,6.501891916,3.1453,2.5254,0.213531529,0.10895235,0.104579179,0.389853129,0.193378658,0.196474471,-1.007638142,-7.509530058
O=C1C(=Cc2ccccc2)Cc2ccccc21,,,,,,,,,,,,,,csd_MIYGEG,8.115519609,7.949268024,-0.799383311,-0.936659382,6.519579326,2.9645,2.411,0.328020066,0.16176848,0.166251586,0.279666252,0.137276071,0.142390181,-1.140429774,-7.6600091
O=C1C(=Cc2ccccc2)Cc2ccc(Br)cc21,,,,,,,,,,,,,,csd_HURCII,9.045945023,8.908120642,-0.852501053,-1.057777051,8.66002805,3.6243,2.2201,0.274843303,0.137018923,0.13782438,0.427047548,0.205275999,0.221771549,-0.435110286,-9.095138336
O=C1C(=Cc2ccccc2)Cc2cc(O)c(O)cc21,,,,,,,,,,,,,,csd_KUZJAR,7.825058377,7.592412853,-0.556747775,-0.770087627,7.306805128,3.3632,2.4572,0.474350812,0.241705288,0.232645524,0.435861511,0.213339852,0.222521659,-0.491709998,-7.798515126
O=C1C(=Cc2ccccc2)COc2ccccc21,,,,,,,,,,,,,,csd_WECZEL,8.394433548,8.007804915,-0.579155927,-0.974573488,7.93484424,3.445,2.7644,0.579459225,0.192830593,0.386628633,0.607527104,0.395417561,0.212109543,-0.485995604,-8.420839844
O=C1C(=Cc2ccccc2)COc2ccc3ccccc3c21,,,,,,,,,,,,,,csd_FAVYIM,7.566940942,7.405820882,-0.925523307,-1.085365302,6.11304101,2.9705,2.4,0.321582883,0.160462823,0.16112006,0.315228232,0.159841995,0.155386237,-1.171994998,-7.285036008
O=C1C(=Cc2ccccc2)COc2ccc(O)cc21,,,,,,,,,,,,,,csd_WECZAH,7.564739431,7.313969345,-0.867558535,-1.084291377,5.88038354,2.9668,2.344,0.509691454,0.258921369,0.250770085,0.400967952,0.216732842,0.18423511,-1.18505647,-7.06544001
O=C1C(=Cc2ccccc2)COc2ccc(I)cc21,,,,,,,,,,,,,,csd_ZICRAG,7.847063529,7.656244131,-1.033017398,-1.212005008,6.137259156,3.0883,2.5071,0.366785182,0.175965783,0.190819398,0.350045001,0.178987609,0.171057391,-1.32111347,-7.458372626
O=C1C(=Cc2ccccc2)COc2ccc(F)cc21,,,,,,,,,,,,,,csd_ZICREK,7.96451253,7.731620879,-0.934804272,-1.121838946,6.250186466,3.0848,2.4976,0.418165094,0.185273443,0.232891651,0.363934652,0.187034673,0.176899978,-1.274581976,-7.524768442
O=C1C(=Cc2ccccc2)COc2c(O)cccc21,,,,,,,,,,,,,,csd_GINBOV,7.641317208,7.404918579,-0.726309899,-0.937312428,6.105149704,3.0932,2.4982,0.463922451,0.227523822,0.236398629,0.408019378,0.211002529,0.197016849,-1.058251346,-7.16340105
O=C1C(=Cc2ccccc2)CNCC1=Cc1cc(O)cc(O)c1,,,,,,,,,,,,,,csd_TIGMII,7.964956647,7.667697409,-0.79176167,-0.992817453,7.215646938,3.1626,2.4746,0.685763743,0.388504505,0.297259238,0.381804786,0.201055783,0.180749003,-0.714027136,-7.929674074
O=C1C(=Cc2ccccc2)Oc2c1ccc1c(O)cc(Cl)c(O)c21,,,,,,,,,,,,,,csd_LOLCAQ,7.135144732,6.982331224,-1.093327113,-1.211483093,5.495886458,2.8775,1.9445,0.32364967,0.170836162,0.152813508,0.2360608,0.118155981,0.117904819,-1.345875844,-6.841762302
O=C1C(=Cc2ccccc2)CN1c1ccccc1,,,,,,,,,,,,,,csd_FEXGOH,7.613644249,7.40909074,-0.545301735,-0.791897374,6.388148264,3.7662,2.6282,0.4516909,0.247137391,0.204553509,0.495261249,0.246595639,0.24866561,-0.865594634,-7.253742898
O=C1C(=Cc2ccccc2)CN(C(=O)c2ccccn2)c2ccccc21,,,,,,,,,,,,,,csd_AWABAD,7.803942168,7.368352145,-0.869294568,-1.068382967,6.428149022,3.0387,2.4779,0.88000171,0.444411687,0.435590023,0.392844179,0.199088399,0.19375578,-1.128456758,-7.55660578
O=C1C(=Cc2ccccc2)CCCC1=Cc1ccccc1,,,,,,,,,,,,,,csd_VARVES,8.05476488,7.817568929,-0.780659174,-0.950187257,7.361227928,3.089,2.4409,0.52695004,0.289754089,0.237195951,0.319933709,0.169528083,0.150405626,-0.721918442,-8.08314637
O=C1C(=Cc2ccccc2)CCCC1=Cc1ccc(O)c(O)c1,,,,,,,,,,,,,,csd_UKIVAN,7.277671841,7.082608281,-0.811173576,-0.95292252,5.875485488,2.8711,2.2252,0.409151127,0.214087567,0.19506356,0.274394887,0.141748945,0.132645942,-1.037570682,-6.91305617
O=C1C(=Cc2ccccc2)CCC1=Cc1cccs1,,,,,,,,,,,,,,csd_HILROL,7.547443702,7.427008766,-1.059625794,-1.158253241,5.957119688,2.7697,2.069,0.248262664,0.127827728,0.120434935,0.195995279,0.098627447,0.097367831,-1.31295005,-7.270069738
O=C1C(=Cc2ccccc2)C=NN1c1ccccc1Cl,,,,,,,,,,,,,,csd_NOTPAP,7.866073413,7.606956938,-1.20880141,-1.445608618,6.7484272,3.2385,1.7508,0.530392092,0.271275617,0.259116475,0.465848011,0.236807209,0.229040803,-1.179069962,-7.927497162
O=C1C(=Cc2ccccc2)C=NN1c1ccccc1,,,,,,,,,,,,,,csd_VASSEP,7.49667278,7.30392608,-1.36605024,-1.555621587,5.489627836,2.6669,1.7316,0.402076953,0.209330252,0.1927467,0.375655989,0.189571347,0.186084642,-1.703977868,-7.193605704
O=C1C(=Cc2ccccc2)C=CCC1=Cc1ccccc1,,,,,,,,,,,,,,csd_GAPYIH,7.458416083,7.241332459,-1.003880792,-1.149353208,5.975079212,2.8858,2.0098,0.42757583,0.210492206,0.217083624,0.267915199,0.145472417,0.122442783,-1.234581218,-7.20966043
O=C1C(=Cc2ccccc2)C=CC1=Cc1ccccc1,,,,,,,,,,,,,,csd_HAGZOE01,7.275812541,7.091915396,-0.875842502,-1.131408841,5.971269616,3.1387,1.7845,0.361955049,0.178057905,0.183897145,0.45996888,0.255566339,0.20440254,-1.079204124,-7.05047374
O=C1C(=Cc2ccccc2)C(=O)c2ccccc21,,,,,,,,,,,,,,csd_MBZINO,8.386579793,8.250942801,-1.327343656,-1.473262394,6.144606234,2.6664,2.3417,0.277168545,0.141531553,0.135636992,0.299305808,0.145918738,0.15338707,-1.626153264,-7.770759498
O=C1C(=Cc2ccccc2)C(=O)c2ccccc2-c2ccccc21,,,,,,,,,,,,,,csd_ZELPEO,8.043295411,7.724733292,-1.319726695,-1.597449291,6.183246422,2.6994,2.2647,0.537041524,0.218479405,0.318562118,0.380007065,0.277722596,0.102284469,-1.523022058,-7.70626848
O=C1C(=Cc2ccccc2)C(=C(c2ccccc2)c2ccccc2)c2ccccc21,,,,,,,,,,,,,,csd_ZICCIA,6.986866548,6.689220092,-1.107252819,-1.352781825,5.721468964,2.7837,1.8426,0.561623432,0.263976975,0.297646457,0.478338044,0.245529006,0.232809037,-1.201111196,-6.92258016
O=C1C(=Cc2ccccc2)NC(S)N1c1ccccc1,,,,,,,,,,,,,,csd_LIQMOQ,7.213144033,6.900565865,-0.225969724,-0.659987473,7.089658156,3.7389,2.0879,0.580773999,0.268195831,0.312578168,0.831031258,0.434017748,0.39701351,-0.146125218,-7.235783374
O=C1C(=Cc2ccccc2)Oc2cc(O)ccc21,,,,,,,,,,,,,,csd_IKAYOK,7.753503824,7.588634686,-0.847406589,-1.002940502,6.187056018,3.0671,2.1363,0.35957778,0.194708642,0.164869138,0.316468174,0.155533913,0.160934261,-1.204376564,-7.391432582
O=C1C(=Cc2ccco2)SC(=Nc2ccccc2)N1c1ccccc1,,,,,,,,,,,,,,csd_NIPYAP,7.332475546,7.116254578,-0.835266168,-1.126958498,6.005011752,3.4008,2.0076,0.499575725,0.283354757,0.216220968,0.576835149,0.29169233,0.285142818,-1.103966498,-7.10897825
O=C1C(=Cc2ccccc2F)COc2ccccc21,,,,,,,,,,,,,,csd_NAMXUW,8.280276881,8.025148291,-0.759813881,-1.024460393,7.442590014,3.311,2.6137,0.464294485,0.209165896,0.25512859,0.513902963,0.264646512,0.249256451,-0.76055863,-8.203148644
O=C1C(=Cc2ccco2)Cc2ccccc21,,,,,,,,,,,,,,csd_YAWWUQ,8.024519245,7.826406294,-0.660096672,-0.814569939,7.398235432,3.2723,2.18,0.400770588,0.202657636,0.198112951,0.315409814,0.154473267,0.160936546,-0.627494884,-8.025730316
O=C1C(=Cc2ccco2)CCc2c1[nH]c1ccccc21,,,,,,,,,,,,,,csd_WACYAC,7.313138391,7.186625626,-0.722502834,-0.861780956,6.013175172,3.193,2.1717,0.260742029,0.134229265,0.126512765,0.281002985,0.139278122,0.141724863,-1.01634579,-7.029520962
O=C1C(=Cc2ccco2)CCc2c1[nH]c1ccc(Cl)cc21,,,,,,,,,,,,,,csd_WADDIQ,7.438992939,7.316886135,-0.878285759,-1.012888582,6.02052225,3.1892,2.1589,0.251738104,0.1296313,0.122106804,0.269755588,0.134602823,0.135152765,-1.155668158,-7.176190408
O=C1C(=Cc2ccco2)CCC1=Cc1ccco1,,,,,,,,,,,,,,csd_RUGLUB,7.408106639,7.294355532,-0.964586632,-1.053027492,5.818069434,2.7474,2.0077,0.232906509,0.119155401,0.113751108,0.176004369,0.08844086,0.08756351,-1.26669067,-7.084760104
O=C1C(=Cc2cccnc2)CCCc2ccccc21,,,,,,,,,,,,,,csd_PAVVIR,8.229910811,7.919562944,-0.745391567,-0.986060536,6.684752524,3.115,2.508,0.72931197,0.418964102,0.310347867,0.459959845,0.240668969,0.219290877,-1.082469492,-7.767222016
O=C1C(=Cc2ccccn2)NC(=S)N1c1ccccc1,,,,,,,,,,,,,,csd_KAZDOF,8.037488362,7.616011259,-1.145084556,-1.433916152,6.674412192,3.0242,1.8861,0.97894617,0.557469067,0.421477102,0.578465383,0.288831596,0.289633788,-1.11702797,-7.791440162
O=C1C(=Cc2ccccn2)N=CN1c1ccccc1,,,,,,,,,,,,,,csd_KAZDUL03,7.838057971,7.69144009,-1.10380342,-1.328001818,6.04909422,3.1045,1.8589,0.315600783,0.168982903,0.14661788,0.437465351,0.224198398,0.213266953,-1.459619496,-7.508713716
O=C1C(=Cc2ccccn2)CCC1=Cc1ccccn1,,,,,,,,,,,,,,csd_FAZNAY,7.815006949,7.696303094,-1.147990652,-1.286266089,6.179164712,2.6371,2.2252,0.246532236,0.127828381,0.118703855,0.275312346,0.138275437,0.13703691,-1.396216934,-7.575381646
O=C1C(=Cc2ccccc2O)Oc2ccccc21,,,,,,,,,,,,,,csd_YEBVAE,7.497419243,7.321983565,-0.889123189,-1.014073883,5.895894038,2.9795,1.9575,0.372281095,0.196845417,0.175435678,0.2530224,0.124950694,0.128071706,-1.242472524,-7.138366562
O=C1C(=Cc2ccccc2O)Cc2ccccc21,,,,,,,,,,,,,,csd_IQATIF,7.718164923,7.551594746,-0.680190223,-0.817457695,6.317942852,2.9485,2.3027,0.340691082,0.174120905,0.166570177,0.280384878,0.137267472,0.143117406,-1.0068218,-7.324764652
O=C1C(=Cc2ccccc2O)CC2Oc3ccccc3C=C12,,,,,,,,,,,,,,csd_FOMLID,7.999856547,7.693856027,-0.899884753,-1.0726114,7.859468662,3.3001,2.2015,0.581418147,0.275417627,0.30600052,0.340587243,0.172726647,0.167860596,-0.507764724,-8.367233386
O=C1C(=Cc2ccccc2O)C(=O)c2ccccc21,,,,,,,,,,,,,,csd_TELKAZ,7.968547763,7.81491258,-1.197253545,-1.341400576,6.108142958,2.6628,2.2262,0.29739535,0.143760166,0.153635183,0.296192851,0.144147031,0.15204582,-1.48030016,-7.588443118
O=C1C(=Cc2ccccc2F)CCCC1=Cc1ccccc1F,,,,,,,,,,,,,,csd_SADROG,7.820044241,7.614446604,-0.988378457,-1.135758121,6.3266505,2.8211,2.3776,0.428234509,0.222636872,0.205597637,0.278668682,0.147379664,0.131289018,-1.233764876,-7.560415376
O=C1C(=Cc2ccccc2)Oc2ccccc21,,,,,,,,,,,,,,csd_BUVKEK,7.802538413,7.656911436,-1.013448511,-1.138938725,6.045828852,2.9925,2.0271,0.317000075,0.171373098,0.145626977,0.253432367,0.125490215,0.127942152,-1.38369969,-7.429528542
O=C1C(=Cc2ccccc2Cl)COc2ccccc21,,,,,,,,,,,,,,csd_NAMXOQ,8.025535482,7.839003512,-0.879936674,-1.122185075,6.453999852,3.0577,2.5291,0.350861615,0.164329645,0.18653197,0.46519004,0.2422484,0.22294164,-1.201927538,-7.65592739
O=C1C(=Cc2ccccc2Cl)CCCC1=Cc1ccccc1Cl,,,,,,,,,,,,,,csd_NORBAY,7.841737986,7.647704921,-1.013994453,-1.194346986,6.34297734,2.827,2.3774,0.405887964,0.211854899,0.194033065,0.333773672,0.180352533,0.153421139,-1.243833094,-7.586810434
O=C1C(=Cc2ccccc2Br)COc2ccccc21,,,,,,,,,,,,,,csd_NAMXIK,8.02542582,7.846334263,-0.890425309,-1.144550668,6.463523842,3.061,2.5412,0.3428533,0.163761743,0.179091557,0.485845941,0.25412536,0.231720581,-1.201655424,-7.665179266
O=C1C(=Cc2ccccc2Br)CCc2cc(O)ccc21,,,,,,,,,,,,,,csd_KIDTAT,7.944593268,7.745525823,-0.528485661,-0.864828905,6.739719552,3.1282,2.6569,0.461048193,0.261980747,0.199067446,0.631832109,0.336343244,0.295488865,-0.832124612,-7.571844164
O=C1C(=Cc2ccccc2Br)CCC1=Cc1ccccc1Br,,,,,,,,,,,,,,csd_LIJQUR,7.843588361,7.665105795,-1.217211637,-1.39512739,6.218349128,2.7275,2.276,0.316798928,0.138316363,0.178482566,0.309092116,0.177915752,0.131176363,-1.428870614,-7.647219742
O=C1C(=Cc2ccccc2-c2ccccc2)N2CCC1CC2,,,,,,,,,,,,,,csd_HESTII,7.367899973,7.164126016,-0.558040071,-0.782316076,5.996576218,2.4812,2.2279,0.422117033,0.218343076,0.203773957,0.443251937,0.224276005,0.218975932,-0.854165846,-6.850742064
O=C1C(=Cc2ccccc2)c2ccccc2N1c1c(Cl)cccc1Cl,,,,,,,,,,,,,,csd_LUDHIB,7.59117868,7.36939026,-0.688965437,-1.040496724,7.124488748,3.5817,2.1893,0.447250924,0.225462504,0.22178842,0.674154544,0.351531287,0.322623256,-0.561371182,-7.68585993
O=C1C(=Cc2ccccc2)Sc2ccccc21,,,,,,,,,,,,,,csd_PECPEV,7.536939285,7.4382117,-1.07351939,-1.199022177,5.769905256,2.9186,1.8685,0.204833814,0.106106228,0.098727585,0.253265207,0.125502786,0.127762421,-1.409006292,-7.178911548
O=C1C(=Cc2ccccc2)SCN1c1ccccc1,,,,,,,,,,,,,,csd_YABHEP,7.402077137,7.291313134,-0.431813625,-0.68668757,6.360120522,3.6933,2.2548,0.233287958,0.122523954,0.110764004,0.525332676,0.254873945,0.270458731,-0.712122338,-7.07224286
O=C1C(=Cc2ccccc2)SC(S)N1c1ccccc1,,,,,,,,,,,,,,csd_BOQCIT,7.493260362,7.351516451,-0.512263313,-0.869182185,6.412094296,3.7296,2.2889,0.302660157,0.160916247,0.14174391,0.644602419,0.356918872,0.287683547,-0.77280376,-7.184898056
O=C1C(=Cc2ccccc2)SC(=S)N1c1ccccc1,,,,,,,,,,,,,,csd_CIHGUW,8.023118838,7.676629279,-1.228111708,-1.438290656,5.914942018,2.7366,2.0117,0.793994366,0.447504807,0.346489559,0.420147553,0.210178949,0.209968605,-1.531185478,-7.446127496
O=C1C(=Cc2ccccc2)Oc2ccccc2CN1c1ccc(O)cc1,,,,,,,,,,,,,,csd_AXAMIV,7.127852349,6.894807933,-0.089943201,-0.516738227,6.604751008,3.8478,2.4684,0.384522116,0.1514777,0.233044416,0.794571792,0.426795026,0.367776765,-0.319189722,-6.92394073
O=C1C(=O)c2cc(Cl)sc2-c2sc(Cl)cc21,,,,,,,,,,,,,,csd_LEVHEB,8.277227327,8.051196649,-1.862928363,-2.057289869,6.40692413,2.2198,1.6765,0.458429912,0.232399234,0.226030678,0.390737744,0.194361506,0.196376238,-1.886022134,-8.292946264
O=C1C(=O)c2cc(F)sc2-c2sc(F)cc21,,,,,,,,,,,,,,csd_LEVHAX,8.361809882,8.094579512,-1.750128675,-1.966701214,6.594954904,2.258,1.6566,0.542486198,0.275255828,0.26723037,0.436311125,0.216572539,0.219738586,-1.781530358,-8.376485262
O=C1C(=O)c2cc(I)sc2-c2sc(I)cc21,,,,,,,,,,,,,,csd_UJISEN,7.864566718,7.719721252,-1.93908382,-2.095287868,5.24499735,1.9443,1.4627,0.294308434,0.149462968,0.144845466,0.31291695,0.156204048,0.156712902,-2.321676648,-7.566673998
O=C1C(c2ccc(Cl)cc2)=Cc2ccccc21,,,,,,,,,,,,,,csd_TICMEA,7.667231006,7.507496006,-1.341188952,-1.543639592,5.579425456,2.4956,1.6017,0.321760111,0.162025111,0.159735,0.4083808,0.202450639,0.205930161,-1.74561131,-7.325036766
O=C1C(c2ccccc2)=C(c2cc(=O)oc3ccccc23)C2C3CCC(C3)C12,,,,,,,,,,,,,,csd_MAGSIY,8.326194785,8.10504937,-1.025999306,-1.52705125,7.493475332,3.4712,2.5801,0.461489017,0.240343602,0.221145415,0.939520116,0.501051944,0.438468173,-0.900969454,-8.394444786
O=C1C(c2ccccc2)=C(Nc2ccccc2)c2ccccc21,,,,,,,,,,,,,,csd_PAPINO,7.097823889,6.880430001,-0.852000336,-1.25776114,6.242023046,2.7939,1.8373,0.481639195,0.264245307,0.217393888,0.837245389,0.405760805,0.431484585,-0.887907982,-7.129931028
O=C1C(c2ccccc2)=C(N=c2cccc[nH]2)c2ccccc21,,,,,,,,,,,,,,csd_LUNXEZ,6.697820146,6.424526396,-0.75047901,-0.958938308,5.55656788,2.5118,1.6994,0.570525941,0.29723219,0.27329375,0.407022053,0.208459297,0.198562756,-0.97416812,-6.530736
O=C1C(c2cccc3ccccc23)=NC(=Nc2ccccc2)N1c1ccccc1,,,,,,,,,,,,,,csd_LOQPAK,7.449310413,7.195531999,-1.809727899,-2.073245002,5.314930648,2.4835,1.7767,0.580132626,0.326354212,0.253778414,0.505252295,0.263517102,0.241735193,-1.977180324,-7.292110972
O=C1C(c2cccc3ccccc23)=Cc2c1ccc1ccccc21,,,,,,,,,,,,,,csd_ZUSKEF,7.303304381,7.096447047,-1.423951881,-1.664150447,5.917391044,2.4076,1.4309,0.411550438,0.204693103,0.206857335,0.482054332,0.240198565,0.241855767,-1.410094748,-7.327485792
O=C1C(c2ccc3ccccc3n2)=C(c2ccccc2)C2C3CCC(C3)C12,,,,,,,,,,,,,,csd_DADBOB,7.596751847,7.397003844,-0.771107401,-1.098136183,6.51304859,3.2135,2.5069,0.416566261,0.216818258,0.199748003,0.585018977,0.327028782,0.257990195,-0.904506936,-7.417555526
O=C1C(c2ccc(O)cc2)=Cc2ccccc21,,,,,,,,,,,,,,csd_SEBFOU,7.284895243,7.114067408,-1.084049658,-1.294452094,5.389761998,2.3715,1.5166,0.344577251,0.173749415,0.170827836,0.424255005,0.210402436,0.213852569,-1.511321156,-6.901083154
O=C1C(c2ccc(O)cc2)=C(c2ccsc2)C(F)(F)C1(F)F,,,,,,,,,,,,,,csd_ZOMQID,8.164126952,7.895461997,-1.099091031,-1.473385199,7.207755632,3.3475,2.2992,0.553730493,0.285065538,0.268664955,0.723790314,0.374294168,0.349496147,-0.991311302,-8.199066934
O=C1C(c2ccc(O)cc2)=C(c2ccccc2)c2ccccc21,,,,,,,,,,,,,,csd_DEQLAP,7.12017253,6.914924804,-1.186215295,-1.414039639,5.384591832,2.3759,1.5982,0.401508806,0.19626108,0.205247726,0.449121109,0.227824344,0.221296765,-1.474041538,-6.85863337
O=C1C(c2ccc(O)cc2)=C(c2ccccc2)C(c2ccccc2)=C1c1ccc(O)cc1,,,,,,,,,,,,,,csd_QONWEX,6.639641737,6.393535305,-1.495272961,-1.732930798,4.87628288,1.8129,0.9945,0.489472405,0.243365972,0.246106432,0.475017165,0.237657837,0.237359328,-1.643296446,-6.519579326
O=C1C(c2ccc(O)cc2)=C(c2cc(O)cc(O)c2)c2c(O)cc(O)cc21,,,,,,,,,,,,,,csd_DIRVIM,6.758755015,6.517028529,-1.039823514,-1.295388629,5.221595546,2.1868,1.45,0.481301638,0.239575152,0.241726485,0.500313154,0.255565115,0.244748039,-1.313494278,-6.535089824
O=C1C(c2ccc(O)cc2)=C(Oc2ccccc2)C2COC3C=CC(O)=C1C32,,,,,,,,,,,,,,csd_XESRIZ,7.115639873,6.810169322,-0.572424453,-0.835228344,5.999569472,3.2321,2.1821,0.547138259,0.241667709,0.30547055,0.492712738,0.262803892,0.229908847,-0.871581142,-6.871150614
O=C1C(c2ccc(Cl)cc2)=C(c2ccccc2)C(=S)N1c1ccccc1,,,,,,,,,,,,,,csd_BUGBUB,8.080223594,7.792464671,-1.807470169,-2.113477056,6.43957781,2.1501,1.7173,0.759826099,0.472067177,0.287758922,0.596013471,0.306006887,0.290006584,-1.681120292,-8.120698102
O=C1C(c2ccccc2)=C(c2ccc(O)cc2)C(c2ccc(O)cc2)=C1c1ccccc1,,,,,,,,,,,,,,csd_QONWUN,6.824029721,6.645128644,-1.498089341,-1.748639122,5.104586526,1.965,1.1192,0.356279132,0.177378055,0.178901077,0.501212763,0.250549782,0.250662981,-1.641391648,-6.745978174
O=C1C(c2ccc(Cl)cc2)=C(c2ccc(Cl)cc2)c2cc(Br)ccc21,,,,,,,,,,,,,,csd_AXIFET,7.611102595,7.417895396,-1.710349417,-1.936894663,5.51711135,2.4901,1.681,0.383737612,0.190530413,0.193207199,0.447623176,0.226545245,0.221077931,-1.925750778,-7.442862128
O=C1C(c2ccc(Cl)cc2)=C(c2ccc(Cl)cc2)C2C3CCC(C3)C12,,,,,,,,,,,,,,csd_MUDBUJ,7.911805164,7.65591841,-0.70295645,-1.12051239,7.341091492,3.4662,2.6155,0.514902546,0.259015793,0.255886754,0.744478597,0.41755594,0.326922658,-0.601644054,-7.942735546
O=C1C(c2ccc(C3=C(c4ccccc4)c4ccccc4C3=O)cc2)=C(c2ccccc2)c2ccccc21,,,,,,,,,,,,,,csd_RAKZUZ,6.949625843,6.745150675,-1.546475564,-1.718240995,5.260507848,2.4024,1.5936,0.395180822,0.190705655,0.204475167,0.344180672,0.171765432,0.17241524,-1.644112788,-6.904620636
O=C1C(c2ccc(Br)s2)=C2C(=C(c3ccc(Br)s3)C(=O)N2c2ccccc2)N1c1ccccc1,,,,,,,,,,,,,,csd_BICVAM,7.890824358,7.73016145,-1.784655859,-2.125298505,6.809380736,2.9434,1.6748,0.319990826,0.159327917,0.160662908,0.665551115,0.340642646,0.32490847,-1.265057986,-8.074438722
O=C1C(c2c[nH]c3ccccc23)=Nc2ccccc21,,,,,,,,,,,,,,csd_KENCIQ,7.46579361,7.305545295,-1.250600678,-1.514102787,6.169096494,2.4275,1.677,0.346381856,0.186133541,0.160248316,0.531743546,0.263502109,0.268241437,-1.289276132,-7.458372626
O=C1C(c2c(O)c(O)c3ccccc3c2O)=C(c2c(O)c(O)c3ccccc3c2O)C(=O)c2ccccc21,,,,,,,,,,,,,,csd_BEQXED,6.579931762,6.265561723,-2.269104767,-2.613594289,4.314095356,1.4543,1.1818,0.690026953,0.375656914,0.314370039,0.665227028,0.344489521,0.320737506,-2.230790572,-6.544885928
O=C1C(c2c(F)c(F)c(F)c(F)c2F)=C(c2c(F)c(F)c(F)c(F)c2F)C(c2c(F)c(F)c(F)c(F)c2F)=C1c1c(F)c(F)c(F)c(F)c1F,,,,,,,,,,,,,,csd_IQETEE,8.759964366,8.688835943,-2.542201371,-2.780566432,5.407449408,2.2427,1.328,0.147870557,0.076742135,0.071128423,0.478689887,0.238365061,0.240324826,-2.727126508,-8.134575916
O=C1C(Oc2cccc(I)c2)=C(Oc2cccc(I)c2)C(=O)c2ccccc21,,,,,,,,,,,,,,csd_XETRUM,7.813896642,7.62711732,-1.985707016,-2.282776591,5.348944898,2.3763,1.8653,0.350189493,0.163410171,0.186779322,0.586029881,0.297069575,0.288960306,-2.30344501,-7.652389908
O=C1C(Oc2ccc(O)cc2)=C(Cl)C(=O)c2ncccc21,,,,,,,,,,,,,,csd_KIJSIG,8.167524568,7.63330356,-1.726582922,-2.177019757,6.912511942,3.2518,2.1204,0.873193417,0.33897241,0.534221008,0.733835403,0.450436835,0.283398568,-1.47077617,-8.383288112
O=C1C(O)=Cc2ccnc3c2c1cc1ccccc13,,,,,,,,,,,,,,csd_FUZPUM,8.03352113,7.87727436,-1.295016322,-1.454357818,6.729651334,3.0425,1.8635,0.321077567,0.164830797,0.15624677,0.318219255,0.159341496,0.158877759,-1.300977034,-8.030628368
O=C1C(O)=CCc2[nH]c3ccccc3c21,,,,,,,,,,,,,,csd_SAXMEJ,7.764712989,7.662445119,0.111207495,-0.106594455,6.855640116,3.6836,2.6568,0.213665981,0.111398111,0.10226787,0.439516438,0.21780195,0.221714487,-0.408715228,-7.264355344
O=C1C(O)=CC=CC1=CNc1ncccc1O,,,,,,,,,,,,,,csd_DOQWEN01,6.779897919,6.541403304,-0.550758029,-0.731978088,5.916302588,2.8592,1.5628,0.49437413,0.255879515,0.238494615,0.365378325,0.18122006,0.184158265,-0.671033124,-6.587335712
O=C1C(c2ccccc2)=C(c2ccc(Br)cc2)C(c2ccc(Br)cc2)=C1c1ccccc1,,,,,,,,,,,,,,csd_NIKSUW,7.183653679,6.998180504,-1.881136055,-2.112078118,5.12254605,1.9716,1.1079,0.367288593,0.181815418,0.185473174,0.461133636,0.230942063,0.230191573,-2.003031154,-7.125577204
O=C1C(c2ccccc2)=C(c2ccccc2)C(=O)c2cc3ccccc3cc21,,,,,,,,,,,,,,csd_HALSIX,8.157985339,8.027544228,-1.721174112,-1.92715543,5.754666872,2.4972,2.0352,0.25014406,0.119702949,0.130441111,0.415922984,0.205981318,0.209941665,-1.93064883,-7.685315702
O=C1C(O)=CC=CC1=CNc1cccc2ccccc12,,,,,,,,,,,,,,csd_KATKAS,7.061803941,6.792149797,-0.930713827,-1.200267289,6.195219438,2.8628,1.5955,0.552956682,0.283302539,0.269654144,0.489029838,0.269553462,0.219476377,-0.844369742,-7.03958918
O=C1C(c2ccccc2)=C(c2ccccc2)c2ccc(O)cc21,,,,,,,,,,,,,,csd_GAWWAC,7.192749579,6.998264696,-1.158072476,-1.395035469,5.507859474,2.3758,1.6008,0.386770676,0.192285793,0.194484883,0.464651091,0.236962994,0.227688097,-1.441115744,-6.948975218
O=C1C(c2ccccc2)=CC(c2ccccc2)=C1c1ccccc1,,,,,,,,,,,,,,csd_LETVIQ01,7.252504045,7.01867545,-1.607954171,-1.879345572,5.63412037,2.0586,1.0257,0.454912158,0.221083564,0.233828594,0.531145303,0.271391401,0.259753902,-1.63948685,-7.27360722
O=C1C(c2ccccc2)=C2c3ccccc3C3CC=CC1C23,,,,,,,,,,,,,,csd_IVEZEO,7.639199563,7.472372021,-0.613740392,-0.877513499,6.516041844,3.1781,2.4835,0.353160379,0.186332837,0.166827542,0.506335581,0.263773107,0.242562474,-0.86260138,-7.378643224
O=C1C(c2ccccc2)=C2c3ccccc3C(=O)c3cccc1c32,,,,,,,,,,,,,,csd_HIFDAC,7.745384595,7.538699073,-1.817604647,-2.032919013,5.504321992,2.4895,1.5699,0.399675356,0.192989834,0.206685522,0.42329379,0.215314366,0.207979424,-2.053644358,-7.55796635
O=C1C(c2ccccc2)=C2c3cccc4cccc(c34)C3=C(c4ccccc4)C4=C(c5cccc6cccc4c56)C1C23,,,,,,,,,,,,,,csd_FITNUT,6.49943908,6.325697285,-1.173459516,-1.293615534,5.297515352,2.4223,1.4636,0.347409849,0.173668053,0.173741796,0.257717265,0.120156018,0.137561246,-1.21907072,-6.516586072
O=C1C(c2ccccc2)=C2C=CC=CN2C1=C1OC(c2ccccc2)=CS1,,,,,,,,,,,,,,csd_QADMOX,6.351652879,6.194968277,-0.653347619,-0.827183022,5.380510122,2.3857,1.7865,0.317801941,0.161117339,0.156684602,0.342828809,0.173835403,0.168993406,-0.816886228,-6.19739635
O=C1C(c2ccccc2)=C2C(=C(c3ccccc3)C(=O)c3ccccc32)c2ccccc21,,,,,,,,,,,,,,csd_RATTAH,7.653497956,7.451415759,-1.992439933,-2.222054352,5.441463658,2.5013,1.5809,0.394366657,0.19228446,0.202082197,0.453394442,0.229614419,0.223780023,-2.12521034,-7.566673998
O=C1C(c2ccccc2)=C(c2cccnc2)C2C3CCC(C3)C12,,,,,,,,,,,,,,csd_DADBUH,7.842390107,7.659326883,-0.678378161,-1.047600314,6.582709774,3.1676,2.5977,0.395048547,0.211985323,0.183063224,0.661064853,0.369222153,0.2918427,-0.934439476,-7.51714925
O=C1C(c2ccccc2)=C(c2ccccn2)C(c2ccccn2)=C1c1ccccc1,,,,,,,,,,,,,,csd_SAJSUS,7.219518304,7.010258556,-1.588262206,-1.867454707,5.609902224,2.1483,1.2042,0.413715051,0.204455303,0.209259748,0.553492937,0.279192501,0.274300436,-1.622071554,-7.231973778
O=C1C(c2ccccc2)=C(c2ccccc2)n2c1c(-c1ccccc1)c(=O)c(-c1ccccc1)c2-c1ccccc1,,,,,,,,,,,,,,csd_GEXWAH,7.060956932,6.961740358,-1.655498038,-1.837120255,5.310848938,2.3041,1.6257,0.210614059,0.111397485,0.099216574,0.355328638,0.181622217,0.173706421,-1.724386418,-7.035235356
O=C1C(c2ccccc2)=C(c2ccccc2)c2nc3cccccc-3c21,,,,,,,,,,,,,,csd_ZIYSIJ,7.122047069,6.952058814,-1.596360591,-1.7715767,5.227854168,2.2606,1.4345,0.348113263,0.178125008,0.169988255,0.366632254,0.175216109,0.191416144,-1.778537104,-7.006391272
O=C1C(c2ccccc2)=C(c2ccccc2)c2ccccc2C12CCCCC2,,,,,,,,,,,,,,csd_OGOHOJ,7.439271584,7.172884767,-0.744634519,-1.034240279,6.408012586,3.1126,2.3363,0.498216244,0.231829427,0.266386817,0.550361722,0.28960576,0.260755962,-0.89525506,-7.303267646
O=C1C(c2ccccc2)=C(c2ccccc2)c2ccccc21,,,,,,,,,,,,,,csd_COCVAR02,7.46449462,7.278042733,-1.262040432,-1.489839905,5.695073906,2.5492,1.7098,0.366543626,0.180091739,0.186451887,0.448402075,0.227799473,0.220602602,-1.554587282,-7.249661188
O=C1C(c2ccccc2)=C(c2ccccc2)c2ccc(-c3cccc4ccccc34)cc21,,,,,,,,,,,,,,csd_ZIDDEY,7.212180206,7.023448194,-1.414981643,-1.63708109,5.510580614,2.4853,1.675,0.369729455,0.180997443,0.188732012,0.438059185,0.222099447,0.215959739,-1.58506405,-7.095644664
O=C1C(c2ccccc2)=C(c2ccccc2)C(=O)c2ccccc21,,,,,,,,,,,,,,csd_PEQZOC,8.005134116,7.765690667,-1.726089824,-1.939381812,5.886914276,2.482,2.0043,0.699935277,0.460491828,0.239443449,0.42737882,0.213291987,0.214086832,-1.964935194,-7.85184947
O=C1C(c2ccccc2)=C(c2ccccc2)c2cc(-c3ccc(O)cc3)ccc21,,,,,,,,,,,,,,csd_AXIFIX,7.229593325,7.067169294,-1.319226904,-1.53598829,5.572622606,2.5099,1.7015,0.325082351,0.16265832,0.16242403,0.431440557,0.216761386,0.21467917,-1.507239446,-7.079862052
O=C1C(c2ccccc2)=C(c2ccccc2)c2c(I)cccc21,,,,,,,,,,,,,,csd_DEQKOC,7.564735186,7.376662234,-1.434104727,-1.665399722,5.690992196,2.5617,1.7221,0.364759021,0.176686069,0.188072952,0.457649217,0.231294995,0.226354221,-1.693637536,-7.384629732
O=C1C(c2ccccc2)=C(c2ccccc2)[SiH2]c2ccccc21,,,,,,,,,,,,,,csd_CODRIZ,7.856337446,7.489195795,-0.940805311,-1.252025086,6.448829686,3.0282,2.5225,0.870860856,0.503719205,0.367141651,0.633550237,0.311219775,0.322330462,-1.197573714,-7.6464034
O=C1C(c2ccccc2)=C(c2ccccc2)[SiH2]Cc2ccccc21,,,,,,,,,,,,,,csd_LIHGOB,7.741416629,7.42505907,-0.517900698,-1.067108929,6.840673846,3.4472,2.8043,0.650542668,0.334185108,0.316357559,0.935763311,0.54920823,0.38655508,-0.72926552,-7.569939366
O=C1C(c2ccccc2)=C(c2ccccc2)N2CCCC12,,,,,,,,,,,,,,csd_VAXKIQ,6.912366279,6.676833789,-0.215661121,-0.58351084,6.143245664,3.1238,2.2499,0.451820507,0.216288017,0.23553249,0.674569708,0.367849719,0.306719989,-0.460689002,-6.603934666
O=C1C(c2ccccc2)=C(c2ccccc2)N2CCC12,,,,,,,,,,,,,,csd_BUSSEN,7.135209713,6.872439672,-0.375912538,-0.70696371,6.175899344,3.1046,2.2914,0.526051411,0.26328137,0.262770041,0.613905212,0.331051171,0.28285404,-0.639740014,-6.815639358
O=C1C(c2ccccc2)=C(c2ccccc2)C2CC3CCCCC3C12,,,,,,,,,,,,,,csd_GANSIY,7.658098315,7.44510217,-0.457571936,-0.843780343,6.722848484,3.2794,2.6347,0.441470407,0.228474261,0.212996145,0.68643396,0.386208407,0.300225553,-0.685455166,-7.40830365
O=C1C(c2ccccc2)=C(c2ccccc2)C2C1=C(c1ccccc1)C(c1ccccc1)=C2c1ccccc1,,,,,,,,,,,,,,csd_HIXLEG,7.466087058,7.253866166,-0.975569779,-1.216272844,7.066528466,3.1662,2.0898,0.435350563,0.22312967,0.212220892,0.463934234,0.240703065,0.223231169,-0.689536876,-7.756065342
O=C1C(c2ccccc2)=C(c2ccccc2)C2=C(c3ccccc3)C(c3ccccc3)=C(c3ccccc3)C12,,,,,,,,,,,,,,csd_HIXKUV,6.685491314,6.53497989,-1.252293118,-1.481167387,5.441191544,2.6153,1.5243,0.30152136,0.151009936,0.150511424,0.435532879,0.228874269,0.20665861,-1.246554234,-6.687745778
O=C1C(c2ccccc2)=C(c2ccccc2)C1Br,,,,,,,,,,,,,,csd_BBZCBO,8.026628564,7.850667951,-1.06201305,-1.306542854,6.418625032,3.1184,2.3442,0.359117553,0.18315694,0.175960613,0.46715688,0.244529804,0.222627076,-1.332542258,-7.75116729
O=C1C(c2ccccc2)=C(c2ccccc2)C(c2ccccc2)=C1c1ccccc1,,,,,,,,,,,,,,csd_KIKTUT,7.055537237,6.868305118,-1.634039672,-1.872948961,5.16608429,1.9813,1.1116,0.369519111,0.182286992,0.187232119,0.47668223,0.238909289,0.237772941,-1.7959524,-6.96203669
O=C1C(c2ccccc2)=C(c2ccccc2)C(=S)N1c1ccccc1,,,,,,,,,,,,,,csd_BUGBOV,7.974353288,7.716364454,-1.682643586,-1.99147284,6.40012128,2.1432,1.7189,0.690771457,0.432782623,0.257988834,0.60193576,0.308829254,0.293106507,-1.585880392,-7.986001672
O=C1C(O)=CC=CC1=CNc1ccccc1O,,,,,,,,,,,,,,csd_CIZDIB,6.79893994,6.586994617,-0.698542625,-0.871098221,5.336699768,2.5532,1.4718,0.438251869,0.226306547,0.211945322,0.348981361,0.172555596,0.176425765,-1.026958236,-6.363658004
O=C1C(O)=CC=CC1=CNc1cccc(O)c1,,,,,,,,,,,,,,csd_CIZDEX,6.986670844,6.766103562,-0.846267084,-1.03497281,5.35520352,2.5474,1.4784,0.454042264,0.233474982,0.220567282,0.379971608,0.188705726,0.191265883,-1.181246874,-6.536450394
O=C1C(=O)c2cc(O)c(O)c(I)c2-c2ccc(O)cc21,,,,,,,,,,,,,,csd_GEHXAU,7.640977991,7.463603746,-1.424450938,-1.655220209,5.450715534,2.1119,1.6257,0.365661079,0.188286833,0.177374246,0.456085922,0.230769271,0.225316651,-1.834592588,-7.285308122
O=C1C(Br)=CC(=C(c2ccccc2)c2ccccc2)C=C1Br,,,,,,,,,,,,,,csd_BRFUSO02,7.532276884,7.315870878,-1.805993407,-2.01976807,5.350849696,2.6883,1.3601,0.446678941,0.230272935,0.216406006,0.431426951,0.213774663,0.217652288,-1.99595619,-7.346805886
O=C1C(Cl)=C(Nc2nc(-c3ccccc3)c(C(=O)O)s2)C(=O)c2ccccc21,,,,,,,,,,,,,,csd_FIDBIE,7.639870487,7.437799175,-1.960841783,-2.215509466,5.127444102,2.4095,1.6472,0.423283939,0.221212627,0.202071312,0.509269242,0.254667683,0.254601559,-2.296097932,-7.423542034
O=C1C(Cl)=C(Nc2ccccc2)c2nc3ccccc3n21,,,,,,,,,,,,,,csd_ROGFUR,7.499887154,7.377460072,-1.059035306,-1.400500008,5.810178128,2.7543,1.9285,0.263917926,0.141490844,0.122427082,0.709843111,0.341464702,0.368378409,-1.387509286,-7.197687414
O=C1C(Cl)=C(Nc2ccccc2)c2nc3cc(Cl)c(Cl)cc3n21,,,,,,,,,,,,,,csd_ROGFOL,7.614874367,7.489073888,-1.340980785,-1.686420801,5.717659368,2.7136,1.8888,0.270717239,0.14491676,0.125800479,0.72093992,0.345440015,0.375499905,-1.62724172,-7.344901088
O=C1C(Cl)=C(Nc2ccccc2)C(=O)c2ccccc21,,,,,,,,,,,,,,csd_EFAVUE01,7.570259372,7.42434341,-1.626366057,-1.878925129,5.208806188,2.3106,1.506,0.290621017,0.144705055,0.145915962,0.504259351,0.252559072,0.25170028,-2.019902222,-7.22870841
O=C1C(Cl)=C(Nc2cccc(O)c2)C(=O)c2ccccc21,,,,,,,,,,,,,,csd_ZIKSAQ,7.501952227,7.336756716,-1.627859419,-1.887442297,5.156832414,2.2981,1.4986,0.333011753,0.167816241,0.165195511,0.518386422,0.259582878,0.258803544,-2.01772531,-7.174557724
O=C1C(Cl)=C(N2CCCCC2)c2nc3ccccc3n21,,,,,,,,,,,,,,csd_ROGFEB,7.453890092,7.274678533,-0.76286398,-1.066597354,6.75931176,2.9734,1.9156,0.378053422,0.198841863,0.179211559,0.61792273,0.303733375,0.314189355,-0.734435686,-7.493747446
O=C1C(Cl)=C(Cl)c2c(O)c3ccccc3n21,,,,,,,,,,,,,,csd_PEBKIS,7.636785531,7.458572902,-0.959779276,-1.159257342,5.811810812,2.9869,1.7217,0.359355653,0.181143024,0.178212629,0.389430237,0.199478066,0.189952171,-1.387509286,-7.199320098
O=C1C(Cl)=C(Cl)C2=Nc3cccc4cccc(c34)N12,,,,,,,,,,,,,,csd_DAKXIX,7.869306127,7.602409369,-1.557225155,-1.949077751,7.476604264,3.5501,1.289,0.550930712,0.284033954,0.266896758,0.770214323,0.391852596,0.378361728,-0.932806792,-8.409411056
O=C1C(Cl)=C(Cl)C(=O)c2c1nc1n2CCc2ccccc2-1,,,,,,,,,,,,,,csd_BITCAL,8.1401616,7.977497565,-1.835622812,-2.055941544,5.534526646,2.4405,1.8575,0.332353237,0.169689202,0.162664035,0.444677814,0.220318733,0.224359081,-2.29256045,-7.827087096
O=C1C(C2=C(c3ccccc3)c3ccccc3C2=O)=C(c2ccccc2)c2ccccc21,,,,,,,,,,,,,,csd_QEXJUZ,7.093902862,6.88330894,-1.610406571,-1.759536472,5.369353448,2.3734,1.5218,0.41623782,0.205643897,0.210593923,0.301066113,0.149129901,0.151936212,-1.66533768,-7.034691128
O=C1C(Br)=CC(Br)=CC1=CNc1ccccc1O,,,,,,,,,,,,,,csd_PIBRUQ,7.063253574,6.921479459,-1.109003056,-1.26459893,5.425136818,2.7349,1.6586,0.294506533,0.152732418,0.141774115,0.311474746,0.155595874,0.155878872,-1.355671948,-6.780808766
O=C1C(Br)=CC(Br)=C(O)C1=CNc1ccccc1,,,,,,,,,,,,,,csd_IYIZUN,7.12979225,6.94188175,-1.060221179,-1.219197525,5.49942394,2.6776,1.8091,0.387654693,0.199744193,0.1879105,0.318861008,0.158976346,0.159884662,-1.31703176,-6.8164557
O=C1C(Br)=C(c2ccccc2)c2ccc(O)cc21,,,,,,,,,,,,,,csd_FOKDOZ,7.55981482,7.387107058,-1.198175086,-1.422342055,5.589493674,2.405,1.6323,0.35210191,0.179394148,0.172707763,0.438678789,0.224166969,0.21451182,-1.586696734,-7.176190408
O=C1C(Cl)=C(c2ccccc2)C(=O)C(c2ccccc2)=C1Cl,,,,,,,,,,,,,,csd_FENREV,8.424317189,8.271314834,-2.155222337,-2.378522895,5.583235052,2.3629,1.8375,0.293792234,0.140789879,0.153002355,0.440975703,0.223300558,0.217675145,-2.569572502,-8.152807554
O=C1C(Br)=C(c2ccccc2)c2cc(Br)ccc21,,,,,,,,,,,,,,csd_AXIFAP,7.975625693,7.827633229,-1.522090612,-1.735481594,5.786232096,2.5957,1.761,0.296977328,0.148984864,0.147992464,0.423722859,0.213390982,0.210331877,-1.875681802,-7.661913898
O=C1C(Br)=C(Nc2ccc(F)cc2)C(=O)c2ccccc21,,,,,,,,,,,,,,csd_ZIMPOD,7.577401276,7.40538169,-1.700006364,-1.959347061,5.17288714,2.2934,1.517,0.341123199,0.169103613,0.172019586,0.519525763,0.259340697,0.260185066,-2.075413478,-7.248300618
O=C1C(=O)c2scc(C(=O)c3ccco3)c2-c2ccccc21,,,,,,,,,,,,,,csd_REVMOX,8.334508412,8.132027024,-1.714858618,-1.892101705,5.641467448,1.985,1.5134,0.673823925,0.471342537,0.202481388,0.356347705,0.177243087,0.179104618,-2.128747822,-7.77021527
O=C1C(=O)c2nc(-c3cccs3)sc2-c2sc(-c3cccs3)nc21,,,,,,,,,,,,,,csd_LEVGAW,7.674239302,7.451358071,-1.95260326,-2.100039795,5.719019938,2.0174,1.4856,0.457970311,0.235089081,0.22288123,0.297762105,0.147436535,0.15032557,-1.963846738,-7.682866676
O=C1C(=O)c2ccsc2-c2sccc21,,,,,,,,,,,,,,csd_YAMKEE,8.191261344,8.021993919,-1.544426001,-1.71019268,5.62051467,1.9513,1.467,0.343833999,0.174566573,0.169267425,0.332895832,0.165766679,0.167129153,-2.084121126,-7.704635796
O=C1C(=O)c2cccnc2-c2ncccc21,,,,,,,,,,,,,,csd_MEJWED,8.710341956,8.536095906,-1.754383177,-1.93009799,5.696162362,2.0129,1.5255,0.659577451,0.485331401,0.17424605,0.355119791,0.175714813,0.179404978,-2.286029714,-7.982192076
O=C1C(=O)c2ccccc2C2=C1Cc1c(ccc3ccccc13)O2,,,,,,,,,,,,,,csd_DUTSES,7.656665363,7.547451593,-1.556863788,-1.756550293,5.440647316,1.97,1.5028,0.225245901,0.116032131,0.10921377,0.401625842,0.199686505,0.201939337,-1.958948686,-7.399596002
O=C1C(=O)c2ccccc2C2=C1CCO2,,,,,,,,,,,,,,csd_VALNII,8.133998708,7.919882868,-1.253508325,-1.461783483,5.612623364,1.9581,1.5031,0.516508128,0.302392288,0.21411584,0.415329775,0.208275158,0.207054617,-1.801122566,-7.41374593
O=C1C(=O)c2ccccc2C2=C1CC(c1ccc(Br)cc1)=NN2,,,,,,,,,,,,,,csd_CUYZUT,7.438394016,7.317029812,-1.695373351,-1.846609414,5.166356404,1.922,1.484,0.247219651,0.125855446,0.121364205,0.304817477,0.151236063,0.153581414,-2.015820512,-7.182176916
O=C1C(=O)c2ccccc2C(c2ccccc2)=C1c1ccccc1,,,,,,,,,,,,,,csd_GERYOU,7.866648036,7.581621791,-1.726450403,-1.901913864,5.501328738,1.8392,1.368,0.601552243,0.316525998,0.285026245,0.346491926,0.175463461,0.171028465,-2.085209582,-7.58653832
O=C1C(=O)c2ccc(Br)cc2-c2cc(Br)ccc21,,,,,,,,,,,,,,csd_RURQAX,8.689079213,8.591148649,-1.868508877,-2.02432353,5.681196092,2.0211,1.5352,0.202542069,0.104611506,0.097930563,0.315427202,0.155814653,0.159612548,-2.265893278,-7.94708937
O=C1C(=O)c2cc(O)c(O)cc2-c2ccc(O)cc21,,,,,,,,,,,,,,csd_GEHWUN,7.532575828,7.34693465,-1.234101127,-1.433126504,5.393027366,2.0752,1.5825,0.377538365,0.191897187,0.185641178,0.402333692,0.199025377,0.203308315,-1.704522096,-7.097549462
O=C1C(Cl)=C(Oc2ccc(O)cc2)C(=O)c2cnccc21,,,,,,,,,,,,,,csd_KIJSOM,7.760668422,7.479007575,-1.992187955,-2.270417173,4.852336848,2.0178,1.6437,0.575651453,0.293990605,0.281660848,0.549552455,0.278229218,0.271323237,-2.454740394,-7.307077242
O=C1C(Cl)=C2Nc3ccccc3OC2c2ccccc21,,,,,,,,,,,,,,csd_ZIKSOE,7.414502135,7.294534419,-0.495408844,-0.738818898,6.231954828,3.3849,2.4356,0.250458896,0.13049118,0.119967716,0.577911359,0.243410055,0.334501305,-0.833485182,-7.06544001
O=C1C(O)=CC=CC1=CNc1ccc(Oc2ccccc2)cc1,,,,,,,,,,,,,,csd_CEJVOF,6.844013773,6.586975433,-0.817613861,-1.120569806,5.36744865,2.5683,1.5108,0.498235292,0.241196952,0.25703834,0.519888491,0.302955945,0.216932546,-1.090632912,-6.458081562
O=C1C(O)=C(O)C(=O)c2c1cc1[nH]c(=O)[nH]c1c2-c1ccc(O)cc1,,,,,,,,,,,,,,csd_ZIXWUY01,7.617855376,7.487895362,-1.407350206,-1.665187201,5.397653304,2.2626,1.5118,0.259729548,0.129769534,0.129960014,0.508723926,0.257836995,0.250886931,-1.814184038,-7.211837342
O=C1C(O)=CC=CC1=CNc1ccc(Oc2cccc3ccccc23)cc1,,,,,,,,,,,,,,csd_CEJVUL,6.870817546,6.590143112,-0.912079324,-1.174186876,5.346767986,2.5522,1.4958,0.530901489,0.250227055,0.280674434,0.46421696,0.262107552,0.202109408,-1.15920564,-6.505973626
O=C1C(O)=CC=CC1=CNc1ccc(Oc2ccc3ccccc3c2)cc1,,,,,,,,,,,,,,csd_CEJTET,6.87637738,6.571423846,-0.90642017,-1.161059825,5.348944898,2.5522,1.4954,0.546091165,0.241137631,0.304953534,0.454865762,0.254639655,0.200226107,-1.156212386,-6.505157284
O=C1C(O)=CC=CC1=CNc1ccc(Oc2ccc(-c3ccccc3)cc2)cc1,,,,,,,,,,,,,,csd_CEJTAP,6.832121575,6.572938977,-0.856009418,-1.15746275,5.359829458,2.5631,1.5066,0.50150719,0.242324592,0.259182599,0.517878385,0.301453331,0.216425054,-1.105871296,-6.465700754
O=C1C(O)=CC2OC(=O)c3c(O)cc(O)cc3C2=C1C1=C2c3cc(O)cc(O)c3C(=O)OC2C=C(O)C1=O,,,,,,,,,,,,,,csd_ZOGCOQ,7.864794205,7.718873345,-1.702494847,-1.996771716,5.855621166,2.8579,2.1862,0.306104848,0.160183988,0.14592086,0.652283653,0.294276869,0.358006784,-1.835681044,-7.69130221
O=C1C(O)=CC(=O)c2c1oc1cc(O)c(O)cc21,,,,,,,,,,,,,,csd_FIFBAY,7.930288317,7.763594165,-1.67841069,-1.903598059,5.22186766,2.3273,1.621,0.344596299,0.177902147,0.166694152,0.447155439,0.225187369,0.22196807,-2.211198364,-7.433066024
O=C1C(O)=CC(=O)c2c1ccc1c(O)c(O)ccc21,,,,,,,,,,,,,,csd_PHNQUN10,7.371125394,7.201404518,-1.422408124,-1.639447094,5.006353372,2.2007,1.6809,0.344561659,0.174840783,0.169720876,0.436959137,0.21703897,0.219920167,-1.895001896,-6.901355268
O=C1C(O)=CC(=O)c2c1c1ccccc1n2C(=O)O,,,,,,,,,,,,,,csd_RUJTAT,8.964062274,8.630603955,-1.740909942,-2.130171522,8.442608964,3.6538,1.9909,0.681528942,0.348070623,0.333458319,0.776952165,0.38926158,0.387690585,-1.134171152,-9.576780116
O=C1C(O)=C(c2scc3c2OCCO3)C(=O)C(c2scc3c2OCCO3)=C1O,,,,,,,,,,,,,,csd_DORPEH,7.307205408,6.599146004,-1.620908267,-1.892884577,4.662401276,1.6621,1.0952,0.936533393,0.228473989,0.708059404,0.545556733,0.27197631,0.273580422,-1.946703556,-6.609104832
O=C1C(O)=C(c2cccs2)C(=O)C(O)=C1c1cccs1,,,,,,,,,,,,,,csd_DORNOP,7.376912579,7.245814312,-2.068373617,-2.324969227,4.569066174,1.5183,0.9662,0.264519026,0.13342076,0.131098267,0.503263958,0.256595611,0.246668348,-2.486033504,-7.055099678
O=C1C(O)=C(c2ccccc2)C(=O)C(O)=C1c1ccccc1,,,,,,,,,,,,,,csd_YEJVOY01,8.70890582,8.442686489,-1.85748543,-2.313006797,7.94708937,3.2491,1.7386,0.520702738,0.254483407,0.26621933,0.92340743,0.455521367,0.467886064,-1.19866217,-9.14575154
O=C1C(O)=C(c2ccc3c(c2)Cc2ccccc2-3)C(=O)c2cc3c(cc21)Cc1ccccc1-3,,,,,,,,,,,,,,csd_VAPPIN,7.366137681,7.138983989,-1.771694797,-2.009805976,5.83004245,2.6941,1.7582,0.451342702,0.22418901,0.227153692,0.477948377,0.238111179,0.239837198,-1.666426136,-7.496468586
O=C1C(O)=C(c2c[nH]c3ccccc23)C(=O)C(O)=C1c1c[nH]c2ccccc12,,,,,,,,,,,,,,csd_COCHOL,6.788120741,6.617459004,-1.642004177,-1.956854497,4.530425986,1.4929,1.005,0.341233405,0.170571668,0.170661737,0.630285685,0.31485032,0.315435365,-2.043031912,-6.573457898
O=C1C(Nc2ccccc2)=Cc2cccc3cccc1c23,,,,,,,,,,,,,,csd_WUTKAX,6.784115985,6.699944458,-1.245212385,-1.398972333,4.973971806,2.2388,1.3449,0.172520548,0.088349021,0.084171527,0.301533986,0.153759948,0.147774038,-1.554859396,-6.528831202
O=C1C(Cl)=CC(=C(c2ccc(Cl)cc2)c2ccc(Cl)cc2)C=C1Cl,,,,,,,,,,,,,,csd_PEJKAS,7.624959184,7.383121404,-1.957943497,-2.1749155,5.293433642,2.6777,1.3206,0.50354478,0.261707,0.24183778,0.431040549,0.216972003,0.214068546,-2.152965968,-7.44639961
O=C1C(Nc2ccccc2)=CC(O)=C2C(=O)c3ccccc3C(Nc3ccccc3)=C12,,,,,,,,,,,,,,csd_KOWXAW01,6.570913632,6.398169134,-1.652082735,-1.926501813,4.683354054,2.1084,0.9871,0.354041539,0.181297041,0.172744498,0.518980175,0.274419078,0.244561097,-1.76738043,-6.450734484
O=C1C(Nc2ccccc2)=CC(=Nc2ccccc2)c2ccc3ccc4ccc5ccc6ccccc6c5c4c3c21,,,,,,,,,,,,,,csd_ESOFID,6.912239012,6.639318194,-1.702586005,-1.930694273,5.081456836,2.2901,1.4945,0.66741564,0.394494822,0.272920818,0.432977184,0.228108268,0.204868916,-1.742345942,-6.823802778
O=C1C(Nc2ccccc2)=CC(=NO)c2ccccc21,,,,,,,,,,,,,,csd_RIGJAV,7.067234547,6.960603547,-1.077042614,-1.300700485,5.300236492,2.6371,1.4092,0.224890629,0.118259629,0.106631,0.442139889,0.223657871,0.218482018,-1.44764648,-6.747882972
O=C1C(Nc2ccccc2)=C(c2ccccc2)C(=O)N1c1ccccc1,,,,,,,,,,,,,,csd_TAMLUR,7.271652897,7.157218892,-0.993864548,-1.427034389,5.815892522,2.799,1.9662,0.247595168,0.133161163,0.114434005,0.863588065,0.433169841,0.430418224,-1.263153188,-7.07904571
O=C1C(Nc2ccccc2)=C(C#Cc2ccccc2)c2ccccc21,,,,,,,,,,,,,,csd_ITEZOY,6.597890198,6.499806979,-1.393059595,-1.604015702,4.799546732,1.8708,1.1245,0.202063149,0.10397993,0.098083219,0.410298115,0.210956106,0.199342009,-1.633228228,-6.43277496
O=C1C(Nc2ccc(O)cc2)=CC(=Nc2ccc(O)cc2)c2ccccc21,,,,,,,,,,,,,,csd_UDAZEF,6.874353124,6.495368255,-1.303931648,-1.563084314,5.7824225,2.595,1.4877,0.847149931,0.468165062,0.378984869,0.507525808,0.259152666,0.248373142,-1.195124688,-6.977547188
O=C1C(Nc2ccc(Cl)cc2)=CCN1c1ccc(Cl)cc1,,,,,,,,,,,,,,csd_XEXXII,7.338341236,7.250576579,-0.013788016,-0.26843393,6.692915944,4.0191,2.7525,0.190169318,0.102404662,0.087764656,0.573018205,0.254645914,0.318372292,-0.292250436,-6.98516638
O=C1C(Nc2cc(O)cc(O)c2)=C(C2=C(Nc3cc(O)cc(O)c3)C(=O)c3ccccc32)c2ccccc21,,,,,,,,,,,,,,csd_CAWQAS,6.355814318,6.197161244,-1.505257096,-1.743987606,4.686347308,1.7522,1.116,0.335345402,0.176692328,0.158653074,0.477008767,0.23873051,0.238278257,-1.633228228,-6.319575536
O=C1C(F)c2ccccc2N1c1ccccc1,,,,,,,,,,,,,,csd_TENJEE,7.841976984,7.682004292,0.252241324,-0.1039405,7.28585235,4.1076,3.2665,0.323105415,0.163132724,0.159972691,0.938467852,0.356181824,0.582286027,-0.14149928,-7.42735163
O=C1C(Cl)=Cc2nc3ccccc3n21,,,,,,,,,,,,,,csd_FAZVOS,8.334501065,8.149467899,-1.340640099,-1.60874722,5.90895551,2.7352,1.9092,0.370770563,0.185737397,0.185033166,0.5146005,0.268107121,0.246493378,-1.906430684,-7.815386194
O=C1C(Cl)=CN(c2ccccc2)C1=Cc1cccs1,,,,,,,,,,,,,,csd_HORKUW,7.032497345,6.925625388,-0.872952052,-1.050601133,5.524186314,2.7076,1.531,0.216894178,0.110022221,0.106871957,0.355601024,0.177649081,0.177951944,-1.212539984,-6.736726298
O=C1C(Cl)=CC(=C(c2ccccc2)c2ccccc2)C=C1Cl,,,,,,,,,,,,,,csd_PEJHOD01,7.559840943,7.329077115,-1.720429336,-1.939887645,5.391394682,2.7108,1.3518,0.474960837,0.244197008,0.230763829,0.437665436,0.219458308,0.218207128,-1.950785266,-7.342179948
O=C1C(=Cc2cccc3ccccc23)CNCC12CC1CSCN1C2,,,,,,,,,,,,,,csd_LAQGUH,7.368063976,6.91228255,-0.71316399,-1.068484737,5.946507242,3.1863,2.3076,0.708664041,0.252882615,0.455781426,0.640501117,0.355320747,0.28518037,-0.960018192,-6.906525434
O=C1C(=Cc2cccc(O)c2O)CCCC1=Cc1cccc(O)c1O,,,,,,,,,,,,,,csd_UQEQIR,7.142570995,6.977464465,-0.555347394,-0.710365026,6.122292886,2.8301,2.3561,0.357391262,0.192284732,0.16510653,0.298454907,0.155017631,0.143437276,-0.77280376,-6.895096646
O=C1C(c2ccccc2)=Cc2cc(O)ccc21,,,,,,,,,,,,,,csd_CINZEH,7.54715722,7.395535082,-1.055459293,-1.287262978,5.732625638,2.5529,1.6814,0.297841916,0.146219778,0.151622138,0.457829438,0.231803685,0.226025752,-1.458803154,-7.191428792
O=C1C(=Cc2cccc(O)c2)COc2ccccc21,,,,,,,,,,,,,,csd_YAWLEP,7.875970907,7.698717997,-0.820466595,-1.031209827,6.377535818,3.0832,2.4932,0.324604627,0.147351717,0.17725291,0.408678819,0.210743232,0.197935588,-1.151858562,-7.52939438
O=C1C(=C2C3CC4CC(C3)CC2C4)C(=Cc2ccoc2)c2nc3ccccc3n21,,,,,,,,,,,,,,csd_EDIMEL,7.426086572,7.161892994,-0.607115994,-0.920358937,6.869245816,3.7409,2.2481,0.508430859,0.244237281,0.264193578,0.622650166,0.313242943,0.309407224,-0.53878572,-7.408031536
O=C1C(=C2C(=O)c3ccccc3N2c2ccccc2)Nc2ccccc21,,,,,,,,,,,,,,csd_CIHYIE,6.780839515,6.665056641,-1.497428376,-1.693471274,4.854241646,2.195,1.0382,0.240716942,0.124934068,0.115782874,0.400607319,0.196042899,0.204564421,-1.740441144,-6.59468279
O=C1C(=C2C(=O)c3ccccc3N2c2ccccc2)N(c2ccccc2)c2ccccc21,,,,,,,,,,,,,,csd_CIHXUP,6.591666134,6.425345976,-1.5189496,-1.702884242,4.853969532,2.052,0.9866,0.341146056,0.174825898,0.166320159,0.376110529,0.183934642,0.192175887,-1.660167514,-6.514137046
O=C1C(=C2C(=O)N(c3ccccc3)C(=O)N2c2ccccc2)Oc2ccccc21,,,,,,,,,,,,,,csd_GIKXEF,7.844095309,7.597513766,-1.398164998,-1.770883354,6.415903892,2.7269,1.8591,0.535760357,0.289178813,0.246581543,0.782904632,0.372718355,0.410186276,-1.429142728,-7.84504662
O=C1C(=C2C(=Nc3ccccc3)Sc3ccccc32)Sc2ccccc21,,,,,,,,,,,,,,csd_RUGDOO,7.215363123,7.025701298,-1.830411012,-2.010849261,5.101865386,2.3711,1.3808,0.428958877,0.239297052,0.189661825,0.358300667,0.180438249,0.177862418,-1.977724552,-7.079589938
O=C1C(=C2C(=CC=C(c3ccccc3)c3ccccc3)C(=O)c3ccccc32)C(=O)c2ccccc21,,,,,,,,,,,,,,csd_SASPAG,7.151680284,6.981491208,-1.963430676,-2.175774291,5.193839918,2.2162,1.5351,0.359789403,0.189600328,0.170189075,0.41647211,0.212343616,0.204128494,-1.960309256,-7.154149174
O=C1C(=C(c2ccccc2)c2ccncc2)Sc2ccccc21,,,,,,,,,,,,,,csd_LEMLAT,7.50894855,7.326144542,-1.259680741,-1.547582796,5.746503452,2.7372,1.8574,0.365835776,0.183031768,0.182804008,0.555272563,0.287902054,0.267370509,-1.490368378,-7.23687183
O=C1C(=C(c2ccccc2)c2ccccc2)c2ccccc2-c2ccccc21,,,,,,,,,,,,,,csd_TATHOL,7.203676915,6.929372398,-1.112277948,-1.527319554,5.864873042,2.6589,2.0441,0.571995057,0.297690539,0.274304518,0.818870211,0.415041606,0.403828605,-1.213900554,-7.078773596
O=C1C(=C(c2ccccc2)c2ccccc2)Sc2ccccc21,,,,,,,,,,,,,,csd_ROBREI,7.366743951,7.138703711,-1.025870052,-1.267748649,6.392229974,2.8879,1.904,0.45561979,0.227579551,0.22804024,0.491508089,0.241878597,0.249629492,-0.981243084,-7.373473058
O=C1C(=C(c2ccccc2)c2ccccc2)N=CN1c1ccccc1,,,,,,,,,,,,,,csd_MULFOQ,7.480272633,7.196842228,-0.977146136,-1.249512657,6.579444406,3.1449,1.8345,0.59129964,0.307869235,0.283430405,0.539918531,0.272366522,0.267552009,-0.926003942,-7.505448348
O=C1C(=C(c2ccccc2)c2ccccc2)N=C2CCc3ccccc3N12,,,,,,,,,,,,,,csd_BEGPOU,7.220658189,6.982234624,-0.941861657,-1.172857599,5.963922538,3.0134,1.8587,0.496091306,0.25766774,0.238423566,0.462812035,0.230995942,0.231816094,-1.09525885,-7.059181388
O=C1C(=C(c2ccccc2)c2ccccc2)N=C2CCCc3ccccc3N12,,,,,,,,,,,,,,csd_MULGEH,7.158743003,6.91499988,-0.892561404,-1.130611085,5.962289854,2.9821,1.8396,0.499842125,0.256099003,0.243743122,0.478532333,0.238049681,0.240482652,-1.041924506,-7.00421436
O=C1C(=C(c2ccccc2)c2ccccc2)Cc2ccccc21,,,,,,,,,,,,,,csd_ROHBOI,7.627166763,7.412248704,-0.808518668,-1.037696644,6.29127568,2.7486,2.3122,0.454602329,0.23968427,0.214918059,0.462298012,0.229177975,0.233120037,-1.035937998,-7.327213678
O=C1C(=C(c2ccccc2)c2ccccc2)C=CC1=C(c1ccccc1)c1ccccc1,,,,,,,,,,,,,,csd_LOYKOZ,6.768905411,6.519746404,-0.883081768,-1.152470274,5.738067918,2.7381,1.7996,0.490011735,0.240852727,0.249159007,0.544759711,0.269388506,0.275371205,-0.98505268,-6.723120598
O=C1C(=C(c2ccccc2)c2ccccc2)C(c2ccccc2)=C1c1ccccc1,,,,,,,,,,,,,,csd_IQUWEY,7.000383539,6.784208014,-0.956931059,-1.229562347,6.078754646,3.0085,1.9009,0.443707456,0.227531931,0.216175525,0.51839132,0.272631289,0.245760031,-0.927364512,-7.006119158
O=C1C(=C(c2ccccc2)N2CCCC2)Sc2ccccc21,,,,,,,,,,,,,,csd_LEMLOH,6.613929957,6.425251008,-0.315909388,-0.787587986,5.783238842,2.9124,1.9072,0.398864701,0.210185752,0.18867895,0.992802215,0.471678598,0.521123617,-0.528717502,-6.311956344
O=C1C(=C(c2ccc(O)cc2)c2oc3c(c2C(=O)c2ccccc2)c(=O)oc2ccccc23)C(=O)c2ccccc21,,,,,,,,,,,,,,csd_MUJZEY,7.459910614,7.338442734,-1.861268196,-2.073752766,5.550309258,2.3865,1.9095,0.257210044,0.135742164,0.12146788,0.425358264,0.212484571,0.212873694,-1.878675056,-7.428984314
O=C1C(=C(O)c2nn(-c3ccccc3)c3c2C2CCC3C2)C2CCC1C2,,,,,,,,,,,,,,csd_UQEVIX,7.443236013,7.215831703,-0.09228964,-0.417637574,7.372384602,3.8177,2.4923,0.487688969,0.26028466,0.227404309,0.602404613,0.325347934,0.277056679,-0.082450542,-7.454835144
O=C1C(=C(O)c2ccncc2)Cc2ccccc21,,,,,,,,,,,,,,csd_DEXVIO,8.194687994,7.927379527,-1.00259987,-1.162716482,6.404475104,3.4418,2.3502,0.502228293,0.234919826,0.267308467,0.32158642,0.160116612,0.161469808,-1.360297886,-7.76477299
O=C1C(=C(O)c2ccccc2)C=NN1c1ccc(Cl)c(Cl)c1,,,,,,,,,,,,,,csd_BOQCOB,7.714273258,7.478865259,-1.1097296,-1.415432808,5.979433036,3.2918,2.3342,0.472902567,0.237494568,0.235407998,0.560583684,0.305703208,0.254880476,-1.431863868,-7.411296904
O=C1C(=C(O)C=Cc2ccccc2Cl)C=NN1c1ccccc1,,,,,,,,,,,,,,csd_LUKWIZ,7.634688348,7.337996467,-1.474751483,-1.758972107,6.25045858,3.3257,1.9832,0.600558591,0.303866711,0.296691881,0.566322024,0.284220624,0.2821014,-1.416081256,-7.666539836
O=C1C(=C(O)C=Cc2ccccc2)COc2cc(O)ccc21,,,,,,,,,,,,,,csd_LABVES,7.335639878,7.061687612,-0.99137797,-1.198203576,5.879295084,3.215,2.0657,0.544189006,0.27023674,0.273952266,0.42876622,0.206825606,0.221940614,-1.228866824,-7.108161908
O=C1C(=C(O)C=Cc2ccccc2)C=NN1c1ccccc1,,,,,,,,,,,,,,csd_CIQDUB,7.449811457,7.184262833,-1.373269506,-1.615640548,5.551669828,2.9902,1.9473,0.53442327,0.268874646,0.265548624,0.48245355,0.242371042,0.240082509,-1.628330176,-7.180000004
O=C1C(=C(O)C=Cc2ccc(O)cc2)C=NN1c1ccccc1,,,,,,,,,,,,,,csd_DUHZEM,7.298363063,7.013198204,-1.214341379,-1.453364139,5.591126358,3.0409,1.9497,0.585591233,0.300426373,0.28516486,0.477392992,0.239022761,0.238370231,-1.458258926,-7.049385284
O=C1C(=C(O)C=Cc2cc3c4c(c2)CCCN4CCC3)C(=O)c2ccccc21,,,,,,,,,,,,,,csd_MAJGOW,6.580762254,6.453780528,-1.005823958,-1.184398498,5.251255972,2.9323,1.8968,0.24679216,0.119810434,0.126981726,0.376328764,0.17857454,0.197754224,-1.148865308,-6.40012128
O=C1C(=C(Nc2ccccn2)c2ccccc2)c2nc3ccccc3nc2N1c1ccccc1,,,,,,,,,,,,,,csd_LUYJIA,7.157241478,7.022741786,-1.085078793,-1.380829976,5.933173656,3.1762,2.2494,0.282607804,0.148108113,0.134499692,0.600058718,0.295751183,0.304307535,-1.120293338,-7.053466994
O=C1C(=C(Nc2ccccc2O)c2ccccc2)C=NN1c1ccccc1,,,,,,,,,,,,,,csd_WOYMUU,6.923559498,6.704734399,-0.690846289,-1.102463068,5.864600928,3.1268,2.0945,0.46414621,0.245321111,0.218825099,0.781807196,0.41161678,0.370190416,-0.835117866,-6.699718794
O=C1C(=C2C=C(c3ccccc3)Oc3ccccc32)C(c2ccccc2)=NN1c1ccccc1,,,,,,,,,,,,,,csd_TESRER,6.677289798,6.378002766,-1.602486149,-1.795822057,4.957644966,2.3515,1.4012,0.62179083,0.322503798,0.299287032,0.396735409,0.193335909,0.203399501,-1.670507846,-6.628152812
O=C1C(=C2C=C(c3ccccc3)Oc3ccccc32)C=NN1c1ccccc1,,,,,,,,,,,,,,csd_DUPVAN,6.877727337,6.620584505,-1.542536169,-1.695542606,5.063497312,2.5063,1.4369,0.547632146,0.290489314,0.257142832,0.304429714,0.153006437,0.151423278,-1.676766468,-6.74026378
O=C1C(=C2C=CNC(C=Cc3ccc(O)cc3)=C2)C(=O)c2ccccc21,,,,,,,,,,,,,,csd_QAKHER,6.718999431,6.573717495,-1.004844892,-1.225673838,5.42459259,2.803,1.9576,0.300225009,0.154943072,0.145281937,0.450809087,0.220828947,0.22998014,-1.142606686,-6.567199276
O=C1C(=C2Nc3ccc(I)cc3C2=O)Nc2ccc(I)cc21,,,,,,,,,,,,,,csd_BUPPUZ,7.126990836,7.041928272,-1.907038587,-2.079639136,4.79056697,2.2013,1.0036,0.181495412,0.096432848,0.085062564,0.348616402,0.17260055,0.176015852,-2.136367014,-6.926933984
O=C1C(=CC=C2CNc3c2sc2ccccc32)Sc2ccccc21,,,,,,,,,,,,,,csd_YEGZEQ,6.40466504,6.106894771,-1.112901905,-1.30732246,5.610718566,2.7074,1.1377,0.513734089,0.21596382,0.297770268,0.40071045,0.194420555,0.206289896,-0.961650876,-6.572369442
O=C1C(=CC=C(c2ccccc2)c2ccccc2)Cc2cc(O)ccc21,,,,,,,,,,,,,,csd_SEDJUJ,7.206392613,7.013366914,-0.991620424,-1.212879582,5.913853562,2.8754,1.8674,0.394707616,0.201681917,0.193025699,0.440368889,0.221259159,0.21910973,-1.147504738,-7.0613583
O=C1C(=CC=C(c2ccc(O)cc2)c2ccc(O)cc2)C=C(O)c2ccccc21,,,,,,,,,,,,,,csd_FOLGUK,6.387312058,6.156202644,-1.26914024,-1.436029389,4.896419316,2.4845,1.0778,0.475063424,0.243954011,0.231109413,0.332677052,0.166889149,0.165787904,-1.37961798,-6.276037296
O=C1C(=CC#Cc2ccccc2)CCCC1=Cc1ccco1,,,,,,,,,,,,,,csd_HIRBES,7.452230306,7.339864312,-1.182651663,-1.302753204,5.81643675,2.7466,1.9945,0.253982799,0.141616806,0.112365993,0.242985829,0.120101541,0.122884288,-1.396761162,-7.213197912
O=C1C(=CC#Cc2ccccc2)CCCC1=CC#Cc1ccccc1,,,,,,,,,,,,,,csd_HIQZIT,7.466238544,7.366163423,-1.438492973,-1.543566883,5.6871826,2.6761,1.9402,0.216049836,0.115974715,0.100075121,0.206896737,0.105073909,0.101822827,-1.600846662,-7.288029262
O=C1C(=CC#Cc2ccccc2)CCC1=CC#Cc1ccccc1,,,,,,,,,,,,,,csd_HIQZAL,7.425882024,7.325690329,-1.529614156,-1.627011702,5.546771776,2.5874,1.865,0.203442114,0.103250419,0.100191695,0.192739734,0.097397546,0.095342188,-1.701528842,-7.248300618
O=C1C(=CC#Cc2ccc(Br)cc2)CCCC1=CC#Cc1ccc(Br)cc1,,,,,,,,,,,,,,csd_HIQZOZ,7.517418099,7.418111183,-1.651795655,-1.758017259,5.586228306,2.6654,1.9227,0.207692099,0.108385183,0.099306916,0.209431724,0.106221605,0.103210119,-1.778537104,-7.36476541
O=C1C(=C2Sc3c(Cl)cc(Cl)c(Cl)c3C2=O)Sc2c(Cl)cc(Cl)c(Cl)c21,,,,,,,,,,,,,,csd_KIGZUW,8.220205294,8.072239225,-2.32665062,-2.555502848,6.685296752,2.8872,1.4598,0.304684957,0.156718888,0.147966069,0.459554287,0.228852228,0.230702059,-1.884661564,-8.569958316
O=C1C(=C2SCCS2)Cc2cc3ccccc3c(-c3ccc(Cl)cc3)c21,,,,,,,,,,,,,,csd_HOLZOZ,7.448270938,7.288058378,-0.780584316,-0.942599631,6.77427803,3.1305,2.365,0.313645671,0.153433112,0.16021256,0.318536921,0.162015315,0.156521605,-0.693074358,-7.467352388
O=C1C(=C2Nc3ccccc3S2)C=NN1c1ccccc1,,,,,,,,,,,,,,csd_NUQBIL01,7.249537648,6.984443101,-0.409236326,-0.591829718,6.837952706,3.644,2.3791,0.542233677,0.277139129,0.265094547,0.370198852,0.182593392,0.18760546,-0.409803684,-7.24775639
O=C1C(=C2Nc3ccccc3C2=O)Nc2ccccc21,,,,,,,,,,,,,,csd_INDIGO04,7.00171649,6.899473899,-1.488195248,-1.660005443,4.890160694,2.2758,1.0286,0.219561494,0.117318903,0.102242591,0.348153455,0.171810195,0.17634326,-1.809830214,-6.699990908
O=C1C(=C2Nc3ccccc3C2=Nc2ccccc2)Nc2ccccc21,,,,,,,,,,,,,,csd_HUHMEE,6.707020157,6.525665972,-1.429114972,-1.715170733,5.292889414,2.3497,0.9446,0.332716781,0.151362596,0.181354185,0.551411537,0.286055761,0.265355777,-1.413088002,-6.705977416
O=C1C(=C2Nc3ccc(F)cc3C2=O)Nc2ccc(F)cc21,,,,,,,,,,,,,,csd_MOGSAE,7.212550009,7.074840732,-1.686830604,-1.895640275,5.57969757,2.3628,0.8769,0.291593009,0.153883732,0.137709276,0.423737553,0.208809671,0.214927882,-1.662344426,-7.242041996
O=C1C(=C2C=COC(C=Cc3ccc(N(c4ccccc4)c4ccc(C=CC5=CC(=C6C(=O)c7ccccc7C6=O)C=CO5)cc4)cc3)=C2)C(=O)c2ccccc21,,,,,,,,,,,,,,csd_DEKDIH,6.63939493,6.577598113,-1.689037449,-1.894072627,4.975060262,2.6421,1.7739,0.124921551,0.063124734,0.061796817,0.456122113,0.205035178,0.251086935,-1.703977868,-6.67903813
O=C1C(=C2Nc3ccc(Cl)cc3C2=O)Nc2ccc(Cl)cc21,,,,,,,,,,,,,,csd_MOGSEI,7.149036696,7.052558677,-1.822840529,-1.998006569,4.786757374,2.19,0.9742,0.203435692,0.106957673,0.096478019,0.35467366,0.17516604,0.179507619,-2.10480179,-6.891559164
O=C1C(=C2Nc3ccc(Br)cc3C2=O)Nc2ccc(Br)cc21,,,,,,,,,,,,,,csd_BOSBES,7.259803149,7.139467263,-1.852067205,-2.05099043,5.44908285,2.3583,0.9695,0.25675507,0.136419184,0.120335886,0.402140682,0.198923225,0.203217456,-1.834592588,-7.283675438
O=C1C(=C2Nc3ccc(-c4ccccc4)cc3C2=O)Nc2ccc(-c3ccccc3)cc21,,,,,,,,,,,,,,csd_BOSBIW,6.787408075,6.70324131,-1.684885806,-1.861717184,4.784580462,2.1894,1.0095,0.176724709,0.092557944,0.084166765,0.360280569,0.176831378,0.183449191,-1.86125976,-6.645840222
O=C1C(=C2Nc3cc(F)ccc3C2=O)Nc2cc(F)ccc21,,,,,,,,,,,,,,csd_MOGROR,7.227980233,7.104848104,-1.587397428,-1.779723521,5.01506102,2.3841,1.1467,0.264202558,0.141070428,0.123132129,0.389990519,0.192326093,0.197664426,-1.911328736,-6.926389756
O=C1C(=C2Nc3cc(F)c(F)cc3C2=O)Nc2cc(F)c(F)cc21,,,,,,,,,,,,,,csd_MOGSIM,7.314388673,7.196872433,-1.785150563,-1.980385555,4.897507772,2.279,1.0498,0.24795327,0.13043703,0.11751624,0.394889116,0.195234992,0.199654124,-2.111332526,-7.008840298
O=C1C(=C2Nc3cc(Br)ccc3C2=O)Nc2cc(Br)ccc21,,,,,,,,,,,,,,csd_DBRING01,7.221240513,7.103484813,-1.819473662,-1.989189803,4.921725918,2.3074,1.0766,0.252080151,0.13432445,0.117755701,0.344575509,0.169716141,0.174859368,-2.07214811,-6.993874028
O=C1C(=C2NCCc3ccccc32)N=C2c3ccccc3CCN12,,,,,,,,,,,,,,csd_IWUQAS,6.497532378,6.297812403,-0.513629053,-0.714407279,5.54568332,2.9864,1.7282,0.400359968,0.200639993,0.199719975,0.401673734,0.200778226,0.200895508,-0.687359964,-6.233043284
O=C1C(=C2NCCc3ccccc32)C=NN1c1ccccc1,,,,,,,,,,,,,,csd_TAKNAV,7.026804421,6.791895942,-0.679533394,-0.959063072,5.776708106,3.0592,2.0834,0.489064587,0.254156109,0.234908479,0.577920938,0.279529678,0.29839126,-0.943147124,-6.71985523
O=C1C(=C2CSC=NN2)C(c2ccccc2)=NN1c1ccccc1,,,,,,,,,,,,,,csd_XAGKIA,7.172269245,6.949333048,-0.941467636,-1.161489221,5.736979462,2.9865,1.9774,0.45567122,0.232735022,0.222936197,0.453043687,0.220021584,0.233022103,-1.226689912,-6.963669374
O=C1C(=C2CSC(Nc3ccccc3)=NN2)C=NN1c1ccccc1,,,,,,,,,,,,,,csd_FAZTAC,7.170693433,6.810760626,-0.63534891,-1.046870178,6.7620329,3.4125,2.0987,0.667254549,0.307321742,0.359932807,0.775241085,0.411521268,0.363719818,-0.48844463,-7.25047753
O=C1C(=C2CCc3ccc(Br)cc32)Sc2cccc(Br)c21,,,,,,,,,,,,,,csd_NIFNIC,7.387896733,7.280012511,-1.296899406,-1.406904211,5.622147354,2.8293,1.8009,0.22360587,0.115721649,0.107884221,0.220622684,0.110004806,0.110617879,-1.516491322,-7.138638676
O=C1C(=C2C=Cc3cccc(O)c3O2)C=NN1c1ccccc1,,,,,,,,,,,,,,csd_WUFDIM,6.882838727,6.681808795,-1.22716339,-1.443334562,4.807165924,2.3966,1.5132,0.410380838,0.209350906,0.201029932,0.431623417,0.216171171,0.215452246,-1.669691504,-6.476857428
O=C1C(=C(Nc2ccccc2NC(=C2C=NN(c3ccccc3)C2=O)c2ccccc2)c2ccccc2)C=NN1c1ccccc1,,,,,,,,,,,,,,csd_FIYGAX,6.765725759,6.644539517,-1.17501628,-1.50549193,5.05315698,2.8219,2.0343,0.251359321,0.130173079,0.121186242,0.675379873,0.33047565,0.344904223,-1.428054272,-6.481211252
O=C1C(=C(Nc2ccccc2N=CC=Cc2ccccc2)c2ccccc2)C=NN1c1ccccc1,,,,,,,,,,,,,,csd_FIYFUQ,6.72346455,6.519782051,-1.138963896,-1.416181938,5.339148794,2.8346,1.9632,0.471483492,0.267800993,0.203682499,0.535030003,0.277218042,0.25781196,-1.264513758,-6.603662552
O=C1C(=C(Nc2ccccc2Cl)c2ccccc2)C=NN1c1ccccc1,,,,,,,,,,,,,,csd_PAWXAO,7.214053711,6.947106611,-0.809523095,-1.272437718,6.561484882,3.4104,2.1724,0.552792516,0.285845417,0.266947099,0.873746353,0.462914622,0.410831731,-0.691985902,-7.253470784
O=C(c1ccncc1)c1cccnc1,,,,,,,,,,,,,,csd_GIQMEB,9.645855928,9.224174822,-0.677292181,-0.974902039,9.113914202,3.6959,3.0159,0.927831269,0.506150163,0.421681106,0.578284972,0.297609857,0.280675115,-0.494975366,-9.608889568
O=C(c1cnn(-c2ccccc2)c1)c1ccccc1Cl,,,,,,,,,,,,,,csd_REYBOP,8.275610153,8.011034255,-0.282851346,-0.612837463,7.199592212,3.5871,2.9992,0.637514938,0.37293904,0.264575898,0.591582367,0.329986117,0.26159625,-0.648447662,-7.848039874
O=C(c1cnn(-c2ccccc2)c1)c1ccc(Cl)cc1Cl,,,,,,,,,,,,,,csd_ZUBDUX,8.92837572,8.523965608,-0.299918064,-0.645321888,8.701389378,3.7761,3.1365,0.962896886,0.558486774,0.404410112,0.645911287,0.345403824,0.300507463,-0.15102327,-8.852412648
O=C(c1cnc2ccnn2c1)c1ccccc1O,,,,,,,,,,,,,,csd_XEGJEY01,8.262501551,8.088837308,-0.975878982,-1.251909193,6.446652774,3.4094,2.6619,0.736942808,0.563278565,0.173664243,0.562900272,0.27603021,0.286870062,-1.358937316,-7.80559009
O=C(c1cnc2ccccc2c1-c1ccccc1)c1cccc2ccccc12,,,,,,,,,,,,,,csd_TEDPAV,7.776946826,7.665358317,-0.904451969,-1.062785582,6.476041086,3.1886,2.4707,0.234479273,0.122890764,0.111588509,0.321553576,0.158333613,0.163219964,-1.079204124,-7.55524521
O=C(c1cnc2ccccc2c1)c1cnc2ccccc2c1,,,,,,,,,,,,,,csd_REBNUJ,8.50293906,8.085446441,-1.064145254,-1.246022333,6.46406807,3.1011,2.6277,0.596699607,0.179206988,0.417492619,0.366000323,0.181877079,0.184123244,-1.343154704,-7.807222774
O=C(c1cnc2cc(-c3ccccc3)nn2c1)c1ccccc1O,,,,,,,,,,,,,,csd_GURHAC,8.539217053,8.03167002,-1.038588933,-1.346042106,7.234967032,3.6935,2.8214,0.693992743,0.18644571,0.507547033,0.622649894,0.307453173,0.315196721,-0.979066172,-8.214033204
O=C(c1cnc(-c2ccccc2)o1)c1nc2ccccc2nc1N1CCCCC1,,,,,,,,,,,,,,csd_LOCNEZ,7.573154665,7.401337532,-0.958186048,-1.433105524,7.565041314,3.3924,2.5507,0.328712351,0.156895218,0.171817133,0.795261056,0.474919476,0.320341581,-0.524091564,-8.089132878
O=C(c1cn[nH]c1)n1cccn1,,,,,,,,,,,,,,csd_NACFIH,9.610750039,9.234065458,0.249863973,0.069620802,9.873112262,4.7173,3.8072,0.824567734,0.447883154,0.37668458,0.3694353,0.180243171,0.189192129,0.305584022,-9.56752824
O=C(c1ccsc1I)c1ccsc1I,,,,,,,,,,,,,,csd_ULIDEZ,8.653231459,8.575048208,-0.392456961,-0.595761221,8.409955284,3.5841,2.9352,0.157674008,0.079490758,0.07818325,0.381751996,0.203304261,0.178447735,-0.204357614,-8.614312898
O=C(c1ccsc1)c1ccsc1,,,,,,,,,,,,,,csd_DTHKET,9.132608162,9.076723837,-0.034920118,-0.319937491,7.232518006,3.5422,2.9513,0.111424152,0.055539828,0.055884324,0.517185855,0.285017374,0.232168481,-0.59320852,-7.825726526
O=C(c1ccsc1)c1cccs1,,,,,,,,,,,,,,csd_PEZYAX,8.561515435,8.301978816,-0.318004938,-0.494980808,7.018364288,3.376,2.8055,0.709351945,0.449815327,0.259536619,0.336053443,0.176975871,0.159077572,-0.843825514,-7.862189802
O=C(c1ccsc1)c1cc(Br)c(C(=O)c2ccsc2)cc1Br,,,,,,,,,,,,,,csd_RANVAG,8.537703283,8.100943442,-0.865390821,-1.362710449,6.879586148,3.478,2.8946,0.713907406,0.277147565,0.436759841,0.88483255,0.497319628,0.387512921,-1.112129918,-7.991716066
O=C(c1ccncc1)c1ccccn1,,,,,,,,,,,,,,csd_FEPBEJ,9.881400827,9.388947931,-0.715412659,-1.069111225,10.02903358,3.7924,2.74,0.983637197,0.491184301,0.492452896,0.634454172,0.353698566,0.280755606,-0.19592208,-10.22495566
O=C(c1cnn(C(=O)c2cccc3ccccc23)c1)c1cc(Cl)cc(Cl)c1O,,,,,,,,,,,,,,csd_ZOXJED,8.003550032,7.709775485,-1.356008553,-1.555326344,6.020250136,3.1501,2.4345,0.84631835,0.552543804,0.293774547,0.417678391,0.199317791,0.2183606,-1.5782612,-7.598511336
O=C(c1ccncc1)c1ccc(Cl)cc1,,,,,,,,,,,,,,csd_CEYWOS,9.339891545,9.056712574,-0.662745076,-0.964424806,8.916087324,3.6975,2.9591,0.699575434,0.416396462,0.283178972,0.584018686,0.30167973,0.282338956,-0.488172516,-9.40425984
O=C(c1ccncc1)c1cc(-n2c3ccccc3c3ccccc32)cc(-n2c3ccccc3c3ccccc32)c1,,,,,,,,,,,,,,csd_XAFBIS,7.423485162,7.347323175,-1.125354931,-1.40213623,6.453727738,3.4527,2.8406,0.153000178,0.076838191,0.076161987,0.533704263,0.276781299,0.256922964,-1.071584932,-7.52531267
O=C(c1ccncc1)N1CCC(c2ccc(Cl)cc2)=N1,,,,,,,,,,,,,,csd_HIWSEN,7.785345625,7.522997796,-0.637776167,-0.870051317,6.482843936,3.8252,2.4414,0.55946067,0.297112841,0.262347829,0.39530028,0.23227515,0.16302513,-0.92246646,-7.405310396
O=C(c1ccn[nH]1)c1ccccc1O,,,,,,,,,,,,,,csd_DOHJAO,8.56965431,8.255665068,-0.720614526,-0.987197102,8.04368984,3.9348,2.9085,0.969459976,0.655470734,0.313989243,0.518431212,0.266582575,0.251848636,-0.602188282,-8.645878122
O=C(c1ccn[nH]1)c1ccc(Br)cc1F,,,,,,,,,,,,,,csd_XEDJIC,8.886679964,8.613541999,-0.646202994,-0.920982078,7.17700675,3.5379,2.9725,0.6887921,0.415654135,0.273137965,0.520494489,0.274779085,0.245715405,-1.148593194,-8.325599944
O=C(c1cccs1)c1n[nH]nc1-c1ccc(O)cc1,,,,,,,,,,,,,,csd_UFEXUB,7.676502474,7.482139879,-0.516535502,-0.720665357,6.211546278,3.4574,2.8383,0.391775859,0.197413265,0.194362595,0.373745858,0.204129855,0.169616003,-0.952943228,-7.164489506
O=C(c1cccs1)c1cnn(-c2ccccc2)c1O,,,,,,,,,,,,,,csd_OBAQOZ,8.165456773,7.914966584,-0.415561888,-0.753704623,6.897273558,3.4577,2.8986,0.487380664,0.236890475,0.250490189,0.734181532,0.338142734,0.396038797,-0.865050406,-7.762323964
O=C(c1cccs1)c1cnc2c(cnn2-c2ccccc2)c1-c1ccccc1O,,,,,,,,,,,,,,csd_WOPJOC,7.589644501,7.444029225,-0.759250034,-0.971906581,6.39331843,3.367,2.8379,0.308346523,0.162731247,0.145615276,0.440803455,0.212656547,0.228146908,-0.95648071,-7.34979914
O=C(c1cccs1)c1cc2ccccc2cc1C(=O)c1cccs1,,,,,,,,,,,,,,csd_LOJCET,8.021641531,7.775392239,-0.678662656,-1.07280754,6.877137122,3.4266,2.6895,0.529500646,0.283251354,0.246249292,0.785003175,0.394144884,0.390858291,-0.8571591,-7.734296222
O=C(c1cccs1)c1cc2cc(O)ccc2nc1-c1ccccc1,,,,,,,,,,,,,,csd_WEZLEV,7.808688652,7.561527234,-0.563551359,-0.889210864,7.278777386,3.6107,2.6939,0.491110259,0.24394884,0.247161418,0.658558058,0.325659504,0.332898553,-0.52926173,-7.808039116
O=C(c1cccs1)c1c(O)c2ccccn2c1-c1cccs1,,,,,,,,,,,,,,csd_OCARIW,6.528783038,6.315012184,-0.671459799,-0.86866544,5.25860305,2.4121,1.7597,0.431852809,0.218081956,0.213770854,0.39995479,0.197205642,0.202749148,-0.963555674,-6.222158724
O=C(c1cccs1)c1c(O)c2ccccn2c1-c1ccccc1,,,,,,,,,,,,,,csd_FELHIP,6.474286767,6.258513971,-0.635237344,-0.858660897,5.24635792,2.3895,1.7537,0.449676821,0.233904024,0.215772796,0.446228048,0.223423554,0.222804494,-0.92246646,-6.16882438
O=C(c1cnn(-c2ccccc2)n1)c1conc1-c1ccc(O)cc1,,,,,,,,,,,,,,csd_AWEMOF,7.859821866,7.615303491,-0.788825016,-1.062045976,6.157667706,3.5084,2.9991,0.472669365,0.22815099,0.244518375,0.513133261,0.27322096,0.239912301,-1.143967256,-7.301634962
O=C(c1csc(-c2ccc(O)cc2)n1)N1CCCCC1,,,,,,,,,,,,,,csd_FILNEW,7.879607003,7.581666935,0.059428337,-0.187484641,8.055118628,4.4223,2.7724,0.644672897,0.346732829,0.297940068,0.486785007,0.246912978,0.239872028,0.16462897,-7.890489658
O=C1C(=C(Nc2ccccc2)c2ccccc2)c2nc3ccccc3nc2-c2ccccc21,,,,,,,,,,,,,,csd_AYELAS,7.13818479,6.997684985,-0.796893196,-1.031361041,6.74162435,3.2263,2.3693,0.295899757,0.155399952,0.140499805,0.556580615,0.234467844,0.322112771,-0.633209278,-7.374833628
O=C1C(=C(Nc2ccc(Cl)cc2)c2ccccc2)C=NN1c1ccccc1,,,,,,,,,,,,,,csd_HUGRUX,7.155485798,6.924125223,-0.930685119,-1.336466958,5.869226866,3.1279,2.1159,0.484429044,0.253068469,0.231360575,0.77735405,0.405781839,0.371572211,-1.063693626,-6.932920492
O=C1C(=C(Nc2ccccc2)c2ccccc2)C=NN1c1ccccc1,,,,,,,,,,,,,,csd_CEGXAP,7.092051943,6.859961558,-0.794851797,-1.210026739,5.910588194,3.1564,2.1344,0.485177901,0.253087517,0.232090384,0.790965737,0.415174942,0.375790795,-0.944779808,-6.855368002
O=C1C(=C(Nc2ccccc2)c2ccccc2)C(c2ccccc2)=NN1c1ccccc1,,,,,,,,,,,,,,csd_BUJNIE,7.081820456,6.781732593,-0.72320663,-1.173728636,6.820809524,3.5413,2.2786,0.627470666,0.327382802,0.300087863,0.875908843,0.450522007,0.425386836,-0.466403396,-7.28721292
O=C1C(=C(Nc2cccc3cccnc23)c2ccccc2)C=NN1c1ccccc1,,,,,,,,,,,,,,csd_PIDYAD,6.870607202,6.636713518,-1.033020664,-1.280561681,5.546499662,2.9423,1.9227,0.49795828,0.264064596,0.233893684,0.523935371,0.247541017,0.276394353,-1.141790344,-6.688290006
O=C1C(=C(Nc2cccc3ccccc23)c2ccco2)C=NN1c1ccccc1,,,,,,,,,,,,,,csd_MUBNUT,7.030933234,6.765415821,-1.052160074,-1.388201,5.652352008,2.9553,1.9714,0.555162901,0.289645489,0.265517412,0.616740122,0.336040926,0.280699197,-1.17825362,-6.830605628
O=C1C(=C(Nc2cccc3ccccc23)c2ccccc2)C=NN1c1ccccc1,,,,,,,,,,,,,,csd_CATMIV,7.057760953,6.838402238,-0.926793073,-1.285495652,5.847185632,3.1414,2.1199,0.480736185,0.26137747,0.219358715,0.698755554,0.35870258,0.340052974,-1.017434246,-6.864619878
O=C1C(=C(Nc2cccc3ccccc23)c2ccccc2)C=NN1c1cccc(Cl)c1,,,,,,,,,,,,,,csd_CATMAN,7.166900708,6.960061414,-1.017288121,-1.380337722,5.892900784,3.1883,2.1412,0.46367763,0.256838336,0.206839294,0.706593798,0.363049601,0.343544197,-1.100973244,-6.993874028
O=C1C(=C(Nc2cccc3ccccc23)c2ccccc2)C=NN1c1ccc(Cl)c(Cl)c1,,,,,,,,,,,,,,csd_WOJCEF,7.187093472,6.973147377,-1.082101594,-1.448396426,5.863240358,3.1901,2.1529,0.462566316,0.248620221,0.213946095,0.71138246,0.366294832,0.345087628,-1.157300842,-7.0205412
O=C1C(=C(Nc2cccc(O)c2)c2ccccc2)C=NN1c1ccccc1,,,,,,,,,,,,,,csd_WOYNAB,7.099338067,6.864167625,-0.797086125,-1.215320989,5.924738122,3.1668,2.1428,0.494836044,0.259665601,0.235170443,0.803149913,0.418234864,0.384915049,-0.941242326,-6.865980448
O=C1C(=C(Nc2ccc3c(c2)Cc2ccccc2-3)c2ccccc2)C=NN1c1ccccc1,,,,,,,,,,,,,,csd_IXARUU,6.95993978,6.763300679,-0.903353173,-1.277803262,5.817253092,3.1276,2.1155,0.437063792,0.240424692,0.1966391,0.73590102,0.374450089,0.361450931,-0.973351778,-6.79060487
O=C1C(=C(Nc2ccc(O)cc2)c2ccccc2)C=NN1c1ccccc1,,,,,,,,,,,,,,csd_WAJWAG,6.971460542,6.754426497,-0.66750571,-1.104454943,5.920384298,3.1782,2.1484,0.462645774,0.245611729,0.217034045,0.833291709,0.436949232,0.396342477,-0.818518912,-6.73890321
O=C1C(=C(Nc2ccc(I)cc2)c2ccccc2)C=NN1c1ccccc1,,,,,,,,,,,,,,csd_YEJCIB,7.156426224,6.927167458,-0.99112953,-1.384465691,5.848546202,3.114,2.1088,0.48317868,0.253919914,0.229258766,0.756670937,0.393336161,0.363334776,-1.099612674,-6.948158876
O=C1C(=C(Nc2ccc(F)cc2)c2ccccc2)C=NN1c1ccccc1,,,,,,,,,,,,,,csd_HAWTUV,7.131093771,6.899423531,-0.829372995,-1.258122616,5.906778598,3.1536,2.1361,0.483174054,0.251503814,0.23167024,0.81434686,0.428749621,0.385597239,-0.985324794,-6.892103392
O=C1C(=C(Nc2ccc(C=NO)cc2)c2ccccc2)C=NN1c1ccccc1,,,,,,,,,,,,,,csd_RUGSAO,7.04902691,6.830731889,-0.978646028,-1.336427774,5.755483214,3.1006,2.0768,0.468920995,0.250625974,0.218295021,0.706581009,0.357781746,0.348799263,-1.093354052,-6.848837266
O=C(c1nc(-c2ccccc2)c(-c2ccccc2)[nH]1)c1nc(-c2ccccc2)c(-c2ccccc2)[nH]1,,,,,,,,,,,,,,csd_MASVEK,7.658052872,7.502819183,-0.752121191,-0.999636358,7.794433416,4.003,2.8279,0.312442111,0.157208421,0.15523369,0.489844657,0.247515167,0.24232949,-0.213881604,-8.00831502
O=C1C(=C(Nc2c[nH]n(-c3ccccc3)c2=O)c2ccccc2)C=NN1c1ccccc1,,,,,,,,,,,,,,csd_RACCAA,6.947141442,6.67934834,-0.661253347,-1.000741413,5.966371564,3.2089,2.195,0.568857854,0.301064753,0.267793102,0.68793222,0.339488066,0.348444154,-0.769266278,-6.735637842
O=C1C(=C(C=CC=C2Cc3ccccc3N2)C=CC=C2Cc3ccccc3N2)C(=O)c2cc(Cl)c(Cl)cc21,,,,,,,,,,,,,,csd_KAKREW,6.354246941,6.229485121,-1.50044231,-1.674382205,4.795465022,2.4652,1.5213,0.26425181,0.13948999,0.12476182,0.359861241,0.173939895,0.185921346,-1.513498068,-6.30896309
O=C1C#Cc2ccccc2C=CC(=O)C#Cc2ccccc2C=C1,,,,,,,,,,,,,,csd_ZZBHAN,8.337952015,8.115880514,-0.966015666,-1.264403497,7.411841132,3.3174,2.6885,0.485420273,0.263348773,0.222071501,0.536223141,0.298387831,0.23783531,-0.92654817,-8.338389302
O=C(c1scc2c(-c3ccccc3)c(-c3ccccc3)c(-c3ccccc3)c(-c3ccccc3)c12)N1CCCC1,,,,,,,,,,,,,,csd_UJIKAB,6.738401976,6.595724987,-0.592483064,-0.834330096,6.03684909,3.2411,1.9142,0.293041744,0.150364754,0.142676989,0.467249671,0.241847032,0.225402639,-0.649264004,-6.686113094
O=C(c1nnsc1-c1cc2cnnc(C(=O)N3CCCC3)c2s1)N1CCCC1,,,,,,,,,,,,,,csd_IHOLOI,7.970815534,7.593483486,-1.220538231,-1.52519516,5.905690142,2.7612,2.3903,0.881780519,0.504448471,0.377332048,0.568403424,0.30465693,0.263746495,-1.487919352,-7.393609494
O=C(c1ncc[nH]1)c1ncc[nH]1,,,,,,,,,,,,,,csd_CERHEN,8.624365986,8.466353278,-0.208280709,-0.421748291,7.948994168,3.7597,3.1515,0.315377541,0.157364832,0.158012709,0.434522193,0.213467583,0.221054611,-0.4217767,-8.370770868
O=C(c1ncc(-c2ccccc2F)s1)c1ccccc1F,,,,,,,,,,,,,,csd_HERKEX,8.15501848,7.903959573,-0.999826838,-1.197430582,6.457809448,3.221,2.5005,0.539822202,0.288763295,0.251058907,0.373103397,0.197603745,0.175499652,-1.338528766,-7.796338214
O=C(c1ncc(-c2c[nH]c3ccccc23)[nH]1)c1c[nH]c2ccccc12,,,,,,,,,,,,,,csd_IFOMAU,6.96127205,6.769911417,-0.085799993,-0.260044111,6.34297734,3.5698,2.7565,0.378564997,0.187204364,0.191360633,0.341755864,0.174244118,0.167511746,-0.368170242,-6.711147582
O=C(c1nc2ccccc2c2ccccc12)n1c2ccccc2c2ccccc21,,,,,,,,,,,,,,csd_LIFKUJ,7.645626242,7.358757405,-0.808256949,-1.360403194,6.397672254,3.4852,2.769,0.672977651,0.386108813,0.286868837,0.973405657,0.552146245,0.421259411,-0.996209354,-7.393881608
O=C(c1nc2ccccc2c(=O)[nH]1)c1ccccc1O,,,,,,,,,,,,,,csd_DOPCAO,8.201134619,8.095991266,-1.483860418,-1.735067872,5.97562344,3.0397,2.281,0.240287465,0.135144112,0.105143353,0.497035759,0.251207454,0.245828305,-1.823435914,-7.799059354
O=C(c1nc2c(s1)-c1sc(C(=O)c3c(F)c(F)c(F)c(F)c3F)nc1CC2)c1c(F)c(F)c(F)c(F)c1F,,,,,,,,,,,,,,csd_LEVFEZ,8.718493103,8.385447337,-1.839909968,-2.293728091,8.340566214,3.9618,1.7098,0.675760016,0.342714249,0.333045767,0.92009798,0.453818123,0.466279856,-1.240295612,-9.580861826
O=C(c1nc(-c2ccccc2)oc1-c1ccccc1)N1CCCC1,,,,,,,,,,,,,,csd_DIZYUI,7.351230188,7.185067583,-0.298928114,-0.500783639,6.602574096,3.8753,2.6404,0.362689322,0.196526717,0.166162605,0.377757635,0.201855526,0.175902109,-0.523003108,-7.125577204
O=C1C(=CC=C2Cc3ccccc3N2)C(=O)C(=CC=C2Cc3ccccc3N2)C(=O)C1=CC=C1Cc2ccccc2N1,,,,,,,,,,,,,,csd_IGESEU,6.146461779,6.009948988,-1.099834447,-1.187972988,5.106491324,2.3262,1.7251,0.292690172,0.156177381,0.136512791,0.17688444,0.088138541,0.088745899,-1.043285076,-6.1497764
O=C1C(=CC=C2Cc3ccccc3N2)C(=O)c2ccccc21,,,,,,,,,,,,,,csd_GUBCAJ,7.287371889,7.091844565,-0.897811163,-1.200877586,8.0001516,3.7613,1.6132,0.427532918,0.232005594,0.195527324,0.626040788,0.303066423,0.322974365,-0.142315622,-8.142467222
O=C1C(=CC=C2Cc3ccccc3N2)C=Nc2ccccc21,,,,,,,,,,,,,,csd_FALNAI,7.088383819,6.890380611,-1.245134996,-1.494160613,6.876592894,3.2195,1.3909,0.451368717,0.253365509,0.198003208,0.511523163,0.249025617,0.262497546,-0.718925188,-7.595518082
O=C1C(=Cc2ccc(F)cc2)CNCC1=Cc1cc(O)c(O)c(O)c1,,,,,,,,,,,,,,csd_ZEWCOW,7.192093839,6.979380692,-0.83527025,-0.99408115,5.73480255,2.934,2.2158,0.432377989,0.219664843,0.212713146,0.309089939,0.158810901,0.150279038,-1.066958994,-6.801761544
O=C1C(=Cc2ccc(O)c(O)c2)Cc2ccccc21,,,,,,,,,,,,,,csd_LOLYOA,7.423435501,7.249171274,-0.654240071,-0.795209736,6.01099826,3.0044,2.2496,0.352963532,0.178699305,0.174264227,0.287411786,0.140969665,0.146442122,-0.978521944,-6.989520204
O=C1C(=Cc2ccc(O)c(O)c2)Cc2cc(O)c(O)cc21,,,,,,,,,,,,,,csd_VABMAO,7.243388661,7.091659119,-0.475178419,-0.653068947,6.08991132,3.0951,2.3139,0.316225856,0.164496314,0.151729542,0.361583723,0.177890527,0.183693195,-0.77824604,-6.86815736
O=C1C(=Cc2ccc(O)c(O)c2)COc2ccccc21,,,,,,,,,,,,,,csd_HOBNAQ,7.504247563,7.306159456,-0.671199739,-0.847924857,6.121748658,3.1085,2.3783,0.392512309,0.194424201,0.198088107,0.35391653,0.176725118,0.177191412,-0.990767074,-7.112515732
O=C1C(=Cc2ccc(O)c(O)c2)CCc2cc(O)ccc21,,,,,,,,,,,,,,csd_TANFUM,7.291556132,7.08962338,-0.417862449,-0.614916387,6.172089748,3.1147,2.3855,0.410142031,0.208209279,0.201932752,0.389584906,0.197053938,0.192530968,-0.716204048,-6.888293796
O=C1C(=Cc2ccc(O)c(O)c2)CCc2c1[nH]c1ccccc21,,,,,,,,,,,,,,csd_GOJWAE,7.437771147,7.22535134,-0.525461658,-0.740992817,7.006119158,3.5068,2.4651,0.435347569,0.222927762,0.212419808,0.431551851,0.215531159,0.216020692,-0.426674752,-7.43279391
O=C1C(=Cc2ccc(N3CCCCC3)cc2)Cc2ccccc21,,,,,,,,,,,,,,csd_VABMIW,6.846144725,6.614581643,-0.563726438,-0.749967844,5.753306302,3.0105,2.1762,0.367453929,0.135890847,0.231563082,0.383500927,0.186241407,0.19725952,-0.816886228,-6.57019253
O=C1C(=Cc2ccc(N(c3ccccc3)c3ccccc3)cc2)N=CN1c1ccccc1,,,,,,,,,,,,,,csd_ROXYIO,6.610134239,6.508879531,-0.986410801,-1.293976901,5.604459944,3.0368,1.7093,0.233961985,0.132707277,0.101254708,0.582880977,0.3075661,0.275314877,-1.02314864,-6.627608584
O=C1C(=Cc2ccc(N(c3ccccc3)c3ccccc3)cc2)N=C(c2ccccc2)N1c1ccccc1,,,,,,,,,,,,,,csd_IPEHOB,6.571264387,6.40437551,-1.073420341,-1.369525,5.978888808,3.0917,1.6188,0.403681663,0.236792786,0.166888877,0.563764697,0.296104659,0.267660038,-0.830491928,-6.809380736
O=C1C(=Cc2ccc(N(c3ccccc3)c3ccccc3)cc2)C=NN1c1ccccc1,,,,,,,,,,,,,,csd_WOLZUT,6.791916187,6.687793126,-1.316777606,-1.618969454,5.233840676,2.7017,1.6594,0.359556745,0.255433684,0.104123062,0.591102902,0.302191849,0.288911053,-1.462884864,-6.69672554
O=C1C(=Cc2ccc(F)cc2Br)Cc2ccccc21,,,,,,,,,,,,,,csd_GEZVOZ,8.100169278,7.921245615,-0.987539802,-1.140758488,6.460530588,2.9273,2.3634,0.358469378,0.179545715,0.178923663,0.313032871,0.153218686,0.159814185,-1.297711666,-7.758242254
O=C1C(=Cc2ccc(F)cc2)SCSC1=Cc1ccc(F)cc1,,,,,,,,,,,,,,csd_UPUMEZ,7.322629918,7.145922079,-1.230598013,-1.367920071,5.632215572,2.7689,1.9286,0.340821969,0.16411413,0.176707838,0.261157874,0.137322058,0.123835816,-1.456354128,-7.0885697
O=C1C(=Cc2ccc(F)cc2)COc2ccccc21,,,,,,,,,,,,,,csd_NAMZOS,8.256158955,7.99465555,-0.747712482,-0.985703305,7.441501558,3.3342,2.595,0.441183381,0.179679976,0.261503404,0.469839053,0.237990823,0.23184823,-0.7483135,-8.189815058
O=C1C(=Cc2ccc(F)cc2)CCCC1=Cc1ccc(F)cc1,,,,,,,,,,,,,,csd_NAVJEC,7.766617923,7.571847157,-0.976420952,-1.112145973,6.297262188,2.8669,2.373,0.417722201,0.222951436,0.194770766,0.262290412,0.135725021,0.126565392,-1.222608202,-7.51987039
O=C1C(=Cc2ccc(O)cc2)CCCC1=Cc1ccc(O)c(O)c1,,,,,,,,,,,,,,csd_GESWOR,7.125958708,6.960918846,-0.683729963,-0.815816548,5.9184795,2.8932,2.2854,0.357430719,0.192390857,0.165039862,0.258993751,0.132086585,0.126907167,-0.901241568,-6.819721068
O=C1C(=Cc2ccc(Cl)cc2Cl)CCc2ccccc21,,,,,,,,,,,,,,csd_MIYLAH,8.327886518,8.029037045,-0.77331098,-1.076146651,7.633886156,3.2643,2.5906,0.588242712,0.289393239,0.298849473,0.572150978,0.302835671,0.269315308,-0.721374214,-8.35526037
O=C1C(=Cc2ccc(Cl)cc2Cl)CCCC1=Cc1ccc(Cl)cc1Cl,,,,,,,,,,,,,,csd_MODSUU07,7.883555377,7.688964479,-1.248695499,-1.423078395,6.234675968,2.8135,2.3564,0.407188396,0.212597498,0.194590898,0.323825184,0.174382896,0.149442288,-1.444108998,-7.678784966
O=C1C(=Cc2ccc(Cl)cc2)SC(=S)N1c1ccccc1O,,,,,,,,,,,,,,csd_NUCLUU,7.706799647,7.572927178,-1.22601643,-1.418004286,5.891812328,2.7489,2.0045,0.281473633,0.147601164,0.133872469,0.388160825,0.191987856,0.196172969,-1.504246192,-7.39605852
O=C1C(=Cc2ccc(Cl)cc2)Cc2ccccc21,,,,,,,,,,,,,,csd_AXAREX,8.254272334,8.052931376,-0.864731761,-1.043507393,7.482318658,3.254,2.3774,0.40803195,0.206690992,0.201340958,0.367255123,0.178775633,0.18847949,-0.808722808,-8.291041466
O=C1C(=Cc2ccc(Cl)cc2)COc2ccc(Cl)cc21,,,,,,,,,,,,,,csd_ZICROU,8.731321102,8.339648918,-0.93638237,-1.311524173,9.130241042,4.0026,2.0757,0.763597055,0.371924871,0.391672184,0.744996158,0.375141803,0.369854356,-0.278644736,-9.408885778
O=C1C(=Cc2ccc(Cl)cc2)CNCC1=Cc1ccco1,,,,,,,,,,,,,,csd_NOKHON,7.611126269,7.262757218,-0.970745198,-1.110790029,6.005283866,2.8616,2.0746,0.693669471,0.345300421,0.34836905,0.270951529,0.140044831,0.130906698,-1.22315243,-7.228436296
O=C1C(=Cc2ccc(Cl)cc2)CNCC1=Cc1ccc(Cl)cc1,,,,,,,,,,,,,,csd_CIDFEB,7.825833739,7.667267741,-1.129363714,-1.279819898,6.150592742,2.8962,2.3698,0.34965615,0.191090152,0.158565998,0.287011697,0.150456184,0.136555513,-1.345331616,-7.495924358
O=C1C(=Cc2ccc(Cl)cc2)CCc2ccccc21,,,,,,,,,,,,,,csd_CBZYTO01,7.97839146,7.770223706,-0.831524601,-1.025097793,6.491551584,3.0273,2.442,0.439777857,0.231610103,0.208167754,0.370587159,0.193573192,0.177013967,-1.13607595,-7.627627534
O=C1C(=Cc2ccc(Cl)cc2)CCCC1=Cc1ccc(Cl)cc1,,,,,,,,,,,,,,csd_LEBPAK01,7.791395807,7.614650962,-1.149383413,-1.285397419,6.216172216,2.8426,2.3455,0.381535665,0.204790819,0.176744846,0.25972601,0.136014006,0.123712004,-1.35784886,-7.574021076
O=C1C(=Cc2ccc(Cl)cc2)C(c2ccccc2)=NN1c1ccccc1,,,,,,,,,,,,,,csd_PCBZPO10,7.272335087,7.05777864,-1.575811902,-1.769923607,5.339420908,2.5313,1.6968,0.438263543,0.223707096,0.214556447,0.388858525,0.194111706,0.19474682,-1.773639052,-7.11305996
O=C1C(=Cc2ccc(Cl)cc2)C(=O)c2ccccc21,,,,,,,,,,,,,,csd_XICLIH,8.294037985,8.123531353,-1.474916112,-1.623463145,6.113585238,2.6547,2.2838,0.323850763,0.15334413,0.170506632,0.303579358,0.148547033,0.155032326,-1.748604564,-7.862189802
O=C1C(=Cc2ccc(Cl)c(Cl)c2)COc2ccccc21,,,,,,,,,,,,,,csd_SECBAF,8.061230036,7.86313948,-1.084060815,-1.305451132,6.358215724,3.0532,2.4825,0.343994002,0.145903445,0.198090556,0.425728612,0.221390318,0.204338294,-1.373359358,-7.731575082
O=C1C(=Cc2ccc(O)c(O)c2)N=CN1c1ccccc1,,,,,,,,,,,,,,csd_MOCGOD,7.363030493,7.111714193,-0.786665819,-1.025965673,6.666520886,3.5514,1.737,0.517552773,0.266236474,0.2513163,0.471023865,0.239299854,0.23172401,-0.699060866,-7.365581752
O=C1C(=Cc2ccc(O)cc2)CCCC1=Cc1ccc(O)cc1,,,,,,,,,,,,,,csd_ODATOD,7.553343569,7.298013179,-0.583019238,-0.734717297,7.06544001,3.1423,2.3765,0.529680377,0.274349988,0.255330389,0.295692705,0.151698058,0.143994647,-0.477832184,-7.543272194
O=C1C(=Cc2ccc(Br)cc2)COc2ccccc21,,,,,,,,,,,,,,csd_NAMYUX,7.97178562,7.774576713,-0.992402751,-1.198793329,6.36610703,3.0637,2.4804,0.341934915,0.144726008,0.197208907,0.396423839,0.206390578,0.190033261,-1.287643448,-7.653750478
O=C1C(=Cc2ccc(O)cc2O)Oc2ccccc21,,,,,,,,,,,,,,csd_ERIZAH,7.338563771,7.079177332,-0.686990161,-0.831306148,6.630329724,3.2583,1.9568,0.533221315,0.273834876,0.259386439,0.29253221,0.144315986,0.148216224,-0.697700296,-7.32803002
O=C1C(=Cc2cccc(F)c2)COc2ccccc21,,,,,,,,,,,,,,csd_NAMYOR,8.406879416,8.138563665,-0.782031608,-1.077938984,7.772664296,3.4117,2.6514,0.510594383,0.242278632,0.268315751,0.571548844,0.295907376,0.275641468,-0.674298492,-8.446962788
O=C1C(=Cc2cccc(Cl)c2)Cc2cc(O)c(O)cc21,,,,,,,,,,,,,,csd_VABKAM,8.190755756,7.884343691,-0.693773147,-1.000282628,8.670640496,3.8806,2.0245,0.618152666,0.311740601,0.306412065,0.630306094,0.306509482,0.323796612,-0.135784886,-8.806425382
O=C1C(=Cc2cccc(Cl)c2)CC2Cc3ccccc3N12,,,,,,,,,,,,,,csd_GEGTES,7.664680481,7.421577915,-0.462710537,-0.796335907,7.35660199,4.0241,2.5468,0.525892687,0.282790121,0.243102566,0.654219744,0.33362537,0.320594374,-0.367081786,-7.723683776
O=C1C(=Cc2cccc(Br)c2)COc2ccccc21,,,,,,,,,,,,,,csd_NAMYEH,8.083175214,7.888510845,-0.989558888,-1.214630636,6.418352918,3.0626,2.5204,0.339858141,0.145193772,0.194664369,0.433950808,0.225071748,0.20887906,-1.291997272,-7.71035019
O=C1C(=Cc2ccc[nH]2)Cc2ccccc21,,,,,,,,,,,,,,csd_YABBIP,7.483097394,7.326365526,-0.523988106,-0.631899593,6.11031987,3.0218,2.1623,0.318287474,0.161555606,0.156731868,0.21678136,0.107911487,0.108869873,-0.896343516,-7.006663386
O=C1C(=Cc2ccc[nH]2)CCc2ccccc21,,,,,,,,,,,,,,csd_LUCMON,7.38711699,7.209066596,-0.492681663,-0.610964339,6.098618968,3.0712,2.1529,0.365111572,0.187061177,0.178050394,0.235030386,0.118282677,0.116747709,-0.840560146,-6.939179114
O=C1C(=Cc2ccc[nH]2)CCCC1=Cc1ccc[nH]1,,,,,,,,,,,,,,csd_LUCMIH,6.968343776,6.838101879,-0.545743865,-0.640161763,5.857798078,2.9315,2.1314,0.276899152,0.146657255,0.130241897,0.187516288,0.094417898,0.09309839,-0.813348746,-6.671146824
O=C1C(=Cc2ccc3ccccc3c2)C(=O)c2ccccc21,,,,,,,,,,,,,,csd_HEHXOJ,7.948550432,7.836498975,-1.411181408,-1.596295827,6.612642314,2.9846,2.1332,0.226264152,0.114212695,0.112051457,0.375893082,0.185114419,0.190778663,-1.344787388,-7.957429702
O=C1C(=Cc2ccc3ccccc3c2)C(=O)c2c(F)c(F)c(F)c(F)c21,,,,,,,,,,,,,,csd_HEHXUP,8.00314567,7.89989419,-1.710057167,-1.875422749,5.807184874,2.7141,2.1074,0.208069521,0.104818041,0.10325148,0.333297472,0.165365583,0.16793189,-1.921941182,-7.729126056
O=C1C(=Cc2ccc3c(c2)OCO3)Cc2ccccc21,,,,,,,,,,,,,,csd_YAWMUG,7.429508623,7.266829404,-0.702531245,-0.861706179,6.006100208,2.9913,2.2467,0.31662502,0.153945802,0.162679219,0.323470647,0.159174935,0.164295712,-1.013352536,-7.019452744
O=C1C(=Cc2ccc3[nH]c4ccccc4c3c2)Oc2ccccc21,,,,,,,,,,,,,,csd_ZOGCEF,7.088758275,6.93319179,-0.903613586,-1.022471348,5.695618134,3.0226,1.9796,0.330688988,0.175122502,0.155566485,0.239478007,0.118857763,0.120620245,-1.169273858,-6.864891992
O=C1C(=Cc2ccc(Oc3ccccc3)cc2)NC(=S)N1c1ccccc1,,,,,,,,,,,,,,csd_WENKEI,8.144985093,7.829919259,-0.890705858,-1.374345227,7.273335106,3.4431,2.0093,0.614723486,0.299657651,0.315065834,0.844353959,0.483639369,0.360714591,-0.603820966,-7.877156072
O=C1C(=Cc2ccc(O)cc2O)CCCC1=Cc1ccc(O)cc1O,,,,,,,,,,,,,,csd_CABJEW,7.228046629,6.942909525,-0.333778298,-0.493191659,7.015915262,3.1165,2.3925,0.585577899,0.300440795,0.285137104,0.310879633,0.159413361,0.151466272,-0.228847874,-7.244763136
O=C1C(=Cc2ccc(O)cc2)CCCC1=Cc1cccc(Br)n1,,,,,,,,,,,,,,csd_GESXAE,7.587662967,7.379573038,-1.07868357,-1.29133413,5.947867812,2.8013,2.2646,0.436801202,0.228711273,0.20808993,0.42345265,0.21265056,0.21080209,-1.289276132,-7.237143944
O=C1C(=Cc2ccc(O)cc2)Sc2ccccc21,,,,,,,,,,,,,,csd_PECPIZ,7.442263477,7.256374512,-0.874113707,-1.021741811,6.657541124,3.2758,1.9159,0.384551505,0.19866254,0.185888965,0.299992624,0.147628104,0.15236452,-0.816069886,-7.47361101
O=C1C(=Cc2ccc(O)cc2)Sc2ccc(O)cc21,,,,,,,,,,,,,,csd_ZAWLUH,7.274165598,7.113439287,-0.882993603,-1.036161404,6.38787615,3.0307,1.8334,0.330876202,0.170149891,0.160726311,0.309029257,0.1531678,0.155861457,-0.859608126,-7.247484276
O=C1C(=Cc2ccc(O)cc2)Oc2ccccc21,,,,,,,,,,,,,,csd_ZMBZFU01,7.429965258,7.241183476,-0.858813744,-0.980947405,5.83004245,3.0176,1.9676,0.396051723,0.207269941,0.188781781,0.24639286,0.122133661,0.124259198,-1.217438036,-7.047480486
O=C1C(=Cc2ccc(O)cc2)N=CN1c1ccccc1,,,,,,,,,,,,,,csd_LAHRAQ,7.51334526,7.238234604,-0.765474369,-0.994176309,6.848565152,3.5793,1.7737,0.566677405,0.29156675,0.275110655,0.450035304,0.228701939,0.221333364,-0.686271508,-7.53483666
O=C1C(=Cc2ccc(O)cc2)N=C(c2ccccc2)N1c1ccccc1,,,,,,,,,,,,,,csd_EBOPAN,7.037508868,6.796012319,-0.990938234,-1.18103136,5.63956265,3.1363,1.6862,0.491144273,0.249647724,0.241496549,0.371690853,0.190093126,0.181597727,-1.165736376,-6.805299026
O=C1C(=Cc2ccc(O)cc2)N=C(C=CC=Cc2ccccc2)N1c1ccccc1,,,,,,,,,,,,,,csd_RAVFOL,6.66106881,6.429177069,-1.420612226,-1.599869501,5.040095508,2.7182,1.3156,0.468020569,0.236128828,0.231891741,0.360891737,0.179257274,0.181634462,-1.502613508,-6.542709016
O=C1C(=Cc2ccc(O)cc2)Cc2ccccc21,,,,,,,,,,,,,,csd_LAPYEI,7.64654109,7.471129902,-0.637834372,-0.769968387,6.258077772,3.0025,2.332,0.356515218,0.18110403,0.175411188,0.268918783,0.132134014,0.136784769,-0.969814296,-7.227892068
O=C1C(=Cc2ccc(O)cc2)COc2ccccc21,,,,,,,,,,,,,,csd_NANBAH01,7.647877632,7.432948498,-0.669884041,-0.838048942,6.31168423,3.1061,2.4308,0.387147119,0.172217985,0.214929134,0.336006422,0.168164901,0.167841521,-0.996753582,-7.308437812
O=C1C(=Cc2ccc(O)cc2)COc2cc(O)ccc21,,,,,,,,,,,,,,csd_JAYNED,7.875088604,7.575554792,-0.442602999,-0.696973969,7.505176234,3.4449,2.5648,0.56666516,0.267131348,0.299533812,0.506139414,0.25437097,0.251768444,-0.366809672,-7.871985906
O=C1C(=Cc2ccc(O)cc2)COc2c1ccc(O)c2O,,,,,,,,,,,,,,csd_UDAHIR,7.746471745,7.469673031,-0.543560314,-0.783554522,6.745978174,3.2746,2.55,0.578299775,0.30150106,0.276798715,0.477117531,0.239994208,0.237123323,-0.677019632,-7.422997806
O=C1C(=Cc2ccc(O)cc2)CCc2nc3ccc(Cl)cc3c(-c3ccccc3)c21,,,,,,,,,,,,,,csd_AXIRIK,8.073540202,7.713848215,-0.962813619,-1.184490201,8.213488976,3.5206,2.2738,0.699903059,0.340211073,0.359691986,0.459846537,0.221676582,0.238169955,-0.38232017,-8.595809146
O=C1C(=Cc2ccc(O)cc2)CCc2c1cc(O)c(O)c2O,,,,,,,,,,,,,,csd_SAZJEJ,7.303444792,7.124122483,-0.363136677,-0.566655908,6.322840904,3.1437,2.4199,0.376012023,0.196689714,0.17932231,0.397513927,0.203519231,0.193994697,-0.65715531,-6.979996214
O=C1C(=Cc2ccc(Br)s2)CCCC1=Cc1ccc(Br)s1,,,,,,,,,,,,,,csd_WECNUP,7.429001729,7.294605713,-1.255962303,-1.350378242,5.776163878,2.8098,2.0172,0.287201905,0.152805889,0.134396016,0.187008986,0.094415939,0.092593047,-1.440299402,-7.21646328
O=C1C(=Cc2ccc(Br)cc2)CCCC1=Cc1ccc(Br)cc1,,,,,,,,,,,,,,csd_XIFTEM,7.787643083,7.622014911,-1.206085984,-1.342223802,6.188144474,2.8373,2.3452,0.359788314,0.194160142,0.165628173,0.258350746,0.136137818,0.122212928,-1.395672706,-7.58381718
O=C1C(=CC=C2Cc3ccccc3N2)Sc2ccccc21,,,,,,,,,,,,,,csd_YEGZIU,6.53389606,6.388249218,-0.744982008,-0.879170674,5.326087322,2.8147,1.5501,0.306582952,0.160936111,0.145646842,0.272024474,0.134188665,0.137835809,-0.978794058,-6.30488138
O=C1C(=CNc2ccccc2)C=Cc2cccc(O)c21,,,,,,,,,,,,,,csd_PACLEN,6.836424704,6.72748332,-0.967048829,-1.127131563,5.357108318,2.7857,1.7634,0.229225759,0.120284375,0.108941384,0.32470618,0.160082734,0.164623446,-1.191042978,-6.548151296
O=C1C(=CNc2nc(-c3ccccc3)cs2)C=NN1c1ccccc1,,,,,,,,,,,,,,csd_COFLEQ,7.55255754,7.304500595,-0.997061615,-1.239887713,6.625703786,3.4001,2.0563,0.51479615,0.266739204,0.248056945,0.493055874,0.242826098,0.250229776,-0.930357766,-7.556061552
O=C1C(=CNc2coc3ccccc3c2=O)COc2ccccc21,,,,,,,,,,,,,,csd_HENDIQ,7.20718392,7.024789172,-0.677105892,-0.818978785,6.048549992,3.2738,2.1844,0.378584589,0.19618984,0.182394749,0.294451022,0.141872893,0.152578129,-0.899608884,-6.948158876
O=C1C(=CNc2ccccc2O)COc2ccccc21,,,,,,,,,,,,,,csd_RASPIN,6.978229732,6.81957946,-0.359936725,-0.520006425,6.036032748,3.2538,2.2858,0.326147514,0.167497242,0.158650272,0.320134366,0.1600697,0.160064666,-0.645454408,-6.681487156
O=C1C(=CNc2ccccc2O)C=CC=C1c1ccccc1,,,,,,,,,,,,,,csd_OBOYUA,6.865612196,6.677182557,-0.807703823,-1.006571183,6.096169942,2.9358,1.7612,0.393401686,0.204972047,0.188429639,0.396817016,0.19886736,0.197949656,-0.782055636,-6.878225578
O=C1C(=CNc2ccccc2N=Nc2ccccc2)C=NN1c1ccccc1,,,,,,,,,,,,,,csd_IJOVOU,7.153061534,6.935385573,-1.391728141,-1.616176748,5.320645042,2.2577,1.5465,0.470269864,0.252593902,0.217675962,0.462509717,0.224448607,0.23806111,-1.610370652,-6.931015694
O=C1C(=CNc2ccccc2F)C=CC(O)=C1O,,,,,,,,,,,,,,csd_SENJAX,6.838841702,6.565075508,-0.763754446,-0.949409175,5.25860305,2.4132,1.5282,0.54925332,0.275487125,0.273766195,0.376464739,0.185654729,0.19081001,-1.080564694,-6.339167744
O=C1C(=CNc2ccccc2Cl)C=NN1c1ccccc1,,,,,,,,,,,,,,csd_FAHLAC,7.270660225,7.059374317,-0.771934084,-0.976657963,5.924193894,3.1404,2.0693,0.439695135,0.228409226,0.211285909,0.415772505,0.204723879,0.211048625,-1.05444175,-6.978635644
O=C1C(=CNc2ccccc2)Oc2ccccc21,,,,,,,,,,,,,,csd_CIXBUG,7.258364428,7.089008429,-0.433767567,-0.601698041,6.819448954,3.44,2.1017,0.358427445,0.189071447,0.169355998,0.336773321,0.167930475,0.168842846,-0.442729478,-7.262178432
O=C1C(=CNc2ccccc2)N(c2ccccc2)P2CC=CCP12,,,,,,,,,,,,,,csd_BOYMAF,6.426524501,6.125568594,-0.510928049,-0.70369524,5.551669828,2.6978,1.706,0.592014484,0.291058577,0.300955907,0.387802451,0.19276719,0.19503526,-0.707224286,-6.258894114
O=C1C(=CNc2ccccc2)COc2ccccc21,,,,,,,,,,,,,,csd_LIHFOZ,7.363961504,7.20631389,-0.412590349,-0.608393733,7.037956496,3.5717,2.3891,0.330315756,0.172668143,0.157647613,0.389535871,0.195803384,0.193732487,-0.372524066,-7.410480562
O=C1C(=CNc2ccccc2)C=NN1c1ccccc1,,,,,,,,,,,,,,csd_FAHKIJ,7.267916908,7.062556391,-0.653529881,-0.863322618,6.007188664,3.2173,2.116,0.429874241,0.224513724,0.205360517,0.42568042,0.209792737,0.215887683,-0.955392254,-6.962580918
O=C1C(=CNc2ccccc2)C=Cc2ccccc21,,,,,,,,,,,,,,csd_REMTEK,6.921568522,6.814726633,-0.77663469,-0.916353392,5.634664598,2.9829,1.8534,0.226143632,0.119301744,0.106841889,0.28090282,0.139718702,0.141184118,-1.013080422,-6.64774502
O=C1C(=CNc2cccc3cccnc23)C=NN1c1ccccc1,,,,,,,,,,,,,,csd_QEQKUS,7.040899953,6.8292105,-0.988272605,-1.121199478,5.58241871,2.9982,1.9362,0.451685294,0.23999584,0.211689454,0.269127005,0.132926873,0.136200132,-1.20274388,-6.78516259
O=C1C(=CO)CCCc2c1[nH]c1ccccc21,,,,,,,,,,,,,,csd_WAXNUG,7.470567878,7.319676283,-0.4381575,-0.633879087,6.233043284,3.4515,2.3681,0.31566141,0.164769816,0.150891594,0.38996856,0.195721586,0.194246973,-0.852805276,-7.08584856
O=C1C(=CNc2cccc3ccccc23)C=NN1c1ccccc1,,,,,,,,,,,,,,csd_JAGHAD,7.218122903,7.031650798,-0.864641147,-1.078004101,5.902969002,3.1914,2.0831,0.415678625,0.22920652,0.186472105,0.400883243,0.213362955,0.187520288,-1.063693626,-6.966662628
O=C1C(=CNc2cccc3ccccc23)C2CCC1C2,,,,,,,,,,,,,,csd_QAKQAW,6.987113845,6.865099615,-0.220105314,-0.360480763,6.212634734,3.4261,2.328,0.22879571,0.106781479,0.12201423,0.280566269,0.140375449,0.14019082,-0.48844463,-6.701079364
O=C1C(=CNc2ccc3ccc(=O)oc3c2)COc2ccccc21,,,,,,,,,,,,,,csd_HENQOJ,7.359158501,7.230479056,-1.024925,-1.171033891,5.891540214,3.2047,2.2562,0.270375736,0.141696291,0.128679445,0.297959116,0.146108891,0.151850224,-1.244649436,-7.13618965
O=C1C(=CNc2ccc(Cl)cc2)C=NN1c1ccccc1,,,,,,,,,,,,,,csd_PAWFID,7.328654522,7.123262602,-0.814894354,-1.019428025,5.951949522,3.1815,2.0933,0.432006282,0.226614362,0.205391919,0.415416579,0.204533672,0.210882908,-1.08981657,-7.041766092
O=C1C(=CNc2cc(O)c(O)c(O)c2)COc2ccccc21,,,,,,,,,,,,,,csd_HUGREH,6.76142663,6.51878693,-0.391871644,-0.585903075,5.736979462,3.1693,2.2182,0.496334575,0.253694875,0.2426397,0.380182987,0.194031432,0.186151555,-0.676747518,-6.41372698
O=C1C(=CNc2c(F)c(F)c(F)c(F)c2F)C(=O)C(=CNc2c(F)c(F)c(F)c(F)c2F)C(=O)C1=CNc1c(F)c(F)c(F)c(F)c1F,,,,,,,,,,,,,,csd_DEHPEO,7.468121926,7.336152351,-1.406825298,-1.529592795,5.91575836,3.2459,2.452,0.303456635,0.171487059,0.131969576,0.248062388,0.122767496,0.125294891,-1.460707952,-7.376466312
O=C1C(=CNc2c(-c3ccccc3)cccc2-c2ccccc2)C=Cc2ccc(C=Nc3c(-c4ccccc4)cccc3-c3ccccc3)c(O)c21,,,,,,,,,,,,,,csd_MEBCED,6.528652151,6.308613151,-1.200160158,-1.489335977,5.292073072,2.7082,1.8542,0.554434724,0.334395724,0.220039,0.562762773,0.28917582,0.273586953,-1.207097704,-6.499170776
O=C1C(=CNN=Cc2ccccc2O)C=NN1c1ccccc1,,,,,,,,,,,,,,csd_PASYUE,7.307037513,7.095305338,-1.140599301,-1.319785826,5.692352766,3.0811,1.9965,0.45263987,0.240907694,0.211732176,0.356738461,0.179186525,0.177551936,-1.362474798,-7.054827564
O=C1C(=CC=Cc2nn(-c3ccc(O)cc3)c(=O)n2-c2ccc(O)cc2)N(c2ccc(O)cc2)C(=O)N1c1ccc(O)cc1,,,,,,,,,,,,,,csd_XESRET,6.568595765,6.321592717,-1.243372949,-1.572452655,5.096150992,2.7923,1.492,0.487940947,0.240937899,0.247003048,0.64880005,0.329079705,0.319720344,-1.342338362,-6.438489354
O=C1C(=CC=Cc2ccccc2)CCc2c1[nH]c1ccc(Br)cc21,,,,,,,,,,,,,,csd_OBUVEO,7.303621122,7.175871218,-1.165087656,-1.358371591,5.79058592,3.121,1.8366,0.264269226,0.136519322,0.127749904,0.392977243,0.193283935,0.199693308,-1.346692186,-7.137278106
O=C1C(=CC=Cc2ccccc2)CCC1=Cc1ccccc1,,,,,,,,,,,,,,csd_XEGRUZ,7.54030607,7.338845463,-1.14711235,-1.313773603,6.610193288,2.9666,1.7503,0.409437636,0.20797703,0.201460607,0.34588884,0.166661253,0.179227587,-1.038659138,-7.648852426
O=C1C(=CC=C2Nc3ccccc3C2=O)Nc2ccccc21,,,,,,,,,,,,,,csd_HOVLAF,6.731527478,6.543562175,-1.429608614,-1.628767273,5.297243238,2.4873,0.8717,0.393748931,0.205783627,0.187965303,0.407013835,0.199158658,0.207855177,-1.43131964,-6.728562878
O=C1C(=CNc2nc3c(Cl)cccc3s2)COc2ccccc21,,,,,,,,,,,,,,csd_LOGLOL,7.444135077,7.290253794,-0.93029001,-1.1292165,6.054264386,3.2587,2.3916,0.320823767,0.166942483,0.153881283,0.410786288,0.198926491,0.211859797,-1.162743122,-7.217007508
O=C1C(=CO)CCc2nc3ccc(Cl)cc3c(-c3ccccc3)c21,,,,,,,,,,,,,,csd_PAFDUY,8.04295867,7.84795824,-1.08102239,-1.317095435,6.425427882,3.1686,2.4904,0.378761735,0.183761305,0.19500043,0.43802762,0.236073045,0.201954575,-1.304242402,-7.729670284
O=C1C(=Cc2ccc(Br)cc2)C2CCC(N2)C1=C(O)C=Cc1ccccc1,,,,,,,,,,,,,,csd_WOKQIZ,7.197791906,6.94891889,-1.276421195,-1.405353978,5.620786784,2.8454,1.9115,0.584642915,0.3357699,0.248873015,0.257275079,0.128932783,0.128342296,-1.428326386,-7.04911317
O=C1C(=Cc2cc(F)ccc2F)CCCC1=Cc1cc(F)ccc1F,,,,,,,,,,,,,,csd_NUPKUF,7.95881313,7.777631465,-1.20569795,-1.361281578,6.244744186,2.7951,2.3511,0.38530009,0.204118426,0.181181665,0.29559771,0.155583629,0.140014082,-1.448734936,-7.693479122
O=C1C(=Cc2ccc(-n3cnc4ccccc43)cc2)CCc2ccccc21,,,,,,,,,,,,,,csd_GALNOZ,7.694570027,7.496403279,-1.030801302,-1.252389175,6.188144474,3.0144,2.4344,0.412648636,0.214481887,0.198166748,0.425698407,0.221587872,0.204110534,-1.263697416,-7.45184189
O=C1C(=Cc2ccc(-n3c4ccccc4c4ccccc43)cc2)Cc2ccccc21,,,,,,,,,,,,,,csd_ISADOW,7.124962498,7.060268756,-1.084835251,-1.254533705,5.650175096,2.9442,2.328,0.130248455,0.065554712,0.064693743,0.354033103,0.169698454,0.18433465,-1.303153946,-6.953329042
O=C1C(=Cc2ccc(-c3ccccc3Cl)o2)SC(=Nc2ccccc2O)N1c1ccc(O)cc1,,,,,,,,,,,,,,csd_CACTEI,6.978316999,6.706849269,-1.068031667,-1.313052365,5.647181842,3.0578,1.8083,0.685322919,0.413855189,0.271467729,0.485598318,0.245020697,0.24057762,-1.20682559,-6.854007432
O=C1C(=Cc2ccc(-c3ccc4c(c3)Cc3cc(-c5ccc(C=C6C(=O)c7ccccc7C6=O)s5)ccc3-4)s2)C(=O)c2ccccc21,,,,,,,,,,,,,,csd_DIHCAA,6.991211393,6.815440171,-1.757944333,-1.933699772,5.138328662,2.6107,1.8154,0.319014753,0.143243531,0.175771222,0.336748422,0.175755439,0.160992983,-1.829694536,-6.968023198
O=C1C(=Cc2cc3c4c(c2)CCCN4CCC3)Nc2ccccc21,,,,,,,,,,,,,,csd_SEHLOJ,6.129908187,5.964176366,-0.60263629,-0.749624518,5.087443344,2.6269,1.4407,0.32928643,0.16355461,0.165731821,0.29722566,0.146988228,0.150237432,-0.833485182,-5.920928526
O=C1C(=Cc2cc(O)ccc2O)CCCC1=Cc1cc(O)ccc1O,,,,,,,,,,,,,,csd_IDUWIQ,7.02334724,6.897104575,-0.722699409,-0.882778633,5.786232096,2.8174,2.2495,0.260734465,0.1344918,0.126242664,0.3055979,0.160079224,0.145518676,-0.936344274,-6.72257637
O=C1C(=Cc2cc(O)ccc2F)CCCC1=Cc1cc(O)ccc1F,,,,,,,,,,,,,,csd_WAFGAN,7.565637788,7.42922704,-0.989956719,-1.149566818,6.036304862,2.8114,2.3323,0.297342777,0.160932029,0.136410748,0.303685211,0.159610099,0.144075111,-1.22179186,-7.258096722
O=C1C(=Cc2cc(O)c(O)c(O)c2)CCc2cc(O)ccc21,,,,,,,,,,,,,,csd_NOGLED,7.166932545,6.951481116,-0.44875381,-0.649589724,6.003379068,3.1118,2.3161,0.432697995,0.217246566,0.21545143,0.398443741,0.200835915,0.197607826,-0.740966422,-6.74434549
O=C1C(=Cc2cc(O)c(O)c(O)c2)C=NN1c1ccccc1,,,,,,,,,,,,,,csd_WOMBAC,7.505539778,7.231628737,-1.236480029,-1.471264615,6.370460854,3.168,1.6929,0.58358412,0.309673079,0.273911041,0.468863034,0.234784585,0.234078449,-1.147232624,-7.517693478
O=C1C(=Cc2cc(O)c(O)c(O)c2)C(=Cc2cc(O)c(O)c(O)c2)C(=O)N1c1ccc(Br)cc1,,,,,,,,,,,,,,csd_CAVCEJ,7.224816363,6.856914426,-1.198674959,-1.495252552,5.720380508,2.9635,1.9338,0.633997592,0.266095655,0.367901938,0.548542912,0.296577593,0.251965319,-1.305602972,-7.02598348
O=C1C(=Cc2cc(O)c(O)c(Br)c2)CCCC1=Cc1cc(O)c(O)c(Br)c1,,,,,,,,,,,,,,csd_WIHCEW,7.249549893,7.105160491,-0.942909568,-1.083996052,5.899703634,2.8821,2.2719,0.304613391,0.160223989,0.144389403,0.276408231,0.141086483,0.135321748,-1.120837566,-7.0205412
O=C1C(=Cc2cc(I)cc(I)c2O)N=CN1c1ccc(I)cc1,,,,,,,,,,,,,,csd_FIKJER,7.649462506,7.217921539,-1.57887781,-1.78261963,6.223519294,3.073,1.7586,0.946188814,0.514647848,0.431540967,0.398725651,0.20374182,0.194983831,-1.46397332,-7.687492614
O=C1C(=Cc2cc(F)c(F)c(F)c2)CNc2c1cc(F)c(F)c2F,,,,,,,,,,,,,,csd_KEVMIK,8.009745523,7.712020426,-1.041132654,-1.352034328,7.133740624,3.4272,2.5616,0.535616136,0.237891039,0.297725098,0.59932401,0.310901674,0.288422336,-0.920017434,-8.053758058
O=C1C(=CO)Cc2c1[nH]c1ccccc21,,,,,,,,,,,,,,csd_SAKHEU,7.832318705,7.650155036,-0.199339369,-0.371008037,7.44095733,3.9554,2.6139,0.370956717,0.188793047,0.18216367,0.343917374,0.171668668,0.172248706,-0.31429167,-7.755249
O=C1C(=Cc2cc(F)c(F)c(F)c2)CNc2c(F)cc(F)c(F)c21,,,,,,,,,,,,,,csd_KEVMEG,7.710853873,7.432280159,-1.11328994,-1.331340875,5.768544686,2.8259,2.2794,0.488713751,0.210140036,0.278573714,0.427098433,0.218050935,0.209047499,-1.447102252,-7.215646938
O=C1C(=Cc2cc(Br)ccc2O)CCOc2cc(O)cc(O)c21,,,,,,,,,,,,,,csd_PEGNUN,7.632750352,7.170017502,-0.786584157,-1.171265732,6.29127568,3.4012,2.5502,0.989323781,0.526590931,0.46273285,0.737521187,0.384681575,0.352839611,-1.032944744,-7.324220424
O=C1C(=Cc2cc(Br)ccc2O)C(=O)c2ccccc21,,,,,,,,,,,,,,csd_UGIYIU,7.919648034,7.774399295,-1.391694671,-1.548330565,5.88854696,2.6291,2.1861,0.296207518,0.150958779,0.145248739,0.320832474,0.156635893,0.164196581,-1.64492913,-7.53347609
O=C1C(=Cc2c[nH]c3ccccc23)N2CCC1CC2,,,,,,,,,,,,,,csd_IFUNUT,7.173703313,6.910554626,-0.089956399,-0.292528863,6.282023804,2.6795,2.2574,0.503494058,0.240345371,0.263148687,0.405103921,0.202572465,0.202531457,-0.45034867,-6.732372474
O=C1C(=Cc2c[nH]c3ccccc23)Cc2ccccc21,,,,,,,,,,,,,,csd_HULKAA,7.374544861,7.201532058,-0.449220975,-0.590389228,6.920403248,3.2428,2.2488,0.355953929,0.182941127,0.173012802,0.288112317,0.141168253,0.146944063,-0.45170924,-7.372112488
O=C1C(=Cc2c[nH]c3ccccc23)C=NN1c1ccccc1,,,,,,,,,,,,,,csd_ROYHAQ,7.162984661,6.946152716,-0.968833516,-1.154273465,5.683373004,2.8566,1.776,0.456186413,0.239354468,0.216831946,0.373046498,0.185439949,0.187606548,-1.235125446,-6.91849845
O=C1C(=Cc2c[nH]c3ccccc23)C(c2ccccc2)=NN1c1ccccc1,,,,,,,,,,,,,,csd_NEYPAK,7.024982917,6.774987975,-1.057328607,-1.256180539,5.977800352,2.9219,1.8056,0.520145639,0.270150697,0.249994941,0.402913213,0.198851931,0.204061282,-1.05308118,-7.030881532
O=C1C(=Cc2c3ccccc3cc3ccccc23)Cc2ccccc21,,,,,,,,,,,,,,csd_UHAXEH02,7.07134102,6.979786414,-1.036351611,-1.307277317,5.64772607,2.9144,1.7095,0.186697715,0.095143109,0.091554606,0.513014375,0.270925705,0.242088669,-1.207641932,-6.855368002
O=C1C(=Cc2c3ccccc3cc3ccccc23)CCc2ccccc21,,,,,,,,,,,,,,csd_HAVLEV,6.794491746,6.542277171,-0.842452427,-1.193066146,5.589765788,2.7146,1.7143,0.543773298,0.291558722,0.252214575,0.621219663,0.350613719,0.270605944,-1.001107406,-6.590873194
O=C1C(=Cc2c(O)cc(O)cc2O)Sc2ccccc21,,,,,,,,,,,,,,csd_PECNUJ,6.86537962,6.628282882,-0.57577853,-0.703860685,5.67085576,2.8565,1.854,0.421402543,0.184305805,0.237096738,0.259368724,0.128082155,0.131286569,-0.885458956,-6.556314716
O=C1C(=Cc2c(F)cccc2F)CCCC1=Cc1c(F)cccc1F,,,,,,,,,,,,,,csd_CAWHUF,7.962219181,7.701180492,-0.952830845,-1.107316221,6.41780869,2.8473,2.3961,0.534227266,0.273188578,0.261038688,0.300661752,0.154485376,0.146176375,-1.218798606,-7.636607296
O=C1C(=COc2ccc(O)cc2)Oc2cc(O)ccc21,,,,,,,,,,,,,,csd_BIZGOG,7.673226738,7.387557026,-0.220680127,-0.5197957,7.468440844,3.5671,2.439,0.547215839,0.261546126,0.285669713,0.623384275,0.299115573,0.324268703,-0.209799894,-7.678240738
O=C1C(c2ccccc2)=Cc2cc(Br)ccc21,,,,,,,,,,,,,,csd_HULDID,7.788206359,7.629879005,-1.421948034,-1.635628818,5.668406734,2.5247,1.6378,0.308327747,0.150000393,0.158327354,0.422602022,0.213680784,0.208921238,-1.804387934,-7.472794668
O=C1C(c2ccccc2)=Cc2ccccc21,,,,,,,,,,,,,,csd_ZUSKIJ,7.870468571,7.660015114,-1.1197373,-1.371853479,6.73346093,2.8522,1.7232,0.397105729,0.186652272,0.210453457,0.488678839,0.252116179,0.23656266,-1.14832108,-7.88178201
O=C1CCCc2c1cc(-c1ccc(Cl)cc1)n2-c1ccc(Cl)cc1,,,,,,,,,,,,,,csd_ZOCLEK,7.38699794,7.127709489,0.047930976,-0.184128115,6.95387327,3.7778,3.1164,0.502251694,0.242963244,0.259288451,0.484044275,0.232059091,0.251985183,-0.168438566,-7.122311836
O=C1C=CC=CC1=CNc1ccccc1O,,,,,,,,,,,,,,csd_VAYJAG04,7.092189796,6.945508513,-0.576661894,-0.774430077,6.612642314,3.1721,1.8114,0.30932412,0.162642837,0.146681283,0.385841352,0.197768183,0.188073169,-0.514567574,-7.127209888
O=C1CC2=C(CCCC2=NN=C(c2ccccc2)c2ccccc2)O1,,,,,,,,,,,,,,csd_CEWLEY,7.312097473,6.874718029,-0.500971942,-0.907146714,6.3810733,3.3213,2.3152,0.94176805,0.504388606,0.437379445,0.713298415,0.406174772,0.307123643,-0.664774502,-7.045847802
O=C1CC2=C(CCCC2)c2cc(-c3ccccc3)ccc21,,,,,,,,,,,,,,csd_BACGOE,7.635800587,7.488203858,-0.427888598,-0.641946369,6.607472148,3.2743,2.5904,0.319484367,0.171887638,0.147596729,0.411541105,0.214057771,0.197483334,-0.72790495,-7.335377098
O=C1CC(c2ccccc2)=Nc2ccccc2N1,,,,,,,,,,,,,,csd_AXATAV,7.677412205,7.394350869,-0.36919086,-0.634665414,6.64774502,3.5421,2.6841,0.599876374,0.316815038,0.283061337,0.511573613,0.265474554,0.246099058,-0.677291746,-7.325036766
O=C1CC(c2ccccc2)=NN1c1ccccc1,,,,,,,,,,,,,,csd_AZADIP,7.478210308,7.327796764,-0.288168835,-0.489486772,6.458897904,3.6822,2.5227,0.312545977,0.162132433,0.150413544,0.40416355,0.201317937,0.202845613,-0.672665808,-7.131563712
O=C1CC(c2ccccc2)=NN1c1ccc(Cl)cc1,,,,,,,,,,,,,,csd_EHABIB,8.120053464,7.85037951,-0.249812353,-0.58402304,9.247250062,4.8675,2.0583,0.563348362,0.293674409,0.269673954,0.673754264,0.334210687,0.339543577,0.46939665,-8.777853412
O=C1CC(c2ccccc2)=CC(O)=C1c1ccccc1,,,,,,,,,,,,,,csd_WOHDAB,7.22534587,7.013802651,-0.787808589,-1.093725787,5.897254608,2.923,1.91,0.458393557,0.246850338,0.21154322,0.549860896,0.305917198,0.243943697,-1.052536952,-6.94979156
O=C1CC(c2ccccc2)=C1c1ccccc1,,,,,,,,,,,,,,csd_EWIQEH,8.28900404,7.996142,-0.57624145,-0.949637614,8.766968852,4.0547,2.0949,0.581986838,0.289124799,0.292862039,0.709473091,0.373396164,0.336076926,-0.038912302,-8.805881154
O=C1CC(c2ccccc2)=C(c2ccccc2)N1c1ccccc1,,,,,,,,,,,,,,csd_IZAVEM,6.994706452,6.794825168,-0.014759055,-0.412548171,6.560396426,3.6784,2.517,0.415109771,0.215228487,0.199881284,0.715636581,0.397789116,0.317847465,-0.201908588,-6.762305014
O=C1CC(c2ccccc2)=C(c2ccccc2)N1,,,,,,,,,,,,,,csd_HOBQAQ,7.176802147,6.954233059,-0.039646683,-0.435931934,6.49127947,3.6224,2.4074,0.444784184,0.222215095,0.222569088,0.694601979,0.396285251,0.298316728,-0.314563784,-6.805843254
O=C1CC(c2ccc(O)cc2)=NN1c1ccccc1,,,,,,,,,,,,,,csd_BAWMUK,7.241961641,7.062738462,-0.076588853,-0.285337489,6.45862579,3.699,2.501,0.374944955,0.195721777,0.179223179,0.420561384,0.208748636,0.211812748,-0.449260214,-6.907886004
O=C1CC(c2ccc(O)cc2)=C2OC(=O)C(c3ccc(O)cc3)=C12,,,,,,,,,,,,,,csd_FOGMIY,6.948527863,6.772515548,-1.655954645,-1.816477143,4.816689914,2.4919,1.1353,0.355709326,0.179697011,0.176012315,0.3167875,0.160522498,0.156265002,-1.899627834,-6.716317748
O=C1CC(C#Cc2ccc(Cl)cc2)=C1c1ccc(O)cc1,,,,,,,,,,,,,,csd_DEFFOM,7.256445534,7.096483864,-1.213312516,-1.395469709,5.540513154,3.0324,1.7914,0.32356858,0.16360691,0.159961671,0.361762502,0.182157193,0.179605308,-1.450639734,-6.991152888
O=C1CC(=O)n2cc3c(c21)-c1ccccc1CC3,,,,,,,,,,,,,,csd_EVUYEA,7.902437231,7.698391297,-0.656926598,-0.825028097,6.470598806,3.4089,2.4672,0.415325421,0.211279487,0.204045935,0.331191419,0.168101498,0.16308992,-1.069680134,-7.54027894
O=C1CC(=O)c2ccccc2N(c2ccccc2)c2ccccc21,,,,,,,,,,,,,,csd_FIXTIP,7.319280194,7.211886595,-0.759804874,-0.991805733,6.011542488,2.9009,2.7011,0.20808095,0.10068735,0.1073936,0.389329827,0.232000859,0.157328968,-1.022332298,-7.033874786
O=C1CC(=O)c2ccccc21,,,,,,,,,,,,,,csd_NAPINO,9.616542421,9.413160771,-0.392354374,-0.701562111,9.429294328,3.6822,2.9337,0.522930617,0.319548967,0.20338165,0.617232077,0.309207737,0.30802434,-0.187214432,-9.61650876
O=C1CC(=O)c2cc(O)c(O)cc21,,,,,,,,,,,,,,csd_ZOWJUQ,8.544638979,8.305276212,-0.191259271,-0.504106668,8.299749114,3.539,2.8666,0.489417574,0.250054806,0.239362767,0.624813364,0.312847398,0.311965966,-0.22041234,-8.520161454
O=C1CC(=O)c2c1cccc2-c1ccccc1,,,,,,,,,,,,,,csd_FOVWOC,8.162953188,8.021852311,-0.691940241,-0.934392482,6.425427882,2.8911,2.4749,0.35291515,0.211814272,0.141100878,0.486101783,0.242452241,0.243649542,-1.17961419,-7.605042072
O=C1CC(=O)c2c([nH]c3ccccc23)O1,,,,,,,,,,,,,,csd_YAXJAI,8.185557862,7.901108009,1.159382242,0.97952033,8.462473286,4.1471,3.279,0.591578802,0.307128949,0.284449853,0.361226083,0.179861912,0.181364171,0.27347457,-8.188998716
O=C1CC(=O)N(c2ccccc2)c2ccccc21,,,,,,,,,,,,,,csd_FOWPAJ,8.144724163,7.841425191,-0.284135643,-0.485415675,6.931287808,3.4221,2.9721,0.519477926,0.216178954,0.303298972,0.429757831,0.201280032,0.228477799,-0.773075874,-7.704363682
O=C1CC(=O)N(c2ccccc2)c2cc(Cl)ccc2N1,,,,,,,,,,,,,,csd_DAHREJ,7.89854396,7.716963921,0.257344196,0.007301907,7.475243694,4.2452,3.3613,0.378751939,0.1971719,0.18158004,0.575948601,0.250042289,0.325906312,-0.101498522,-7.576742216
O=C1CC(=Cc2ccccc2)C(=O)N1c1ccc(Cl)cc1,,,,,,,,,,,,,,csd_FANCUV,8.589234872,8.15221625,-0.731151814,-1.118565686,8.44097628,4.5204,2.4631,0.862261238,0.425242616,0.437018621,0.774065825,0.387413872,0.386651953,-0.38504131,-8.82601759
O=C1CC(=Cc2cccc3ccccc23)C(=O)c2ccccc2-c2ccccc21,,,,,,,,,,,,,,csd_HIGPEV,7.455509987,7.298010676,-1.05450869,-1.238276526,6.040114458,3.1006,2.1178,0.322947616,0.165448305,0.157499311,0.356688392,0.183767836,0.172920556,-1.212539984,-7.252654442
O=C1CC(=Cc2ccc(O)cc2)C=C1c1ccc(O)cc1,,,,,,,,,,,,,,csd_YANRUD,6.797049455,6.611379515,-0.807080001,-1.011012764,5.486362468,3.0835,1.6459,0.376844991,0.191175051,0.18566994,0.40307904,0.203932762,0.199146277,-1.054713864,-6.541076332
O=C1CC(=Cc2ccc(Cl)cc2)C(=O)N1c1ccccc1,,,,,,,,,,,,,,csd_FANDAC,8.110757505,7.949802347,-0.919748857,-1.210523075,6.590873194,3.7174,2.5055,0.370278581,0.209323422,0.160955159,0.577917346,0.290774218,0.287143128,-1.232404306,-7.8232775
O=C1CC(=CC=C(c2ccc(O)cc2)c2ccc(O)cc2)C(=O)c2ccccc21,,,,,,,,,,,,,,csd_EVANEU,6.758056498,6.571208604,-1.270014543,-1.410730678,4.703762604,2.6053,1.6132,0.392504309,0.205656414,0.186847894,0.271654944,0.140716136,0.130938808,-1.671868416,-6.37563102
O=C1CC(=C2Cc3c4c(c(-c5ccccc5)c5cccc2c35)-c2ccccc2C4=O)c2ccccc21,,,,,,,,,,,,,,csd_RUSFAN,7.084036825,6.957207483,-1.244094868,-1.396330406,5.68446146,2.947,1.9203,0.26844808,0.141618738,0.126829342,0.314666099,0.152235538,0.162430561,-1.336351854,-7.020813314
O=C1CC(=C(c2ccccc2)c2ccccc2)c2ccccc21,,,,,,,,,,,,,,csd_ZICCAS,7.434177283,7.194893347,-0.487602219,-0.839356014,6.52937543,3.3555,2.4574,0.462680768,0.223396832,0.239283936,0.698498107,0.351753795,0.346744312,-0.70205412,-7.23142955
O=C1CC2=C(Cc3ccccc32)N1c1ccc(O)cc1,,,,,,,,,,,,,,csd_CADTIM,6.799918108,6.633168744,0.551545907,0.248309658,6.73890321,3.8462,2.5935,0.343642539,0.176893175,0.166749364,0.777471957,0.30323625,0.474235708,0.25578716,-6.48311605
O=C1CC2=C(c3ccccc3)CC2=C1c1ccccc1,,,,,,,,,,,,,,csd_MAJXIG,7.188989072,7.04225285,-0.925752563,-1.136176142,5.794123402,3.2651,1.7794,0.294021163,0.147284941,0.146736223,0.41780555,0.210423579,0.207381971,-1.1564845,-6.950607902
O=C1CC2=C(c3ccccc3CC2)c2ccccc2N1,,,,,,,,,,,,,,csd_ZENGUX,7.544472108,7.369630836,0.283535604,0.073802052,7.929946188,4.4597,2.7222,0.358761193,0.183919921,0.174841272,0.433453683,0.209733553,0.223720131,0.343407868,-7.58653832
O=C1CC2c3ccccc3-c3c2c2c4c(cccc4c3-c3ccccc3)-c3cccc1c3-2,,,,,,,,,,,,,,csd_INASUL,7.312697212,7.177905543,-1.094202503,-1.237092286,6.050999018,3.2226,2.2162,0.262949745,0.128158075,0.13479167,0.284569746,0.142889783,0.141679964,-1.179886304,-7.230885322
O=C1CCC(=O)N1c1cccc2cc3ccccc3cc12,,,,,,,,,,,,,,csd_ZAQPEO,7.213464747,7.039431272,-0.64303741,-0.769030274,5.96746002,3.2307,1.8025,0.339584095,0.16555062,0.174033475,0.242940223,0.125992864,0.116947359,-0.939337528,-6.906797548
O=C1CCC(=O)N1c1cc2c(-c3ccccc3)ncnc2[nH]1,,,,,,,,,,,,,,csd_DITBIU,7.55454838,7.331577271,-0.288623728,-0.474132168,6.675772762,3.6395,2.7578,0.452345905,0.229374796,0.22297111,0.337186063,0.18550844,0.151677623,-0.561371182,-7.237143944
O=C1CCC(=Cc2ccccc2)N1c1cccc2cccnc12,,,,,,,,,,,,,,csd_MUYZUD,6.963513834,6.646966121,-0.367486283,-0.506821849,5.926370806,3.0303,2.6569,0.654953581,0.338405868,0.316547713,0.279696702,0.139335566,0.140361136,-0.746680816,-6.673051622
O=C1CCC(=Cc2ccc(F)cc2)N1c1cccc2cccnc12,,,,,,,,,,,,,,csd_IRAMUL,6.980166557,6.653149204,-0.405711906,-0.54707921,5.892356556,3.0246,2.6542,0.665976702,0.338959348,0.327017353,0.283591769,0.141367305,0.142224464,-0.785865232,-6.678221788
O=C1CCC(=C(c2ccccc2)c2cc(C(=O)O)c[nH]2)O1,,,,,,,,,,,,,,csd_ECASIN,7.402329605,7.04272192,0.384028366,-0.032585515,7.790895934,4.5074,2.8165,0.717115086,0.3575074,0.359607685,0.888454931,0.416613881,0.47184105,0.408171,-7.382724934
O=C1CCC(=C(F)c2ccc(Cl)cc2)c2cc(F)ccc21,,,,,,,,,,,,,,csd_KIGTIG,7.879346862,7.65043749,-0.681193044,-1.031289475,6.626248014,3.42,2.574,0.480911426,0.252002054,0.228909372,0.663394884,0.35009643,0.313298454,-0.948589404,-7.574837418
O=C1CC=Cc2cc3ccccc3cc21,,,,,,,,,,,,,,csd_IDAQIQ,7.901384531,7.772738774,-0.337505416,-0.521802296,7.448848636,3.5433,2.3735,0.26293954,0.134293783,0.128645758,0.36981743,0.18429688,0.18552055,-0.40000758,-7.848856216
O=C1CC=C2c3c1nc1ccccc1c3C(=O)N2c1ccccc1,,,,,,,,,,,,,,csd_QOCWOW,7.852609484,7.649924283,-1.396474626,-1.574258131,5.912492992,2.8289,2.2004,0.430819048,0.228133847,0.202685201,0.353239891,0.177783505,0.175456386,-1.674317442,-7.586810434
O=C1CC=C(c2ccccc2)c2ccccc2N1,,,,,,,,,,,,,,csd_RIYNAO,7.738545037,7.575494764,0.194700016,-0.039903722,7.300274392,4.2798,2.9625,0.328828272,0.165777999,0.163050273,0.477882607,0.234603738,0.243278869,-0.097688926,-7.397963318
O=C1CC=C(c2ccc(Cl)cc2)c2ccccc2N1,,,,,,,,,,,,,,csd_LERVIQ,8.041082988,7.830401172,0.15089973,-0.134871399,8.35934208,4.6214,2.9378,0.427461161,0.216779346,0.210681815,0.575652269,0.28577113,0.289881139,0.2585083,-8.10083378
O=C1CC2c3ccccc3Oc3ccccc3N12,,,,,,,,,,,,,,csd_MEFHAH,7.67336753,7.398053279,0.729083013,0.615198161,7.63687941,4.5759,3.3709,0.540426078,0.265111826,0.275314251,0.252947215,0.113884852,0.139062363,0.38368074,-7.25319867
O=C1CC2c3ccccc3N3C(=O)c4ccccc4N1C23,,,,,,,,,,,,,,csd_BEMTEU,7.79663226,7.59820118,-0.120353083,-0.397725877,6.965574172,4.013,3.2775,0.438823173,0.240392093,0.19843108,0.58210518,0.277372794,0.304732387,-0.4625938,-7.428167972
O=C1CC2c3ccccc3-c3c2c(c2ccccc2c3-c2ccccc2)-c2ccccc21,,,,,,,,,,,,,,csd_INATEW,7.189562634,7.083849066,-0.622123082,-0.819932544,6.37290988,3.4905,2.4176,0.233612318,0.12789875,0.105713568,0.413066059,0.197809463,0.215256596,-0.720013644,-7.092923524
O=C1CC2=Cc3cc4ccc(cc5nc6c(cccc6c6ccc([nH]6)c1c2n3)C5)[nH]4,,,,,,,,,,,,,,csd_NOMBAS,6.482107323,6.396851558,-1.93597274,-2.046357689,4.28443493,1.9434,0.7941,0.173653359,0.088397593,0.085255765,0.218085493,0.110384949,0.107700544,-2.069154856,-6.353589786
O=C1CC2c3ccc(O)cc3-c3ccccc3N12,,,,,,,,,,,,,,csd_FALNOV,7.531363859,7.315733869,0.051878262,-0.136308624,6.909790802,3.8457,2.8934,0.434684074,0.219054083,0.215629991,0.376288056,0.188186886,0.18810117,-0.274018798,-7.1838096
O=C1CC2OCCc3c2n(c2ccccc32)N1N=Cc1cccs1,,,,,,,,,,,,,,csd_GIWWUH,6.967858569,6.785592802,-0.318404673,-0.515464734,5.875213374,3.3454,2.3189,0.419429989,0.237164222,0.182265767,0.39518572,0.197060061,0.198125659,-0.77960661,-6.654819984
O=C1CC2Nc3ccccc3N=C2c2ccccc21,,,,,,,,,,,,,,csd_KOZYUV,7.211634889,6.986757376,-0.804321092,-1.005825373,5.712489202,2.7746,2.0593,0.373378776,0.148501263,0.224877513,0.398197831,0.201504281,0.19669355,-1.109136664,-6.821625866
O=C1CC2N=NC(c3ccccn3)=C2N1c1ccc(O)cc1,,,,,,,,,,,,,,csd_KAQVAB,7.328686005,7.127172037,-0.527448798,-0.90397264,6.164198442,3.0422,2.3093,0.421185287,0.219671319,0.201513968,0.862413077,0.376523842,0.485889235,-0.866410976,-7.030609418
O=C1CC2N=NC(c3ccc(Cl)cc3)=C2N1c1ccccc1,,,,,,,,,,,,,,csd_CADVAG,7.825299307,7.537444056,-0.561107776,-0.995356277,7.297281138,3.2093,2.3356,0.600472603,0.312617353,0.287855251,0.969600687,0.434248501,0.535352186,-0.548581824,-7.845862962
O=C1CC2CCCN2C(c2ccccc2)=C1c1ccccc1,,,,,,,,,,,,,,csd_LECYOI,6.876184505,6.666544805,0.281778999,-0.23778837,6.619717278,3.5275,2.4918,0.413498638,0.203858938,0.2096397,0.964067221,0.519567369,0.444499852,0.030476768,-6.58924051
O=C1CC2CCCC=C2c2cc3ccccc3n21,,,,,,,,,,,,,,csd_LIKTEF,7.298149046,7.091554192,0.034296786,-0.167413839,6.663527632,3.9097,2.4191,0.406645121,0.200050267,0.206594854,0.405217366,0.201710625,0.203506741,-0.273746684,-6.937274316
O=C1CC2CC(=O)c3c(O)ccc4c3C2C(=C2C=CC(=O)c3c(O)ccc-4c32)c2cccc(O)c21,,,,,,,,,,,,,,csd_EZIVUG,7.57149477,7.290961835,-1.68954739,-2.010512928,5.998481016,2.9197,1.8546,0.662940726,0.382407791,0.280532935,0.657691375,0.320965538,0.336725837,-1.594043812,-7.592524828
O=C1CC2C(=C(c3ccccc3)c3ccccc32)c2ccccc21,,,,,,,,,,,,,,csd_XIDZOC,7.467223406,7.296044897,-0.540905651,-0.815302361,7.081494736,3.5585,2.3694,0.337456027,0.166277518,0.171178509,0.535463643,0.27439671,0.261066934,-0.481369666,-7.562864402
O=C1CC2C(=C(c3ccccc3)c3ccccc32)c2cc3c(cc21)OCO3,,,,,,,,,,,,,,csd_XIDZUI,7.02952205,6.865786975,-0.565016149,-0.842213239,6.080115216,3.3181,2.2216,0.325574061,0.161838985,0.163735076,0.533427795,0.27719709,0.256230706,-0.738245282,-6.818360498
O=C1CC2C(=C(c3ccccc3)O1)C(=O)Oc1ccccc12,,,,,,,,,,,,,,csd_PEMBUG,8.192276329,7.985951576,-0.71049028,-1.199109471,6.898634128,3.7434,2.7285,0.439740442,0.233415688,0.206324753,0.917970266,0.488619191,0.429351075,-1.018250588,-7.916884716
O=C1CC2C(=C(c3ccc(Cl)cc3)c3cc(Cl)ccc32)N1c1ccccc1,,,,,,,,,,,,,,csd_CADTOS,7.185356024,6.987205874,-0.207043923,-0.547881675,6.693188058,3.8176,2.6351,0.421018046,0.222867897,0.198150149,0.779210684,0.340837751,0.438372933,-0.329530054,-7.022718112
O=C1CC(=C(c2ccccc2)c2ccccc2)c2ccc(Br)cc21,,,,,,,,,,,,,,csd_ZICCEW,7.464648935,7.227090964,-0.706295833,-1.031304985,6.399849166,3.3282,2.4072,0.467031163,0.229473192,0.237557971,0.655173232,0.325009152,0.33016408,-0.890629122,-7.290478288
O=C1CC(=C(c2ccccc2)c2ccccc2)c2c1ccc1ccccc21,,,,,,,,,,,,,,csd_CINYUW,7.833385175,7.486246079,-0.611190085,-1.012110608,8.636626246,4.1569,1.2745,0.762114578,0.414975483,0.347139095,0.863469696,0.400920522,0.462549173,0.083811112,-8.552815134
O=C1CC(=C(Cl)c2ccccc2)c2ccccc2N1,,,,,,,,,,,,,,csd_BOFPIY,7.798808465,7.496710495,-0.068439936,-0.586178999,7.886952176,4.2253,2.7193,0.64260483,0.340506861,0.30209797,0.976768169,0.517739063,0.459029107,0.026395058,-7.860557118
O=C1C=Cc2cc(Br)cc3c2C1c1c(ccc2cc(Br)ccc12)O3,,,,,,,,,,,,,,csd_IKUGEC,7.369911086,7.234507159,-1.026175092,-1.313605845,5.784599412,2.6933,2.3353,0.284799683,0.149395756,0.135403926,0.559305565,0.287430753,0.271874812,-1.366284394,-7.150883806
O=C1C=Cc2ccccc2C1=CNc1cc(C(=O)O)cc(C(=O)O)c1,,,,,,,,,,,,,,csd_DICBEY,7.242055057,7.137152934,-1.084644227,-1.224230274,5.721468964,3.0488,1.9482,0.217582627,0.112680503,0.104902124,0.282694064,0.139586046,0.143108018,-1.273765634,-6.995234598
O=C1C=Cc2ccccc2C1,,,,,,,,,,,,,,csd_XAVBUU,8.684872466,8.520248013,-0.246209836,-0.510540804,8.567237176,3.5219,2.4741,0.334704819,0.170080366,0.164624453,0.523013775,0.264330968,0.258682807,-0.189663458,-8.756900634
O=C1C=Cc2cccc(n2)C=CC(=O)c2cccc(c2)OCCCOc2cccc1c2,,,,,,,,,,,,,,csd_HORBEX,7.89210411,7.753896049,-1.259261958,-1.415736488,6.11576215,2.8901,2.3758,0.366113332,0.227905271,0.138208061,0.360177982,0.15647453,0.203703452,-1.456082014,-7.571844164
O=C1C=Cc2cccc(c2)OCCCOc2cccc(c2)C=CC(=O)c2cccc1c2,,,,,,,,,,,,,,csd_NENQUU,8.108966179,7.958696665,-0.952264031,-1.09469122,7.188163424,3.2229,2.4417,0.381963973,0.231694459,0.150269514,0.32859507,0.142427189,0.186167882,-0.93062988,-8.118793304
O=C1C=Cc2cccc(c2)C=CC(=O)c2cccc(c2)OCCCOc2cccc1c2,,,,,,,,,,,,,,csd_HORBAT,7.945015589,7.789084471,-1.160350424,-1.3032266,6.236036538,2.9537,2.3194,0.457568943,0.301637825,0.155931118,0.319144551,0.142876177,0.176268374,-1.375808384,-7.611844922
O=C1C=Cc2ccc3ccc4ccccc4c3c2C1=C1C(=O)C=Cc2ccc3ccc4ccccc4c3c21,,,,,,,,,,,,,,csd_LATWUZ,7.151255786,7.038511064,-1.566827514,-1.854959232,5.42323202,2.291,1.7284,0.231378534,0.118633813,0.112744722,0.578393001,0.288131719,0.290261283,-1.640303192,-7.063535212
O=C1C=Cc2ccc3c4c(c5c(c1c24)NCCN5)C(=O)C=C3,,,,,,,,,,,,,,csd_FICXIB,7.215789934,7.061341946,-1.498577704,-1.669596754,5.77289851,2.6506,1.3802,0.314280241,0.159832253,0.154447988,0.342817109,0.17101905,0.171798058,-1.502885622,-7.275784132
O=C1C=Cc2ccc3c(c2C1=CC=C(C#Cc1ccccc1)c1ccc(O)cc1)c1ccccc1n3-c1ccccc1,,,,,,,,,,,,,,csd_BEGLIK,6.493236514,6.322476271,-1.664275075,-1.848799388,4.830839842,2.185,1.1924,0.325139222,0.15437898,0.170760243,0.356306616,0.184524313,0.171782303,-1.658806944,-6.489646786
O=C1C=Cc2ccc(O)c(c2)Oc2ccc(cc2)C=CC(=O)NCCCNCCCCN1,,,,,,,,,,,,,,csd_FACWAH,7.367948327,7.181542618,-0.546167084,-0.863440307,6.14569469,3.7119,2.5398,0.395349805,0.208944095,0.186405709,0.62222839,0.317273223,0.304955167,-0.86260138,-7.00829607
O=C1C=Cc2ccc(O)c(N=Nc3ccccc3)c2C1=NNc1ccccc1,,,,,,,,,,,,,,csd_UJIGAW,7.184160627,7.044693767,-1.469933705,-1.849878048,5.430579098,2.2582,1.6973,0.346452824,0.206985963,0.139466861,0.498952584,0.379944343,0.119008242,-1.580710226,-7.011289324
O=C1C=Cc2cc3ccccc3n21,,,,,,,,,,,,,,csd_CARZEB,8.091108834,7.921275738,-0.836012958,-1.066204884,6.968023198,3.2337,1.9053,0.336719143,0.166886047,0.169833096,0.444329155,0.230191927,0.214137228,-0.997569924,-7.965593122
O=C1C=Cc2cc3ccccc3cc21,,,,,,,,,,,,,,csd_ULALEY,8.255053029,8.129723117,-0.818484354,-1.053820623,7.428984314,3.0724,2.2145,0.257934384,0.132604472,0.125329912,0.477065666,0.235336269,0.241729397,-0.8299477,-8.258932014
O=C1C=Cc2cc(-c3cn[nH]c3)cc3ccc(O)c1c23,,,,,,,,,,,,,,csd_CELRET,7.736408725,7.513791336,-1.172356012,-1.327103869,6.575090582,3.2228,2.0103,0.415738463,0.193121075,0.222617389,0.307241904,0.154747858,0.152494046,-1.169273858,-7.74436444
O=C1C=Cc2ccccc2C1=CNc1cc2ccccc2cc1N=Cc1c(O)ccc2ccccc12,,,,,,,,,,,,,,csd_MIGGOB,6.960512579,6.848540118,-0.942464118,-1.14015766,6.43141439,3.1324,1.954,0.220221044,0.108248582,0.111972462,0.382239352,0.197693542,0.18454581,-0.728993406,-7.160407796
O=C1C=Cc2cc(-c3ccc(O)cc3)cc3ccc(O)c1c23,,,,,,,,,,,,,,csd_CELRAP,7.406022736,7.211469553,-1.195841327,-1.31731914,5.570445694,2.9521,1.9853,0.382404389,0.187851206,0.194553183,0.240937681,0.121477812,0.119459869,-1.526015312,-7.096461006
O=C1C=Cc2c[nH]c3cccc1c23,,,,,,,,,,,,,,csd_HBZIND01,7.889462101,7.71831611,-0.41264567,-0.570660446,7.436331392,3.2523,2.032,0.354989203,0.183843212,0.171145991,0.316929761,0.158014777,0.158914984,-0.444634276,-7.880965668
O=C1C=Cc2c3ccccc3nc3c2c1c(Nc1ccccc1)c1cccc(O)c13,,,,,,,,,,,,,,csd_NOCFUG,7.079125984,6.986412934,-1.649973035,-1.887448283,5.15519973,2.5633,1.6411,0.187321645,0.094608596,0.092713049,0.455900068,0.237475248,0.218424819,-1.772006368,-6.927206098
O=C1C=Cc2c(oc3ccccc3c2=O)N(c2ccccc2)C1,,,,,,,,,,,,,,csd_LOBFAL,7.529559553,7.386005812,-0.592285237,-1.02789322,6.301343898,2.9732,2.3286,0.334317356,0.190763615,0.143553741,0.918359716,0.435607983,0.482751733,-0.88164936,-7.182993258
O=C1C=Cc2c(n(C(=O)O)c3ccccc23)CC1,,,,,,,,,,,,,,csd_MIQGIF,7.692207887,7.497421175,-0.520391303,-0.746794315,6.385971352,3.0499,2.2185,0.406708251,0.21192154,0.194786712,0.457623719,0.226403011,0.231220708,-0.938249072,-7.324220424
O=C1C=Cc2c(ccc(O)c2-c2c(O)ccc3c2C=CC(=O)C3=O)C1=O,,,,,,,,,,,,,,csd_BEMSIX,8.197275335,8.113943144,-1.915453168,-2.047355531,5.4286743,1.8058,1.3293,0.203418549,0.120086357,0.083332191,0.252073892,0.131902363,0.120171529,-2.232151142,-7.660825442
O=C1C=Cc2c([nH]c3ccccc23)CCC1,,,,,,,,,,,,,,csd_WIBLAV,7.408118885,7.255655206,0.002170327,-0.231717044,6.54025999,3.191,2.4618,0.331522065,0.179058386,0.152463678,0.475879331,0.233887371,0.24199196,-0.471573562,-7.011833552
O=C1C=COC(=O)C1=CNc1ccccc1,,,,,,,,,,,,,,csd_REZMAL,7.939969426,7.824697064,-0.767191844,-0.91647617,6.359576294,3.3441,2.4562,0.245873176,0.130600815,0.115272361,0.302602605,0.149284325,0.153318279,-1.160294096,-7.51987039
O=C1C=COC(=O)C1=CNc1ccc2cn[nH]c2c1,,,,,,,,,,,,,,csd_ZOQWEJ,7.791995111,7.641445646,-0.95107775,-1.087729347,6.146511032,3.3267,2.3561,0.325074786,0.174525321,0.150549465,0.278312702,0.136651596,0.141661106,-1.282473282,-7.428984314
O=C1C=CN(c2ccccc2)C1=NNc1ccccc1,,,,,,,,,,,,,,csd_KIPTIM,7.396053159,7.177331899,-0.74984923,-1.126139217,8.209407266,3.6815,1.3222,0.450477353,0.231756092,0.21872126,0.751472934,0.376289988,0.375182946,0.056599712,-8.152807554
O=C1C=CCc2c1oc1c(O)ccc(-c3cc(O)cc(O)c3C(=O)O)c21,,,,,,,,,,,,,,csd_ZOGDAD,7.656256648,7.441106176,-0.49930089,-0.795351398,6.492095812,3.2264,2.7103,0.406201439,0.191050967,0.215150472,0.525778671,0.296050508,0.229728163,-0.826138104,-7.318233916
O=C1C=CCN1c1ccccc1,,,,,,,,,,,,,,csd_HEMXOP,7.915839798,7.708979252,0.426834891,0.121188854,7.123672406,4.0556,3.2494,0.440851021,0.233990475,0.206860546,0.64336547,0.305646037,0.337719434,-0.203541272,-7.327213678
O=C1C=Cc2ccccc2C1=CNc1cc(Cl)ccc1O,,,,,,,,,,,,,,csd_IXAKAT01,6.971372649,6.890637786,-0.767249369,-0.912875802,5.73480255,3.0595,1.9851,0.16464829,0.083913427,0.080734863,0.291662398,0.145626433,0.146035965,-0.988862276,-6.723664826
O=C1C=Cc2ccccc2C1=CNc1ccc(C(=O)O)cc1,,,,,,,,,,,,,,csd_DIWMAY01,7.251510665,7.161479952,-1.155071249,-1.312326773,5.641739562,3.0186,1.9269,0.187627311,0.097596598,0.090030713,0.316418595,0.157255524,0.159163071,-1.362202684,-7.003942246
O=C1C=Cc2nsnc2C1=CNc1ccccc1,,,,,,,,,,,,,,csd_KIGHUG,7.479170843,7.410638116,-0.969986816,-1.138385382,5.843103922,3.1403,2.0688,0.138798549,0.070265821,0.068532727,0.343760256,0.168398565,0.17536169,-1.30478663,-7.147890552
O=C1C=Cc2ccccc2C1=NNc1cccc(O)c1,,,,,,,,,,,,,,csd_NAMMEU03,7.215924304,7.133338276,-1.182196008,-1.342433684,5.478471162,2.5433,1.6366,0.166733609,0.084147581,0.082586028,0.318937391,0.160237676,0.158699715,-1.471592512,-6.950063674
O=C1C=Cc2nocc2C1=C1Nc2ccccc2C1=O,,,,,,,,,,,,,,csd_FIQSAB,7.667501296,7.569490895,-1.893610523,-2.080930698,5.086354888,2.3315,1.2606,0.206700243,0.108689842,0.098010401,0.378426763,0.187320176,0.191106587,-2.245756842,-7.33211173
O=C1C=Cc2nccnc2C1=CNc1ccccc1,,,,,,,,,,,,,,csd_KIGJAO,7.423882748,7.362870163,-0.973535074,-1.125910397,5.867594182,3.0515,2.0733,0.122959228,0.061946643,0.061012585,0.306291219,0.152375323,0.153915896,-1.254717654,-7.122311836
O=C1C=Cc2nccc3c2c1nc1ccccc13,,,,,,,,,,,,,,csd_ROPNUF,8.663553777,8.521101472,-1.609797471,-1.791221154,7.068705378,2.6163,2.0183,0.290158043,0.147705738,0.142452305,0.358093806,0.181423683,0.176670123,-1.597581294,-8.666286672
O=C1C=Cc2cnc(-c3ccccc3)n21,,,,,,,,,,,,,,csd_NEVZAP,8.026315035,7.813595575,-1.164296757,-1.345047121,6.837952706,3.0553,1.6678,0.423091119,0.21037166,0.21271946,0.347419509,0.180750364,0.166669145,-1.201655424,-8.03960813
O=C1C=Cc2cccn2CC1=Cc1ccc(Cl)cc1,,,,,,,,,,,,,,csd_SAQTOV,7.991513885,7.724527329,-0.603647357,-1.053597924,8.899216256,3.9305,1.9271,0.539331853,0.272345297,0.266986556,0.907589988,0.449950567,0.45763942,0.048164178,-8.851052078
O=C1C=Cc2ccccc2OCCOCCOc2ccccc2C=C1,,,,,,,,,,,,,,csd_GEJPAO,7.430438763,7.267635406,-0.672146887,-0.880298858,6.279302664,2.858,2.3993,0.394656186,0.231852829,0.162803357,0.41757526,0.208151972,0.209423288,-0.922738574,-7.202041238
O=C1C=Cc2ccccc2N(c2ccccc2)c2ccccc21,,,,,,,,,,,,,,csd_BULCIU,7.142362774,7.001956929,-0.769060397,-1.030808812,5.704597896,2.6026,2.4501,0.258365386,0.117959541,0.140405844,0.505787272,0.261748416,0.244038856,-1.10478284,-6.809380736
O=C1C=Cc2ccccc2C1F,,,,,,,,,,,,,,csd_HERRUU,9.011968515,8.813450059,-0.475439948,-0.865716732,9.159085126,3.6948,2.3084,0.410628679,0.212110223,0.198518456,0.80182314,0.390276783,0.411546356,-0.179867354,-9.33895248
O=C1C=Cc2ccccc2C1=NO,,,,,,,,,,,,,,csd_PEYGOR,8.332625002,8.190679591,-0.955785676,-1.122494468,6.101340108,2.4521,2.0353,0.26779068,0.125845269,0.141945411,0.334262225,0.166708792,0.167553434,-1.506967332,-7.60830744
O=C1C=Cc2ccccc2C1=NNc1nnn[nH]1,,,,,,,,,,,,,,csd_EWIXOZ02,8.20035738,8.079987453,-1.758306979,-1.932989065,5.65725006,2.5567,1.7144,0.24806764,0.127697712,0.120369927,0.347257519,0.174682086,0.172575434,-2.151605398,-7.808855458
O=C1C=Cc2ccccc2C1=NNc1ccccc1-c1ccccc1,,,,,,,,,,,,,,csd_KELROL,7.112658864,7.018122379,-1.239837644,-1.42404304,5.45860684,2.5169,1.6246,0.196594202,0.102057716,0.094536485,0.37661013,0.184205395,0.192404734,-1.470231942,-6.928838782
O=C1C=Cc2ccccc2C1=NNc1ccccc1,,,,,,,,,,,,,,csd_JARPEX,7.380796816,7.290331401,-1.198071084,-1.375328402,6.181885852,2.7344,1.6299,0.183032693,0.092567278,0.090465415,0.352783093,0.177257318,0.175525775,-1.203015994,-7.384901846
O=C1C=Cc2ccccc2C1=NNc1ccc(F)cc1,,,,,,,,,,,,,,csd_RAHHIU,7.415298667,7.301431203,-1.238609458,-1.425110869,6.281479576,2.7951,1.6106,0.234147403,0.120279939,0.113867464,0.371540265,0.186501412,0.185038853,-1.18505647,-7.466536046
O=C1C=Cc2ccccc2C1=CNc1ccc(Cl)cc1,,,,,,,,,,,,,,csd_IHARAK,7.142954676,7.064697955,-0.951641435,-1.09126721,5.707046922,3.0558,1.9495,0.159449008,0.081192287,0.078256721,0.279058077,0.139625775,0.139432302,-1.179069962,-6.886116884
O=C1C=Cc2ccccc2C1=CNc1ccccn1,,,,,,,,,,,,,,csd_DUMWOY,7.17836966,7.075119731,-0.834884174,-0.983332484,5.791130148,3.0593,1.9931,0.219830234,0.116580304,0.103249929,0.297343512,0.14844831,0.148895202,-1.087639658,-6.878769806
O=C1C=Cc2ccccc2C1=CNc1ccccc1Oc1ccccc1,,,,,,,,,,,,,,csd_NUQJIT,6.87450578,6.744183038,-0.797268986,-1.034325995,5.700244072,3.0133,1.9419,0.235083094,0.104760353,0.130322742,0.420901853,0.237057009,0.183844844,-0.986141136,-6.686385208
O=C1C=Cc2ccccc2C1=CNc1ccccc1N=Nc1ccccc1,,,,,,,,,,,,,,csd_KEVPIM,7.213662955,7.083996552,-1.079141538,-1.417371076,7.132380054,2.6076,1.699,0.283757214,0.154090811,0.129666403,0.679367704,0.338229539,0.341138165,-0.607086334,-7.739466388
O=C1C=Cc2ccccc2C1=CNc1ccccc1,,,,,,,,,,,,,,csd_WUMCOY,7.188062306,7.094209889,-0.746146166,-0.921398086,6.501347688,3.2585,2.0076,0.193452346,0.099599928,0.093852418,0.341107389,0.17525192,0.165855469,-0.70341469,-7.204762378
O=C1C=Cc2ccccc2C1=CNc1cccc2cccnc12,,,,,,,,,,,,,,csd_DUJDAO,6.883188556,6.807432808,-1.001869488,-1.105204072,5.50758736,2.8516,1.8324,0.158211624,0.082455875,0.075755748,0.210158214,0.103334584,0.10682363,-1.1700902,-6.67767756
O=C1C=Cc2ccccc2C1=CNc1cccc2c1CCCC2,,,,,,,,,,,,,,csd_XIBGUM,6.984841421,6.900007297,-0.763042623,-0.927504705,5.788409008,3.0863,2.0058,0.166098984,0.08126486,0.084834125,0.310191483,0.164462082,0.145729401,-0.970902752,-6.75931176
O=C1C=Cc2ccccc2C1=CNc1ccc(Oc2ccccc2)cc1,,,,,,,,,,,,,,csd_IVEGAS,6.892775241,6.726263787,-0.818736059,-1.062838372,5.681196092,3.0338,1.961,0.291035991,0.124524537,0.166511455,0.414393703,0.244102313,0.17029139,-1.011991966,-6.693188058
O=C1C=Cc2ccccc2C1=CNc1ccc(Oc2ccc(NC=C3C(=O)C=Cc4ccccc43)cc2)cc1,,,,,,,,,,,,,,csd_WIGPOT,6.793681935,6.707807927,-1.027067354,-1.17654556,5.5375199,2.9386,1.9468,0.180459746,0.094585738,0.085874008,0.322438763,0.149478207,0.172960556,-1.140701888,-6.678221788
O=C1C=Cc2ccccc2C1=CNc1ccc(O)cc1,,,,,,,,,,,,,,csd_JELRIE,6.883082105,6.780228592,-0.660346228,-0.823186728,5.70214887,3.058,1.9688,0.196399177,0.093545664,0.102853514,0.309627827,0.162840501,0.146787326,-0.908588646,-6.610737516
O=C1C=Cc2ccccc2C1=CNc1ccc(O)c(C(=O)O)c1,,,,,,,,,,,,,,csd_SELRUY,6.957403677,6.849494149,-0.812434987,-0.961759722,5.684189346,3.0507,1.9692,0.211275296,0.103365768,0.107909528,0.292666498,0.149324734,0.143341764,-1.028863034,-6.71305238
O=C1C=Cc2ccccc2C1=CNc1ccc(Nc2ccccc2)cc1,,,,,,,,,,,,,,csd_ITAFOZ,6.550687126,6.406367113,-0.764924971,-0.988236686,5.45452513,2.9261,1.9295,0.293479031,0.149159017,0.144320014,0.453975678,0.223311715,0.230663963,-0.930085652,-6.384610782
O=C1C=Cc2ccccc2C1=CNc1ccc(I)cc1,,,,,,,,,,,,,,csd_OCOQIG,7.131152004,7.060257599,-1.017167574,-1.15403493,5.690175854,3.0413,1.9475,0.144464506,0.073570102,0.070894405,0.273680288,0.136867355,0.136812933,-1.21498901,-6.905164864
O=C1CCC(=O)N1c1cccc2ccccc12,,,,,,,,,,,,,,csd_PIDQOJ,7.897003169,7.659541581,0.070275862,-0.070525717,7.133196396,4.2343,2.686,0.46686335,0.229401762,0.237461588,0.278860005,0.14080158,0.138058426,-0.348033806,-7.481230202
O=C1CCC(=O)N1c1cccc2cccnc12,,,,,,,,,,,,,,csd_HAPLAN01,8.200302794,7.955249633,-0.256083411,-0.415822682,7.049929512,3.8218,2.7878,0.531905263,0.286852102,0.245053161,0.321537331,0.159739272,0.161798059,-0.719197302,-7.769126814
O=C1CCC(=O)N1c1cn(-c2ccccc2)cn1,,,,,,,,,,,,,,csd_XEBJAP,7.92216419,7.578986286,0.891732599,0.334346635,7.596334424,4.6683,3.5811,0.643648932,0.300471027,0.343177904,0.769149323,0.557385964,0.21176336,0.14830213,-7.448032294
O=C1CCCCCN1c1cc2ccccc2o1,,,,,,,,,,,,,,csd_CEDKAA,7.388359408,7.106312948,1.005983444,0.838661226,8.370770868,4.7072,3.1249,0.574559296,0.292512836,0.28204646,0.359934113,0.167322218,0.192611895,0.977433488,-7.39333738
O=C1CCCN1c1nc(-c2ccccc2)cs1,,,,,,,,,,,,,,csd_XADNUO,7.621685108,7.378314238,0.585581165,0.391474357,8.217298572,4.6919,2.9009,0.498172978,0.254802107,0.24337087,0.404785902,0.194106807,0.210679094,0.585861442,-7.63143713
O=C1CCCN1c1ccccc1-c1nc2ccccc2o1,,,,,,,,,,,,,,csd_WEDDUG,7.797583163,7.458970705,-0.264115916,-0.587494861,6.89672933,3.6226,2.9845,0.625516425,0.286903967,0.338612457,0.555586882,0.323378944,0.232207938,-0.557561586,-7.454290916
O=C1CCCN1c1ccccc1,,,,,,,,,,,,,,csd_GAFRIQ,7.889752991,7.688027862,1.632661986,1.406950171,7.979198822,4.8171,3.5497,0.438429723,0.236704594,0.201725129,0.46386245,0.225711815,0.238150635,0.666407186,-7.312791636
O=C1CCCN1c1cccc2oc3ccccc3c(=O)c12,,,,,,,,,,,,,,csd_CEDGIE,7.980608427,7.580710182,-0.569932161,-0.744962035,6.941083912,3.253,2.9221,0.704550929,0.304652685,0.399898245,0.340646618,0.175029875,0.165616744,-0.74967407,-7.690757982
O=C1CCCN1c1cc2ccccc2o1,,,,,,,,,,,,,,csd_CEDJUT,7.587237843,7.270230367,1.061731031,0.864827273,9.223031916,4.9602,2.9955,0.644956385,0.327948908,0.317007477,0.47910712,0.196903758,0.282203361,1.29662321,-7.926408706
O=C1Oc2ccccc2C1=Cc1ccccc1,,,,,,,,,,,,,,csd_ZIVBAH,7.925951201,7.728605257,-0.997046349,-1.250246576,6.215627988,3.4283,2.112,0.391632129,0.194286185,0.197345944,0.485566235,0.253200227,0.232366009,-1.33744031,-7.553068298
O=C1CCCCc2c1[nH]c1ccc(O)cc21,,,,,,,,,,,,,,csd_LISRAJ,7.352724801,7.194753862,-0.011993615,-0.210761599,6.351412874,3.4342,2.4769,0.337969942,0.179999003,0.157970939,0.391506358,0.198767984,0.192738373,-0.484635034,-6.836047908
O=C1CCCCc2c1[nH]c1ccc(Cl)cc21,,,,,,,,,,,,,,csd_PAXFEB,7.894397487,7.726623424,-0.176072724,-0.405903746,7.783276742,3.9279,2.5786,0.378231929,0.210457866,0.167774064,0.451109501,0.229831022,0.221278479,-0.154016524,-7.937293266
O=C1CCCCN1c1nc2ccccc2s1,,,,,,,,,,,,,,csd_CEDKOO,7.805040148,7.574030872,0.503440016,0.33669536,7.459733196,4.4857,3.3133,0.478572334,0.247563059,0.231009276,0.356014638,0.166744656,0.189269981,0.103131206,-7.35660199
O=C1CCCCN1c1cc2ccccc2s1,,,,,,,,,,,,,,csd_CEDKEE,7.264711813,7.062273691,0.696990623,0.542785252,7.171292356,4.3533,3.0157,0.415017932,0.212579811,0.202438122,0.346916234,0.154205371,0.192710863,0.320006064,-6.851286292
O=C1CCCCN1c1cc2ccccc2o1,,,,,,,,,,,,,,csd_HEWBUJ,7.282695338,7.051890937,0.843720315,0.67396937,7.24911696,4.4174,3.0899,0.480627774,0.249823374,0.230804401,0.448898112,0.169750945,0.279147167,0.432389146,-6.816727814
O=C1CCCCCN1c1cc2ccccc2s1,,,,,,,,,,,,,,csd_CEDKII,7.33562064,7.091500096,0.81594036,0.573453588,8.1089972,4.6139,3.0067,0.495897016,0.251776472,0.244120544,0.995567437,0.242486772,0.753080665,0.785865232,-7.323131968
O=C1CCCCCCCCC(=O)Oc2ccccc2C(=O)C2=CNc3ccccc3N=CC(=CNc3ccccc3N=C2)C(=O)c2ccccc2O1,,,,,,,,,,,,,,csd_EFICAY,6.54963976,6.414086715,-1.287517731,-1.463099018,4.7756007,2.217,1.8273,0.275348075,0.13979503,0.135553045,0.33255705,0.175581286,0.156975764,-1.520300918,-6.295901618
O=C1CCCOc2c1ccc1ccccc21,,,,,,,,,,,,,,csd_NOHHOJ,7.68362533,7.48323326,-0.167388206,-0.391324776,6.661894948,3.5824,2.5601,0.396451676,0.196059606,0.200392069,0.440964329,0.22393657,0.217027759,-0.592120064,-7.254015012
O=C1CCCCCCC(=O)Nc2ccccc2C#Cc2ccccc2N1,,,,,,,,,,,,,,csd_GOGBIP,7.795185267,7.468721938,-0.124462767,-0.426397468,7.735656792,4.2696,2.9387,0.6518431,0.325379771,0.326463329,0.575524375,0.301934701,0.273589674,-0.085443796,-7.821100588
O=C1CCCCC1=Cc1cnn(-c2ccccc2)c1,,,,,,,,,,,,,,csd_EVALUJ,8.143358232,7.820477746,-0.022049289,-0.382499248,9.217045408,3.8699,2.3495,0.664827265,0.341946779,0.322880486,0.694702117,0.36044996,0.334252157,0.508308952,-8.708736456
O=C1CCCCC1=Cc1ccc(-c2ccccc2)cc1,,,,,,,,,,,,,,csd_HEXHEX10,7.645019074,7.449946181,-0.607959167,-0.892467143,6.457809448,3.1014,2.3749,0.381210897,0.186138003,0.195072894,0.519232125,0.284507976,0.234724149,-0.899880998,-7.357690446
O=C1CCCCC1=Cc1ccc(-c2ccc(O)cc2)cc1,,,,,,,,,,,,,,csd_RUFRAM,7.35294856,7.137814252,-0.530052874,-0.795741718,6.230866372,3.1107,2.3488,0.415693809,0.200559501,0.215134308,0.487407087,0.265688844,0.221718242,-0.822328508,-7.05319488
O=C1CCCCC1=Cc1c[nH]c2ccccc12,,,,,,,,,,,,,,csd_GAVMAS,7.230620909,7.078241314,-0.029088959,-0.231915279,6.439849924,3.1899,2.2654,0.31653291,0.164153315,0.152379595,0.403796006,0.20282632,0.200969686,-0.41905556,-6.858905484
O=C1CCCC2Oc3ccc(-c4ccnc5[nH]ccc45)cc3C=C12,,,,,,,,,,,,,,csd_YEGYAN,7.32665911,7.112101847,-0.699147398,-0.919739333,6.019978022,3.0368,2.2056,0.41571264,0.201155376,0.214557263,0.429939032,0.220591935,0.209347096,-1.032944744,-7.052922766
O=C1CCCC2Oc3ccc(-c4ccc(O)cc4)cc3C=C12,,,,,,,,,,,,,,csd_YEGXOA,7.412797994,7.079408873,-0.541843519,-0.796964245,6.912239828,3.3164,2.233,0.639094233,0.305705113,0.33338912,0.498126419,0.255120726,0.243005693,-0.501778216,-7.414018044
O=C1CCCC2Cc3ccccc3C(c3ccc(Cl)cc3Cl)=C12,,,,,,,,,,,,,,csd_DATKOB,7.879854627,7.568056609,-0.653522588,-0.940091828,7.424086262,3.0678,2.319,0.808158988,0.49636097,0.311798017,0.56001034,0.28656924,0.2734411,-0.504227242,-7.928313504
O=C1CCCC2Cc3ccccc3C(c3ccc(Br)cc3)=C12,,,,,,,,,,,,,,csd_DATKIV,7.527280871,7.296170369,-0.706983193,-0.98259413,6.194947324,2.7367,2.3119,0.586354785,0.355244283,0.231110502,0.53557668,0.275610937,0.259965743,-0.974712348,-7.169659672
O=C1CCCC2C1=COc1c2c(-c2ccc(Br)cc2)nn1-c1ccccc1,,,,,,,,,,,,,,csd_DENTIC,7.632600145,7.428821318,-0.25784924,-0.478388929,6.900538926,3.4605,2.9074,0.414135195,0.210356367,0.203778828,0.446132808,0.220539689,0.225593118,-0.524907906,-7.425446832
O=C1CCCC2C(=C(O)c3ccccc3)c3ccccc3N12,,,,,,,,,,,,,,csd_IJAFAC,6.73911633,6.536065652,-0.030174096,-0.411743612,6.18106951,3.3614,2.2944,0.413776766,0.210726088,0.203050678,0.681363905,0.381569516,0.299794388,-0.27483514,-6.45590465
O=C1CCCC2C(=C(O)c3ccccc3)c3cc(Cl)ccc3N12,,,,,,,,,,,,,,csd_IJAFIK,6.799045574,6.576209515,-0.171375492,-0.59013989,6.142157208,3.3225,2.2671,0.452561773,0.229725714,0.222836059,0.733406279,0.418764398,0.314641881,-0.396197984,-6.538355192
O=C1CCCN1c1ncoc1-c1ccc(O)c(O)c1,,,,,,,,,,,,,,csd_GOFCEM,7.177028955,6.788917573,0.748093768,0.362017881,7.06680058,4.2566,2.9845,0.677273324,0.289161942,0.388111382,0.759712764,0.386075887,0.373636876,0.351843402,-6.714957178
O=C1CCC[SiH2]C(c2ccccc2)=C1c1ccccc1,,,,,,,,,,,,,,csd_LIHGIV,7.823580091,7.474926681,-0.452364218,-0.890222039,6.859721826,3.3907,2.7584,0.687376291,0.338722881,0.34865341,0.805740439,0.437857821,0.367882618,-0.720557872,-7.580279698
O=C1CCCC2=C1c1c(sc3ccccc13)CN2c1ccc(Br)cc1,,,,,,,,,,,,,,csd_BUGBIP,6.880744265,6.517479694,-0.343704744,-0.599548232,6.19331464,3.2924,2.3515,0.614811378,0.251546808,0.363264571,0.528968935,0.255843488,0.273125448,-0.495519594,-6.688834234
O=C1CCCc2c1c(-c1cc(Cl)ccc1O)c1c(-c3ccc(Br)cc3)nc3c(n21)C(=O)CCC3,,,,,,,,,,,,,,csd_ELIBOS,7.314036558,7.064971702,-1.318272328,-1.580936353,6.137803384,2.8717,1.9465,0.496791999,0.247727143,0.249064856,0.513492996,0.262664025,0.250828971,-1.225329342,-7.363132726
O=C1CCCc2c1cc(-c1ccc(Br)cc1)n2-c1ccc(O)cc1,,,,,,,,,,,,,,csd_FEKKUD,7.578101425,7.227242532,0.551947602,0.252595535,9.060307744,4.164,3.0029,0.634089023,0.283230129,0.350858894,0.594692086,0.299352067,0.295340018,0.94967786,-8.110629884
O=C1CCCc2c1cc(-c1ccc(Br)cc1)n2-c1ccc(F)cc1,,,,,,,,,,,,,,csd_EGABIY,7.392317769,7.13277598,0.112365667,-0.120222958,7.045575688,3.7785,3.0971,0.496760706,0.237218917,0.259541789,0.480356041,0.232588625,0.247767416,-0.090069734,-7.135645422
O=C1CCCc2c1c1ccccc1c1nc(-c3ccccc3)c(-c3ccccc3)n21,,,,,,,,,,,,,,csd_KEXTOZ,7.176658444,7.002043707,-0.65670224,-0.846136306,6.210729936,3.3196,2.6738,0.346133362,0.171518624,0.174614737,0.376018826,0.189434066,0.18658476,-0.83947169,-7.050201626
O=C1CCCc2c1c1ccccc1c(=O)n2-c1ccccc1,,,,,,,,,,,,,,csd_CEVVEG,7.629290259,7.473916104,-0.107922181,-0.442994898,6.878769806,3.4965,2.7793,0.344888957,0.189514802,0.155374155,0.725662132,0.335072717,0.390589415,-0.430756462,-7.309526268
O=C1CCCc2c1c1c(n2-c2ccccc2)C(=O)c2ccccc2C1=O,,,,,,,,,,,,,,csd_MIGRAW,7.781974132,7.474381093,-1.284574002,-1.498454518,5.599561892,2.4126,2.0499,0.781537803,0.473944763,0.30759304,0.417640023,0.213880516,0.203759507,-1.60955431,-7.209116202
O=C1CCCc2c1c1c(n2-c2ccc(O)cc2)-c2cccc3cccc-1c23,,,,,,,,,,,,,,csd_AVALIU,6.861041035,6.677432113,-0.46660476,-0.640737312,5.995759876,2.7817,2.1805,0.365495361,0.18188644,0.183608922,0.342398597,0.174132551,0.168266046,-0.693346472,-6.689106348
O=C1CCCc2c1c(O)c(-c1ccc(Br)cc1)n2-c1ccc(Br)cc1,,,,,,,,,,,,,,csd_GILROK,6.941581608,6.713409938,-0.15780816,-0.441514489,6.334541806,3.3679,2.7092,0.449889614,0.221717943,0.228171671,0.703239176,0.283706328,0.419532848,-0.361095278,-6.695637084
O=C1CCCc2c1c(-c1ccccc1)nc1ccnn21,,,,,,,,,,,,,,csd_EXUDIK,7.782961389,7.639804962,-0.401833628,-0.638065805,6.658357466,3.2861,2.8269,0.295549056,0.152392629,0.143156427,0.477063081,0.236232177,0.240830904,-0.78504889,-7.443406356
O=C1CCCc2c1c(-c1ccccc1)nc1cc(-c3ccc(Cl)cc3)nn21,,,,,,,,,,,,,,csd_GEHXUN,7.848815127,7.584258277,-0.804696337,-0.982632498,6.505701512,3.2519,2.7821,0.423478229,0.158921379,0.26455685,0.353555271,0.177936161,0.17561911,-1.009270826,-7.514972338
O=C1CCCc2c1c(-c1ccccc1)cn2-c1ccc(F)cc1,,,,,,,,,,,,,,csd_MOKVUF,7.332215024,7.105341365,0.298996877,0.016280744,7.019452744,3.6612,3.1304,0.452911793,0.226038134,0.22687366,0.558830726,0.282716133,0.276114593,-0.020136436,-7.03958918
O=C1CCCc2c1c(-c1ccccc1)c1c3ccccc3ccn21,,,,,,,,,,,,,,csd_GIVDAS,6.967150338,6.747033296,-0.02191481,-0.204143896,6.476857428,3.3475,2.6574,0.405026559,0.184909518,0.220117042,0.3638162,0.182229086,0.181587114,-0.300958084,-6.777815512
O=C1CCCc2c1c(-c1cc3cc(O)ccc3[nH]1)c(-c1ccccc1)n2-c1ccccc1,,,,,,,,,,,,,,csd_NOMQEN,6.313606171,6.129247848,-0.036429262,-0.283670682,5.884193136,3.1156,2.4955,0.36482324,0.180464916,0.184358323,0.58435393,0.24724142,0.337112511,-0.228847874,-6.11304101
O=C1CCCc2c1c(-c1c(-c3ccccc3)[nH]c3ccccc13)c(-c1ccccc1)n2-c1ccc(F)cc1,,,,,,,,,,,,,,csd_NOMQIR,6.397309254,6.190790783,0.179400678,-0.061975868,6.416176006,3.4492,2.7063,0.426520735,0.220002264,0.206518471,0.499801308,0.241376547,0.258424761,0.087892822,-6.328283184
O=C1CCCc2[nH]c(-c3ccccc3)c(Nc3ccc(Cl)cc3)c21,,,,,,,,,,,,,,csd_HICHAE,6.541462462,6.373590165,0.31830127,0.155787442,6.37154931,3.3669,2.7788,0.317883847,0.15001155,0.167872297,0.323361774,0.162513828,0.160847946,0.062314106,-6.309235204
O=C1CCCc2c1[nH]c1ccc(Cl)cc21,,,,,,,,,,,,,,csd_MODVAD,7.816932618,7.692904417,-0.20843878,-0.395859202,6.679582358,3.5811,2.5815,0.263618873,0.139590672,0.124028201,0.370255452,0.187420422,0.182835029,-0.685455166,-7.365037524
O=C1CCCc2c(ccc3ccccc23)O1,,,,,,,,,,,,,,csd_WACNAS,7.839327546,7.671361424,0.058378521,-0.091025371,7.068433264,4.125,2.6786,0.374508185,0.206542064,0.167966122,0.297575761,0.149403892,0.148171869,-0.352115516,-7.42054878
O=C1CCCc2c(c3ccccc3oc2=O)O1,,,,,,,,,,,,,,csd_NOKPOV,8.3909574,8.206570042,-0.533915777,-0.77908943,6.971832794,4.0687,2.7485,0.411533513,0.227146155,0.184387358,0.482867871,0.245173653,0.237694219,-0.958929736,-7.93076253
O=C1CCCc2c(O)ccc(O)c21,,,,,,,,,,,,,,csd_DUGXUY,7.748525907,7.462511208,-0.018790941,-0.296465754,7.786814224,3.6991,2.5049,0.578863758,0.29284906,0.286014699,0.541964882,0.277674813,0.264290069,0.042721898,-7.744092326
O=C1CCCc2c(O)ccc(O)c2-c2c(O)cccc2O1,,,,,,,,,,,,,,csd_BENGIN,7.426251609,7.142444925,1.303028937,0.745288191,8.801799444,4.5671,3.4519,0.578876956,0.295070272,0.283806684,0.98016007,0.557740746,0.422419324,1.39186311,-7.409936334
O=C1CCCc2c(O)cc3c(c21)-c1ccc(O)c2cccc-3c12,,,,,,,,,,,,,,csd_RAWFUS,6.987255508,6.805263951,-0.429024701,-0.58373498,6.023787618,3.1024,2.2269,0.369566541,0.187574983,0.181991558,0.313078803,0.154710279,0.158368525,-0.657971652,-6.68175927
O=C1CCCc2c(Br)c(O)c3c(O)cccc3c21,,,,,,,,,,,,,,csd_ZANKOR,7.316788174,7.196568753,-0.267279895,-0.455389582,6.32937164,3.2689,2.3549,0.248372598,0.128153177,0.120219421,0.376431351,0.188109687,0.188321664,-0.619875692,-6.949247332
O=C1CCCc2[nH]cc(-c3ccccc3)c21,,,,,,,,,,,,,,csd_CIPCUC,7.442783188,7.217509776,0.680427424,0.422545585,7.282859096,3.7091,3.1816,0.420262903,0.194989491,0.225273412,0.434476995,0.257881839,0.176595156,0.251161222,-7.031697874
O=C1CCCc2[nH]c3ccccc3c21,,,,,,,,,,,,,,csd_JAZDOD02,7.796176769,7.611575339,0.76237763,0.526870474,8.351722888,3.9413,3.1609,0.377140643,0.192539213,0.18460143,0.687257159,0.235507157,0.451750003,0.662053362,-7.689669526
O=C1CCCc2[nH]c3cccc(F)c3c21,,,,,,,,,,,,,,csd_COLZUB,7.653714885,7.511151232,0.660460624,0.452513038,7.315240662,3.6746,3.1289,0.303171187,0.160607533,0.142563654,0.578996686,0.207947587,0.371049099,0.170343364,-7.144897298
O=C1CCCc2[nH]c(=O)c(-c3ccccc3)cc21,,,,,,,,,,,,,,csd_UBILAU,7.755711376,7.529737978,-0.105660723,-0.397434171,7.733751994,3.9354,2.6034,0.446653525,0.220680127,0.225973398,0.544232626,0.291773447,0.252459179,-0.029660426,-7.76341242
O=C1CCCc2[nH]c(-c3ccccc3)cc21,,,,,,,,,,,,,,csd_TAWPOX,7.377911809,7.186472263,0.584607595,0.36200071,7.178639434,3.8056,3.0649,0.362763881,0.171324335,0.191439546,0.39432486,0.222606885,0.171717975,0.2040855,-6.974553934
O=C1CCCC2=C1c1cccc3cccc(c13)S2,,,,,,,,,,,,,,csd_BOQBER,7.050850618,6.9045156,0.266429811,0.103684958,6.925845528,3.247,2.1301,0.296166973,0.149831955,0.146335018,0.324981396,0.162744853,0.162236544,-0.12789358,-7.053739108
O=C1CCCC2=C1Cn1nc3ncc(C(=O)O)cc3c1N2,,,,,,,,,,,,,,csd_FIYWOC,7.463094158,7.297731922,-0.653718891,-0.822082054,6.135354358,3.1787,2.2932,0.350772661,0.185410425,0.165362236,0.338513598,0.168363163,0.170150435,-0.978794058,-7.114148416
O=C1CCC(=O)N1c1nc2ccccc2s1,,,,,,,,,,,,,,csd_REMKOM,8.37915334,7.950061943,0.127949091,-0.055894937,7.480141746,4.3822,3.2774,0.701587172,0.272495776,0.429091396,0.38936112,0.183844028,0.205517092,-0.253338134,-7.73347988
O=C1CCC1=C(C(=O)c1ccccc1)c1ccccc1,,,,,,,,,,,,,,csd_XEGPEG,8.268467025,8.00102446,-0.885656239,-1.299784957,6.516313958,2.9597,2.5204,0.474393371,0.206950806,0.267442565,0.802231801,0.414128718,0.388103082,-1.177709392,-7.69402335
O=C1CCC2Oc3ccc4ccccc4c3C=C12,,,,,,,,,,,,,,csd_MAHXID,7.415054445,7.260705942,-0.845553873,-1.034124794,5.883921022,2.9185,1.9174,0.302254898,0.147906395,0.154348503,0.371965117,0.18857092,0.183394196,-1.19185932,-7.075780342
O=C1CCC2N1c1ccccc1-c1nccn12,,,,,,,,,,,,,,csd_RIHSEI,7.78608836,7.540240626,0.479318879,0.2508484,8.327776856,4.538,3.028,0.499744871,0.253897138,0.245847734,0.488131508,0.228470479,0.259661029,0.534159782,-7.793617074
O=C1CCC2N1c1ccccc1-c1nc3ccccc3n12,,,,,,,,,,,,,,csd_BIHDUT,7.744832966,7.535436671,-0.047373741,-0.274370342,7.769671042,4.2546,2.9472,0.425202506,0.215806212,0.209396295,0.458282752,0.226996601,0.231286151,0.00272114,-7.766949902
O=C1CCC2Cc3ccccc3C2=C1c1ccccc1,,,,,,,,,,,,,,csd_DEMNAN,7.891802173,7.566838981,-0.410182521,-0.727961795,7.62735542,3.4582,2.4955,0.700567915,0.375604723,0.324963192,0.624761254,0.317779274,0.30698198,-0.350210718,-7.977566138
O=C1CCC2CC(=O)n3ccc(c32)-c2ccccc2N1,,,,,,,,,,,,,,csd_BITKUM,7.958689944,7.735391073,0.484262428,0.19432888,7.610484352,4.3718,3.2748,0.496886831,0.27358796,0.223298871,0.72477338,0.289933549,0.434839832,0.0816342,-7.528850152
O=C1CCC2C1=CC(C(=O)c1ccccc1)=Cc1cccn12,,,,,,,,,,,,,,csd_WIVSIG,7.483667745,7.30552407,-1.086783261,-1.281242374,5.828137652,2.8961,1.7916,0.390007717,0.211864042,0.178143675,0.389080706,0.194459113,0.194621593,-1.348052756,-7.176190408
O=C1CCC2C1=CC(C(=O)c1ccccc1)=CC1=C(c3ccccc3)c3ccc(Cl)cc3C12,,,,,,,,,,,,,,csd_MINPUX,7.185666234,6.997304841,-1.681800033,-1.915766915,5.35520352,2.6774,1.4252,0.392572337,0.204210945,0.188361393,0.459767624,0.233966883,0.225800741,-1.749420906,-7.104624426
O=C1CCC2C(=C(O)c3ccccc3)c3ccccc3N12,,,,,,,,,,,,,,csd_IJACUT,6.811366053,6.601048326,-0.116433064,-0.450780651,6.13889184,3.3624,2.2749,0.422382099,0.212064372,0.210317727,0.596558978,0.334347587,0.262211391,-0.379326916,-6.518218756
O=C1CCC2=CNCCc3c2n1c1ccccc31,,,,,,,,,,,,,,csd_WOZGEZ,6.532765399,6.349311746,0.454431795,0.231434182,6.31168423,3.4733,2.2662,0.365078537,0.181624884,0.183453653,0.447699803,0.222997613,0.22470219,0.147757902,-6.163926328
O=C1CCC2=C3c4cccc(O)c4CCC3c3ccc(O)c1c32,,,,,,,,,,,,,,csd_BICYUK,7.173210923,7.029278291,-0.592218705,-0.78604012,6.057529754,3.226,2.2256,0.290139321,0.146206689,0.143932632,0.386213876,0.193821414,0.192392462,-0.856886986,-6.91441674
O=C1CCC2=C1Cc1c(ccc3ccccc13)N2,,,,,,,,,,,,,,csd_QEDGUD,7.122911684,7.018108528,0.130500487,-0.006239492,7.222449788,3.6772,2.4531,0.212876932,0.108073776,0.104803156,0.269781221,0.136739979,0.133041242,0.095784128,-7.12666566
O=C1CCC2=C1CCc1c2ccc2ccccc12,,,,,,,,,,,,,,csd_VEFWEI,7.666152754,7.540426344,-0.472396897,-0.692027427,7.243402566,3.5275,2.2119,0.259577545,0.133851135,0.12572641,0.441810549,0.219630529,0.22218002,-0.449804442,-7.693207008
O=C1CCC(c2cnn3ccccc23)=NN1,,,,,,,,,,,,,,csd_DISLAT,7.299377096,7.023679327,-0.004265931,-0.176493276,6.432230732,3.5759,2.4679,0.562764378,0.28706661,0.275697769,0.348130978,0.172227345,0.175903633,-0.417967104,-6.850197836
O=C1CCC2c3cc[nH]c3-c3ccccc3N12,,,,,,,,,,,,,,csd_RIHTIN,7.01413667,6.827589353,0.663587296,0.51272743,6.94298871,3.9838,2.8201,0.378915752,0.192368434,0.186547317,0.309959125,0.150859866,0.15909926,0.31020996,-6.63277875
O=C1CCC(c2ccsc2)=C1c1ccsc1,,,,,,,,,,,,,,csd_MAYHIG,7.763160715,7.504501119,-0.285488131,-0.661471038,7.512251198,3.5729,2.4397,0.514745264,0.256085669,0.258659595,0.701994527,0.375982907,0.32601162,-0.256331388,-7.768582586
O=C1CCC(c2ccccc2)=C1c1ccccc1,,,,,,,,,,,,,,csd_CAZZUZ,7.775665605,7.563835659,-0.416136539,-0.822133239,6.718766774,3.2949,2.6119,0.43699522,0.225165274,0.211829946,0.729179668,0.4059967,0.323182968,-0.733075116,-7.45184189
O=C1CCC(c2ccc3nc(-c4ccc(O)cc4)[nH]c3c2)=NN1,,,,,,,,,,,,,,csd_MIHYOT,7.063136837,6.85397369,-0.270094642,-0.440128612,6.265969078,3.7336,2.4935,0.427977634,0.218814487,0.209163147,0.342777924,0.17003397,0.172743954,-0.514839688,-6.780808766
O=C1CCC(c2ccc3[nH]c(-c4ccc(O)cc4)nc3c2)=NN1,,,,,,,,,,,,,,csd_TEPPAI,7.458923657,7.194642186,0.08173978,-0.113205955,7.592252714,4.1888,2.713,0.574576602,0.310295132,0.264281471,0.401183385,0.194945735,0.20623765,0.13877814,-7.453474574
O=C1CCC(c2ccc(O)n3nccc23)=NN1,,,,,,,,,,,,,,csd_IVALOH,7.340502229,7.122904391,-0.061654202,-0.313924806,7.156870314,3.7361,2.2646,0.45232449,0.234726652,0.217597838,0.508108241,0.252270604,0.255837637,-0.102586978,-7.259457292
O=C1CCC(c2cc3cc(O)c(O)cc3s2)=NN1,,,,,,,,,,,,,,csd_OFEREZ,7.108612801,6.888944148,-0.218480875,-0.443778205,6.11984386,3.5652,2.2409,0.451141338,0.231472686,0.219668652,0.452131833,0.225297331,0.226834503,-0.579330706,-6.699174566
O=C1CCC(c2cc(F)cc(F)c2)=NN1c1ccccc1,,,,,,,,,,,,,,csd_CILKEP,7.677818716,7.484492169,-0.430958289,-0.749067446,6.560396426,3.7256,2.5864,0.428566652,0.235240104,0.193326548,0.596502188,0.318109157,0.278393031,-0.800559388,-7.360955814
O=C1CCC(c2cc(F)cc(F)c2)=NN1c1cccc(F)c1,,,,,,,,,,,,,,csd_CILKAL,8.017056954,7.784709694,-0.436403916,-0.802522418,7.704363682,4.1604,2.6991,0.518262338,0.285915078,0.23234726,0.690223964,0.366118502,0.324105461,-0.37823846,-8.082602142
O=C1CCC(C(=O)c2ccccc2)=C(c2ccccc2)O1,,,,,,,,,,,,,,csd_IYOSAR,8.138751016,7.707976023,-0.656940803,-1.018389257,6.865164106,3.4197,2.6936,0.926263729,0.495488736,0.430774993,0.766126463,0.361448455,0.404678009,-0.954848026,-7.820012132
O=C1CCC(=O)c2ccccc2N1,,,,,,,,,,,,,,csd_JEGTEU,8.642879616,8.338945585,-0.096402561,-0.367011962,8.616217696,3.8529,3.1202,0.613299431,0.3093654,0.303934032,0.538215315,0.2706094,0.267605915,-0.053878572,-8.670096268
O=C1CCC(=O)c2c1c(O)c1ccccc1c2Cl,,,,,,,,,,,,,,csd_PEHTUR,7.98797722,7.762502743,-0.778165494,-1.042394991,7.272518764,3.4333,2.4487,0.460918666,0.235444189,0.225474477,0.526818691,0.264229497,0.262589194,-0.743143334,-8.015662098
O=C1CCC(=O)c2[nH]c(-c3ccccc3)cc21,,,,,,,,,,,,,,csd_LIJWAE,7.933439207,7.748251316,-0.458325637,-0.679068324,6.648289248,3.3419,2.6983,0.345781954,0.160594064,0.18518789,0.424914583,0.220742686,0.204171896,-0.898520428,-7.546809676
O=C1CCC2c3cc4ccccc4n3-c3ccccc3N12,,,,,,,,,,,,,,csd_BUVDIG,7.404293043,7.261897746,0.542871485,0.386066527,8.041785042,4.4344,3.1378,0.325885468,0.183490171,0.142395297,0.349055866,0.156804958,0.192250908,0.592392178,-7.449392864
O=C1CCC2c3ccccc3C(=O)c3occ1c32,,,,,,,,,,,,,,csd_BONPAX,9.054029992,8.844032789,-0.448344795,-0.618436889,8.813500346,3.7474,3.0324,0.431759665,0.221762461,0.209997204,0.343458508,0.170092094,0.173366414,-0.332523308,-9.146023654
O=C1CCCC2=C1Cn1c(nc3ccccc31)N2,,,,,,,,,,,,,,csd_UKUWUU,7.359475786,7.231897913,0.078431337,-0.145598514,6.615363454,3.6156,2.7532,0.270851201,0.143273327,0.127577873,0.489085812,0.224029851,0.265055961,-0.354564542,-6.969927996
O=C1CCCC2=C1CC(C(=O)c1ccccc1)=C(Nc1ccccc1)O2,,,,,,,,,,,,,,csd_KIWKOR,7.150913194,6.964062307,-0.554573774,-0.765557364,6.17426666,3.258,2.3815,0.406423756,0.219572868,0.186850888,0.394246655,0.21098359,0.183263065,-0.738517396,-6.912784056
O=C1CCCC2=C1Cc1ccccc1O2,,,,,,,,,,,,,,csd_CAGYIV,7.969225653,7.827195234,0.465305144,0.189299125,8.222196624,3.842,2.9887,0.29074238,0.148711961,0.142030419,0.647942129,0.276006019,0.371936109,0.342319412,-7.879877212
O=C1CCCC2=C1Cc1ccccc1N2,,,,,,,,,,,,,,csd_XAYTEZ,7.134529809,7.0063101,0.495748687,0.295494225,6.735093614,3.5924,2.608,0.241894706,0.113674998,0.128219709,0.41185809,0.200254461,0.211603629,0.05034109,-6.684752524
O=C1CCCC2=C1Cc1c[nH]nc1N2,,,,,,,,,,,,,,csd_GURDUS,7.277982759,7.152870129,0.978470841,0.658032878,8.222196624,3.9764,2.7673,0.260904699,0.13579207,0.125112629,0.753514252,0.320437963,0.433076288,0.955392254,-7.26680437
O=C1CCCC2=C1Cc1c(oc3ccccc3c1=O)N2,,,,,,,,,,,,,,csd_XAHGOF,7.521458964,7.347266058,-0.084263801,-0.269679723,7.379187452,3.6255,2.5246,0.357540163,0.183347257,0.174192906,0.397993719,0.185415922,0.212577797,-0.14013871,-7.519326162
O=C1CCCC2=C1Cc1c(ncn3c(=O)c4ccccc4nc13)O2,,,,,,,,,,,,,,csd_MAGVIC,7.595931423,7.457329885,-0.89589099,-1.08088987,6.145966804,3.2316,2.34,0.289310516,0.150708978,0.138601538,0.387192915,0.18499888,0.202194036,-1.174444024,-7.320410828
O=C1CCCC2=C1Cc1c(n[nH]c1-c1ccccc1)N2,,,,,,,,,,,,,,csd_QIRRIU,7.022726221,6.908053028,0.500099599,0.247486867,6.734549386,3.6636,2.7282,0.233453812,0.118780618,0.114673193,0.509986644,0.252612732,0.257373911,0.121362844,-6.613186542
O=C1CCCC2=C1Cc1c(ccc3ccccc13)N2,,,,,,,,,,,,,,csd_JAWBAL,7.284421765,7.127963399,0.389908831,0.169162144,8.883433644,4.2046,1.7288,0.327991902,0.171533536,0.156458366,0.441932157,0.220746686,0.22118547,0.889268552,-7.994165092
O=C1CCCC2=C1Cc1c(ccc3ccc(O)cc13)O2,,,,,,,,,,,,,,csd_ZOJJEQ,7.609291159,7.454895499,0.129494726,-0.022815534,7.785453654,3.8598,2.643,0.319917899,0.165522239,0.15439566,0.307129711,0.15231026,0.154819451,0.131703176,-7.653750478
O=C1CCCC2=C1Cc1c(c3ccccc3oc1=O)N2,,,,,,,,,,,,,,csd_SAWZAT,7.748300433,7.580386013,-0.340902732,-0.606713075,8.160970974,3.7489,2.2838,0.343619382,0.175704962,0.16791442,0.533254704,0.265810343,0.26744436,-0.02585083,-8.186821804
O=C1CCCC2=C1Cc1c(c(=O)oc3ccccc13)N2,,,,,,,,,,,,,,csd_SAXBOK,7.257878214,7.14944016,-0.614710941,-0.803122321,5.975895554,2.9836,2.014,0.218474779,0.110036725,0.108438055,0.37522507,0.18841138,0.18681369,-0.932262564,-6.908158118
O=C1CCCC2=C1CC1=C(c3ccccc3C1=O)N2c1ccc(Cl)cc1,,,,,,,,,,,,,,csd_HAMFUZ,7.997305832,7.893469851,-1.021643033,-1.220479998,5.554390968,2.3902,1.6008,0.459311017,0.355475035,0.103835981,0.414054105,0.198836965,0.21521714,-1.305602972,-6.85999394
O=C1CCCC2=C1CC(C(=O)c1ccccc1)=CN2c1ccc(O)cc1,,,,,,,,,,,,,,csd_NIJLEZ,7.00522091,6.812016976,-0.357072889,-0.559860949,6.145150462,3.0662,2.1391,0.401564072,0.208360139,0.193203933,0.420719537,0.20278806,0.217931477,-0.599467142,-6.744617604
O=C1CCCC2=C1C=C1C(=O)c3ccccc3OC1N2c1ccc(O)cc1,,,,,,,,,,,,,,csd_ROGKUV,7.359089384,7.108651985,-0.619080303,-0.926372656,6.24909801,3.104,2.2207,0.498488086,0.248050687,0.250437399,0.65766253,0.307292354,0.350370177,-0.867227318,-7.116325328
O=C1CCC2c3occc3-c3ccccc3N12,,,,,,,,,,,,,,csd_RIHSIM,7.410071058,7.198866538,0.604241491,0.421049747,7.2654438,4.1851,2.9993,0.426509769,0.21530525,0.211204519,0.446039854,0.183191744,0.26284811,0.24218146,-7.02326234
O=C1CCCC2=C1C1c3ccccc3C(=O)N1c1ccccc1N2,,,,,,,,,,,,,,csd_KEJYIJ,7.597311041,7.161233934,0.137967512,-0.196283175,7.748174036,3.8086,2.8459,0.940247749,0.504170642,0.436077107,0.78257238,0.334250688,0.448321693,0.125988782,-7.622185254
O=C1CCCC1=Cc1ccc(Br)cc1,,,,,,,,,,,,,,csd_KAGBOL,8.061203641,7.912523001,-0.650206879,-0.864756523,6.562845452,3.0731,2.3975,0.309714713,0.161034072,0.148680641,0.416551295,0.214549644,0.202001651,-1.056346548,-7.619192
O=C1CCCC(c2ccccc2)=NN=C1c1ccccc1,,,,,,,,,,,,,,csd_UDACIM,7.624796215,7.277401442,-0.32481059,-0.74006518,6.744617604,3.5124,2.6206,0.772214824,0.42482005,0.347394773,0.909860534,0.41525459,0.494605944,-0.563548094,-7.308165698
O=C1CCCC(OC(=O)c2ccccc2)=C1c1ccccc1,,,,,,,,,,,,,,csd_MIHBOX,8.046587174,7.618967832,-0.458160954,-0.748952097,6.816727814,3.4305,2.9353,0.965692694,0.538073353,0.427619341,0.600655981,0.290791143,0.309864838,-0.7619192,-7.578647014
O=C1CCCC(Nc2ccccc2C(=O)O)=C1Nc1ccccc1C(=O)O,,,,,,,,,,,,,,csd_IVUXII,6.646109615,6.294739691,-0.432420439,-0.656951769,5.7688168,2.9509,2.1844,0.701928948,0.350559024,0.351369924,0.475892555,0.22453133,0.251361226,-0.69116956,-6.45998636
O=C1CCCC(Nc2ccc(O)cc2)=C1c1c[nH]c2ccccc12,,,,,,,,,,,,,,csd_PEHFIU,6.492065335,6.244959972,0.501352358,0.167458139,6.537266736,3.6694,2.5626,0.498672307,0.251566944,0.247105363,0.88021804,0.333894218,0.546323822,0.266943834,-6.270322902
O=C1CCCC(N(c2ccccc2)c2ccccc2)=C1I,,,,,,,,,,,,,,csd_GUZYAC,7.103277734,7.026172055,-0.290059102,-0.649350264,6.320936106,3.3119,2.455,0.158202998,0.081097319,0.077105679,0.794583492,0.359291162,0.43529233,-0.580419162,-6.901355268
O=C1CCCC(=O)C1=Cc1c2ccccc2cc2ccccc12,,,,,,,,,,,,,,csd_SAXQIU,7.038093424,6.811011053,-1.347928944,-1.652375911,5.278195258,2.3954,1.5156,0.425320794,0.198238423,0.227082371,0.561848742,0.304446966,0.257401776,-1.542614266,-6.820809524
O=C1CCCC(=O)C1=C1C=C(C=Cc2ccc3ccccc3c2)NC(C=Cc2ccc3ccccc3c2)=C1,,,,,,,,,,,,,,csd_LOQHEH,6.647056299,6.453811005,-1.000269567,-1.108632437,5.25996362,2.5211,1.9664,0.518794321,0.325549026,0.193245295,0.216837034,0.10836287,0.108474164,-1.292813614,-6.552777234
O=C1CCCC(=C(c2ccccc2)c2ccccc2)N1,,,,,,,,,,,,,,csd_GOCDAF,7.138223158,6.863727562,0.343221415,-0.034427401,6.95115213,4.1407,2.7814,0.552046325,0.277550729,0.274495596,0.747478627,0.377648816,0.369829811,0.114832108,-6.836320022
O=C1CCC=C2Oc3nc4ccccc4cc3C=C12,,,,,,,,,,,,,,csd_GUCJUL,7.424656123,7.219254789,-1.113509726,-1.325615079,6.331548552,2.9892,1.6823,0.426868279,0.221466945,0.205401334,0.418164604,0.212105353,0.206059252,-1.102605928,-7.43415448
O=C1CCC=C(c2ccc(Cl)cc2)N1,,,,,,,,,,,,,,csd_IDUJEX,7.754358915,7.504094581,0.217293097,-0.070470451,7.056460248,4.2396,2.7577,0.531671299,0.281406965,0.250264334,0.527111485,0.287763548,0.239347937,-0.200820132,-7.25728038
O=C1C=CC=CC1=Nc1cnc2c(ccc3cc(N=C4C=CC=CC4=O)cnc32)c1,,,,,,,,,,,,,,csd_FARHAK,7.4555606,7.162335724,-2.181708553,-2.389900526,4.878187678,1.881,1.3045,0.70158037,0.408355493,0.293224876,0.449630289,0.208191972,0.241438317,-2.43405973,-7.312247408
O=C1C=CC=CC1=C(N=[SH2])c1ccccc1NC(=O)c1ccccc1,,,,,,,,,,,,,,csd_KEYSIT,6.995119766,6.583381896,-0.433068615,-0.718562732,5.989773368,3.1153,2.4421,0.781725562,0.369987691,0.41173787,0.638504616,0.285494117,0.353010499,-0.585589328,-6.575362696
O=C1C(c2ccccc2)=Cc2ccccc2C2CCCN12,,,,,,,,,,,,,,csd_QAQXEM,8.442750844,8.241520854,-0.124163033,-0.62986282,8.207230354,4.3893,2.6694,0.475413227,0.274183236,0.20122999,0.853651659,0.505699787,0.347951872,0.100137952,-8.107092402
O=C1C=CC=CC(=O)C1=C1C=Cc2cccc(O)c2N1,,,,,,,,,,,,,,csd_AWEFEP,7.306113496,7.13230261,-0.962572172,-1.115249542,5.471940426,2.5355,2.0809,0.358355879,0.184544994,0.173810885,0.308108179,0.152677369,0.155430809,-1.37553627,-6.847476696
O=C1C=C(O)C=CC1=CNc1ccc(O)cc1,,,,,,,,,,,,,,csd_LUQJIS,6.94519218,6.832736063,-0.403543593,-0.602898744,5.85181157,3.1368,2.041,0.219351177,0.10689506,0.112456117,0.393162471,0.199355152,0.193807319,-0.732530888,-6.584342458
O=C1C=C(O)C(c2ccccc2)=C1c1ccccc1,,,,,,,,,,,,,,csd_WAFLUK,7.418783604,7.222669057,-1.035633094,-1.348731544,5.66677405,2.4012,1.4703,0.398075353,0.201960807,0.196114546,0.60780613,0.31309845,0.29470768,-1.435673464,-7.102447514
O=C1C=C(O)C(=O)c2ccccc21,,,,,,,,,,,,,,csd_PAMKUK,9.347467771,9.080393975,-1.467912007,-1.736044571,7.883958922,3.1286,2.1426,0.563204441,0.296130646,0.267073796,0.535506828,0.268132564,0.267374264,-1.453632988,-9.33759191
O=C1C=C(O)C(=O)c2c1ccn1cncc21,,,,,,,,,,,,,,csd_UHINII,8.029128421,7.878145397,-1.977390097,-2.18640252,4.988121734,1.849,1.3026,0.312983155,0.162000131,0.150983024,0.416444354,0.209012423,0.207431931,-2.525490034,-7.513611768
O=C1C=C(O)C(=O)c2c1cccc2-c1ccc(O)c(O)c1,,,,,,,,,,,,,,csd_MXPMNQ,7.470450351,7.10490503,-1.253994674,-1.49269664,5.214520582,2.3909,2.0236,0.660635458,0.295090136,0.365545322,0.475845262,0.238701965,0.237143297,-1.74425074,-6.958771322
O=C1C=C(O)C(=O)c2c1ccc1c(O)cccc21,,,,,,,,,,,,,,csd_COPBAK10,7.741805752,7.607084478,-1.466790707,-1.674102227,5.34023725,2.4511,1.8583,0.273861707,0.139140433,0.134721274,0.417641057,0.20731152,0.210329537,-1.938268022,-7.278505272
O=C1C=C(O)C(=O)c2c1ccc1c(O)c(O)ccc21,,,,,,,,,,,,,,csd_CONZOU10,7.401698763,7.237319049,-1.421634477,-1.635314118,5.043088762,2.2205,1.6755,0.33437235,0.169992636,0.164379714,0.430691263,0.213679641,0.217011622,-1.88575002,-6.928838782
O=C1C=C(O)C(=O)c2c1ccc(-c1ccc(O)c3c1C(=O)C=C(O)C3=O)c2O,,,,,,,,,,,,,,csd_DAKDAU,7.70880812,7.474916341,-1.871656147,-2.076608603,5.309216254,2.2798,1.8393,0.504619086,0.270727307,0.233891779,0.452815111,0.204952455,0.247862656,-2.182898508,-7.492114762
O=C1C=C(O)C(=O)c2c1cc1c3c(cccc23)CCN1,,,,,,,,,,,,,,csd_DORJAV,7.345705729,7.221027122,-1.364152517,-1.59445552,5.263501102,2.4181,1.5965,0.242636271,0.117957664,0.124678608,0.464306894,0.230303004,0.23400389,-1.751597818,-7.01509892
O=C1C=C(Nc2ccccc2)c2ccccc2C1=O,,,,,,,,,,,,,,csd_ZARPAM,8.00512413,7.7730741,-1.379914013,-1.711131555,6.58379823,2.1411,1.6286,0.445298425,0.213248395,0.23205003,0.637690887,0.331217542,0.306473345,-1.433224438,-8.017022668
O=C1C=C(Nc2ccccc2)c2ccccc2C1=NO,,,,,,,,,,,,,,csd_GEXQOR,7.695825724,7.573168298,-1.056381324,-1.337800725,5.957663916,2.437,1.9026,0.25006033,0.127402904,0.122657426,0.589896103,0.281419401,0.308476703,-1.422884106,-7.380548022
O=C1C=C(Nc2ccccc2)C(=S)N1c1ccccc1,,,,,,,,,,,,,,csd_LEHDOS,8.778089607,8.259068343,-1.321693889,-1.736415489,7.843141822,3.0082,2.1112,0.939668963,0.420647699,0.519021264,0.816081315,0.4147216,0.401359714,-0.805729554,-8.648871376
O=C1C=C(Nc2ccccc2)C(=O)N1c1ccccc1,,,,,,,,,,,,,,csd_BIMTIB01,7.699350771,7.636690835,-0.790829789,-1.160691736,6.15385811,3.1066,2.2373,0.140002626,0.07734269,0.062659936,0.72213129,0.369861948,0.352269342,-1.223696658,-7.377554768
O=C1C=C(Nc2ccccc2)C(=O)C=C1Nc1ccccc1,,,,,,,,,,,,,,csd_WOLZAZ,8.159137932,8.036271822,-1.277839698,-1.754227473,8.067091644,3.3518,1.8011,0.28893772,0.16607161,0.122866111,0.912647145,0.476387776,0.436259369,-0.615249754,-8.682341398
O=C1C=C(Nc2ccccc2)C(=Nc2ccccc2)N2C=CC(=CC(=O)c3ccccn3)C=C12,,,,,,,,,,,,,,csd_DOJFIS,6.999118753,6.774395311,-1.787568023,-2.07031379,5.002271662,2.5068,1.3054,0.469006166,0.244282724,0.224723442,0.573702572,0.282745766,0.290956806,-1.881124082,-6.883395744
O=C1C=C(Nc2cccc3cccnc23)C(=O)c2ccccc21,,,,,,,,,,,,,,csd_AYOMUY,7.344761058,7.236053937,-1.471656323,-1.668103964,5.288263476,2.5225,1.6706,0.22577051,0.117063388,0.108707121,0.397989283,0.196447641,0.201541642,-1.80275525,-7.091018726
O=C1C=C(Nc2ccc(O)cc2O)C(=O)c2ccccc21,,,,,,,,,,,,,,csd_WOLZIH,7.06676047,6.862607268,-1.277103629,-1.487832874,5.033836886,2.3261,1.5252,0.410518745,0.206365543,0.204153202,0.415799281,0.210729245,0.205070036,-1.67486167,-6.708698556
O=C1C=C(Nc2ccc(O)cc2)C2=NCC(=O)C2=C1Nc1ccc(O)cc1,,,,,,,,,,,,,,csd_SEKLUP,7.743605514,7.334433951,-1.16782349,-1.63825499,8.030628368,3.6153,1.7686,0.824502155,0.415330591,0.409171563,0.939148137,0.4704315,0.468716637,-0.4217767,-8.452405068
O=C1C=C(Nc2ccc(O)cc2)C(=O)c2ccccc21,,,,,,,,,,,,,,csd_WOLZED,7.46239507,7.184596282,-1.317762713,-1.591781864,6.086918066,2.7548,1.7118,0.524752774,0.246953986,0.277798788,0.530391357,0.274019152,0.256372205,-1.365195938,-7.452114004
O=C1C=C(Nc2ccc(O)cc2)C(=Nc2ccc(O)cc2)C2=C1NCC2=O,,,,,,,,,,,,,,csd_SEKLOJ,6.770460543,6.556493223,-1.280506442,-1.559405877,5.058055032,2.3434,1.6473,0.488426943,0.274459623,0.21396732,0.551169356,0.278899435,0.272269921,-1.49390586,-6.551960892
O=C1C=C(Nc2ccc(Nc3ccccc3)cc2)CCC1,,,,,,,,,,,,,,csd_NUVVEG,6.777769198,6.54308886,0.392832097,0.081965417,6.843394986,3.6262,2.7741,0.479152263,0.244471925,0.234680338,0.657372239,0.31086668,0.346505559,0.238371864,-6.605023122
O=C1C=C(Nc2ccc(I)cc2)C(=O)N1c1ccc(I)cc1,,,,,,,,,,,,,,csd_HIRPAB,7.68298695,7.602604747,-1.159215708,-1.526258854,5.939160164,3.0505,2.216,0.211806735,0.131424531,0.080382203,0.707700758,0.367043146,0.340657612,-1.505062534,-7.444222698
O=C1C=C(Nc2ccc(Cl)cc2Cl)C(=O)c2ccccc21,,,,,,,,,,,,,,csd_GIMGAM,7.610315913,7.427137748,-1.693853595,-1.9743634,5.217513836,2.3471,1.5978,0.389955145,0.20677698,0.183178165,0.551922023,0.280509805,0.271412218,-2.082216328,-7.299730164
O=C1C=C(Nc2cc(Cl)ccc2O)C(=O)c2ccccc21,,,,,,,,,,,,,,csd_HONJIF,7.615865951,7.359895658,-1.34925686,-1.586802314,5.5239142,2.4832,1.7244,0.526895427,0.270925134,0.255970293,0.471792614,0.237545454,0.23424716,-1.77010157,-7.29401577
O=C1C=C(Nc2cc(-c3ccccc3)[nH]n2)CCC1,,,,,,,,,,,,,,csd_GURGUV,7.300814756,7.172259558,0.356567002,0.071180424,6.805843254,3.5746,2.9493,0.258108592,0.129553394,0.128555198,0.538560682,0.285386578,0.253174104,-0.041633442,-6.847476696
O=C1C=C(NN=C(c2ccccc2)c2ccccc2)CCC1,,,,,,,,,,,,,,csd_CEWLIC,7.21883108,7.073182715,-0.291494204,-0.638892243,7.002581676,3.6476,2.3051,0.295862913,0.150214547,0.145648365,0.688375167,0.347398039,0.340977128,-0.23673918,-7.239320856
O=C1C=C(N(C2=CC(=O)c3ccccc32)c2ccccc2)c2ccccc21,,,,,,,,,,,,,,csd_XEMLUY,7.396653089,7.280237005,-1.513878755,-1.646415417,5.530172822,2.5844,1.6734,0.254684282,0.138268198,0.116416084,0.266207221,0.132536661,0.13367056,-1.724930646,-7.255103468
O=C1C=C(O)C=CC1=CNc1ccc(O)cc1O,,,,,,,,,,,,,,csd_DOTXAO,6.860343117,6.705638416,-0.250588585,-0.498687627,6.641214284,3.291,2.0515,0.296587416,0.141882716,0.1547047,0.475809969,0.248099042,0.227710927,-0.220140226,-6.86135451
O=C1C=C(O)C=CC1=CNc1ccccc1O,,,,,,,,,,,,,,csd_WOJBEE,6.938736194,6.844851177,-0.45223442,-0.628929387,5.816708864,3.0284,1.9755,0.191713211,0.097828194,0.093885017,0.356584308,0.176694967,0.179889341,-0.768994164,-6.585703028
O=C1C=C(O)C=CC1=CNc1ncccc1O,,,,,,,,,,,,,,csd_NEVNAF,7.040114578,6.925475562,-0.526974966,-0.702797535,5.81643675,2.9985,1.9848,0.248885043,0.134246027,0.114639016,0.35564829,0.17582257,0.179825721,-0.84627454,-6.66271129
O=C1C=C(c2ccc(F)cc2)c2ccccc21,,,,,,,,,,,,,,csd_RETZUO,8.101604543,7.922605205,-1.137711301,-1.355272131,6.133993788,2.6391,1.9794,0.36398785,0.184988512,0.178999338,0.426781666,0.21756083,0.209220835,-1.587240962,-7.72123475
O=C1C=C(c2ccccc2)C(=O)C(O)=C1c1ccccc1,,,,,,,,,,,,,,csd_QAHXAB,7.931917899,7.724017061,-1.981515481,-2.284086167,5.121457594,2.0315,1.3703,0.412556797,0.20465596,0.207900838,0.623990899,0.302570686,0.321420213,-2.443311606,-7.5647692
O=C1C=C(c2ccccc2)C(=O)C(=CNc2cccc3ccccc23)CC1,,,,,,,,,,,,,,csd_MIKNAY,7.135185277,6.96130552,-1.110305666,-1.506200515,5.626229064,2.9004,2.0082,0.334775596,0.160895838,0.173879758,0.741913651,0.395894849,0.346018802,-1.3061472,-6.932376264
O=C1C=C(c2ccccc2)C(=Cc2ccc(Cl)cc2)C1,,,,,,,,,,,,,,csd_LUDKEB,7.856314589,7.59161379,-0.878645221,-1.215095407,6.29263625,2.9105,2.1577,0.499948794,0.235247995,0.264700798,0.621937228,0.336450185,0.285487043,-1.198117942,-7.490754192
O=C1C=C(c2ccccc2)C(=C2OC(=O)c3ccccc32)CC1,,,,,,,,,,,,,,csd_TEKNAB,7.759650308,7.601065915,-1.297663611,-1.572597691,5.940520734,2.8214,1.957,0.353622293,0.1950379,0.158584393,0.527722436,0.274934081,0.252788355,-1.552954598,-7.493475332
O=C1C=C(c2cccc(Br)c2)C=C(c2ccccc2)C1,,,,,,,,,,,,,,csd_TAHTII,7.775358769,7.620798289,-1.099726146,-1.331821972,6.104333362,2.6985,1.8985,0.305774774,0.151214294,0.15456048,0.417455802,0.232095827,0.185359975,-1.362746912,-7.467080274
O=C1C=C(c2ccc[nH]2)C(=O)C=C1c1ccc[nH]1,,,,,,,,,,,,,,csd_IBOSIC,7.960567938,7.821355613,-2.043400626,-2.369769859,6.4491018,2.6126,1.2842,0.287385147,0.148172821,0.139212325,0.666592659,0.326369232,0.340223427,-1.703977868,-8.153079668
O=C1C=C(c2ccc3ccccc3c2)CCC1,,,,,,,,,,,,,,csd_SAPVEK,8.034792801,7.915761076,-0.494178099,-0.806991673,7.556333666,3.3943,2.4118,0.245904197,0.126872472,0.119031725,0.579078484,0.312813574,0.26626491,-0.480553324,-8.03688699
O=C1C=C(c2ccc(O)cc2O)C(=O)C(c2ccc(O)cc2O)=C1,,,,,,,,,,,,,,csd_UCISAB,7.865561294,7.651912076,-1.314597972,-1.612998729,6.609104832,2.6763,2.1416,0.471520772,0.257871553,0.213649219,0.584904961,0.298400757,0.286504205,-1.246826348,-7.85593118
O=C1C=C(c2ccc(O)cc2)c2ccccc21,,,,,,,,,,,,,,csd_ZIQVIG,7.752075389,7.566084327,-0.980304944,-1.184572162,5.957391802,2.6491,1.9453,0.377409737,0.191418675,0.185991062,0.40363573,0.204267218,0.199368513,-1.415264914,-7.372656716
O=C1C=C(c2ccc(O)cc2)c2c(-c3ccccc3)c3ccccc3n21,,,,,,,,,,,,,,csd_KIRGAW,7.74260359,7.334567831,-1.129323985,-1.359336507,6.403930876,3.0344,1.8477,0.583224657,0.175188898,0.408035759,0.441004547,0.230012522,0.210992025,-1.120021224,-7.5239521
O=C1C=C(c2ccc(O)cc2)C(=O)C(c2ccc(O)cc2)=C1,,,,,,,,,,,,,,csd_RUCHOO,7.71111034,7.590056672,-1.748004553,-1.98683365,5.19057455,2.1365,1.6655,0.251463758,0.13041009,0.121053668,0.47665306,0.238829097,0.237823962,-2.178544684,-7.369119234
O=C1C=C(c2ccc(O)cc2)C(=Cc2ccc3c(c2)CCCO3)O1,,,,,,,,,,,,,,csd_WANTIR,7.190728915,6.945219228,-0.799020039,-1.054033579,6.511143792,3.5584,1.8115,0.495227616,0.249717929,0.245509686,0.49562463,0.25501354,0.24061109,-0.72790495,-7.239048742
O=C1C=C(c2ccc(F)cc2)C(=Cc2ccc3c(c2)CCCO3)O1,,,,,,,,,,,,,,csd_ZOMBUB,7.299207161,7.060600463,-0.935987533,-1.203335456,6.466244982,3.5347,1.7864,0.479498066,0.240891368,0.238606698,0.516955646,0.267347923,0.249607723,-0.874030168,-7.34027515
O=C1C=C(O)Cc2cc3cccc(O)c3c(O)c21,,,,,,,,,,,,,,csd_GACPIM,7.03890767,6.75864255,-0.41344612,-0.881307422,5.7960282,2.9984,2.3179,0.457656672,0.177391552,0.28026512,0.704259441,0.467861301,0.23639814,-0.831852498,-6.627880698
O=C1C=C(c2ccc(Cl)cc2)c2ccccc21,,,,,,,,,,,,,,csd_REVBAY,8.100254449,7.930584295,-1.227520676,-1.451480566,6.102700678,2.6302,1.9747,0.344185298,0.174515144,0.169670154,0.435193825,0.22395989,0.211233935,-1.647378156,-7.750078834
O=C1C=C(c2cc3c(=O)c4ccccc4c(=O)c3c3c(=O)c4ccccc4c(=O)c23)C(=O)c2ccccc21,,,,,,,,,,,,,,csd_COCGUZ,8.282774098,8.165937599,-2.126786696,-2.322797213,5.788681122,2.5109,2.0583,0.384790149,0.267953649,0.1168365,0.454326705,0.196010517,0.258316188,-2.237865536,-8.026546658
O=C1C=C(c2cc(O)c(O)cc2O)C(=O)c2ccccc21,,,,,,,,,,,,,,csd_WAXHAH,7.247551597,7.026649316,-1.465993603,-1.681859871,4.871929056,2.1428,1.6587,0.448892234,0.227989953,0.220902281,0.435703358,0.215866267,0.219837091,-1.873232776,-6.745161832
O=C1C=C(c2cc(O)c(O)c(O)c2)c2ccccc21,,,,,,,,,,,,,,csd_RAQPIL,7.446798937,7.257731708,-1.014341888,-1.23065015,5.5511256,2.6409,1.8912,0.38096692,0.191899691,0.189067229,0.428304062,0.216308262,0.2119958,-1.434585008,-6.985710608
O=C1C=C(c2cc(O)c(O)c(O)c2)CC(O)=C1O,,,,,,,,,,,,,,csd_TAYBAW,7.244113682,7.04469295,-0.354556297,-0.707782882,5.965283108,3.0417,2.1547,0.387495152,0.188074421,0.199420731,0.636887933,0.353226585,0.283661348,-0.777973926,-6.743257034
O=C1C=C(c2cc(Br)c(O)c(Br)c2)C(=Cc2ccc(O)cc2)O1,,,,,,,,,,,,,,csd_DACZAL,7.56719047,7.340147529,-1.082965556,-1.356148147,6.64502388,3.6177,1.7911,0.46391192,0.236868978,0.227042942,0.52686495,0.273182592,0.253682358,-0.964372016,-7.609395896
O=C1C=C(c2c[nH]c3ccccc23)C(=O)N1,,,,,,,,,,,,,,csd_XIFCIB,7.828950179,7.665362099,-0.713450581,-0.994507172,7.029248848,3.4802,2.075,0.333657452,0.170069372,0.16358808,0.560660447,0.281056591,0.279603856,-0.795661336,-7.824910184
O=C1C=C(c2c(O)cccc2O)C(=O)c2c(O)cccc21,,,,,,,,,,,,,,csd_PESNAD,8.228458348,7.9484676,-1.052275287,-1.339836709,7.793889188,3.0931,2.4471,0.56658407,0.286593322,0.279990748,0.57455233,0.287561422,0.286990908,-0.743143334,-8.537032522
O=C1C=C(Oc2c(Cl)cc(O)cc2Cl)C(=O)C(Oc2c(Cl)cc(O)cc2Cl)=C1Oc1c(Cl)cc(O)cc1Cl,,,,,,,,,,,,,,csd_HOXHUZ,7.331872814,7.144037418,-1.511445512,-1.90209101,5.234384904,2.1941,1.6115,0.377457765,0.189622369,0.187835396,0.764213393,0.390645498,0.373567895,-1.91296142,-7.147346324
O=C1C=C(O)c2cccc3cccc1c23,,,,,,,,,,,,,,csd_TAPZIT,7.936957586,7.839857324,-0.932882276,-1.068391565,6.089367092,2.7289,2.0268,0.20237159,0.105271328,0.097100262,0.269419146,0.135509289,0.133909857,-1.374719928,-7.46408702
O=C1C=C(O)c2ccc3c4c(ccc1c24)C(O)=CC3=O,,,,,,,,,,,,,,csd_COKVII,9.534746884,9.35646288,-1.788145558,-2.073000289,7.869264766,3.7627,0.4599,0.365165314,0.18688131,0.178284004,0.575835946,0.284854731,0.290981215,-1.351862352,-9.221127118
O=C1C=C(O)c2ccc3c4c(ccc1c24)C(=O)C=C3O,,,,,,,,,,,,,,csd_COKVOO,7.961929896,7.876631246,-1.825311514,-1.98578465,5.409354206,2.4301,1.5923,0.175283975,0.089985324,0.08529865,0.319952975,0.160473136,0.159479838,-2.186708104,-7.59606231
O=C1C=C(N(C2=CC(=O)c3ccccc32)c2ccccc2)C(=O)N1,,,,,,,,,,,,,,csd_UPAWUF,7.695543651,7.558878204,-1.509119754,-1.68260549,5.66541348,2.6512,1.7557,0.294444763,0.157779316,0.136665447,0.346244384,0.173485736,0.172758648,-1.807653302,-7.473066782
O=C1C=C(Cl)C(=O)c2ccccc21,,,,,,,,,,,,,,csd_XIHKII,9.989913986,9.773680038,-1.63748156,-1.94172553,9.04098765,3.3095,2.3683,0.43563348,0.219399532,0.216233948,0.621525084,0.304243969,0.317281114,-1.35376715,-10.3947548
O=C1C=C(C=Cc2cccc3ccccc23)CCC1,,,,,,,,,,,,,,csd_ZAXVOM,7.48152384,7.301310684,-0.950786099,-1.227236154,5.967732134,2.915,1.9511,0.321769172,0.141556016,0.180213156,0.496628758,0.276450055,0.220178703,-1.237574472,-7.205306606
O=C1C2=C(Cc3nc4occc4c(O)c31)OCC2,,,,,,,,,,,,,,csd_LACVAN,7.800324004,7.633377003,0.322931181,0.104492756,7.067344808,3.4025,2.9256,0.342144443,0.175197442,0.166947,0.448484172,0.218438425,0.230045747,-0.133607974,-7.200952782
O=C1C2=C3C(=C(c4ccc(O)cc4)c4ccc(O)cc43)CC2=Cc2ccc(O)cc21,,,,,,,,,,,,,,csd_MAFBEC,6.758055138,6.5243103,-1.800137785,-1.984106442,5.341869934,2.102,0.8824,0.477297752,0.243552915,0.233744838,0.364096151,0.183968656,0.180127495,-1.59594861,-6.937818544
O=C1C2=C3C(=C(Br)C(=O)c4ccccc43)CC2C(=O)c2ccccc21,,,,,,,,,,,,,,csd_ZANKUX,7.944228908,7.782210327,-2.065833433,-2.32289327,5.44091943,2.6689,1.5719,0.345191303,0.183172723,0.16201858,0.476769035,0.257059837,0.219709197,-2.277866294,-7.718785724
O=C1C2=C(c3ccccc3CC2)c2ccc(Br)cc21,,,,,,,,,,,,,,csd_GARZIK,7.644218597,7.500566079,-1.361695191,-1.54298162,5.678202838,2.5669,1.6596,0.296812971,0.153160453,0.143652518,0.359952943,0.181286429,0.178666515,-1.697719246,-7.375922084
O=C1C2=C(c3ccccc31)N(c1ccccc1)C(=O)CC2,,,,,,,,,,,,,,csd_KOYMOA,7.591753739,7.383968822,-0.960355858,-1.233774645,5.93344577,2.7352,1.832,0.454804074,0.247019157,0.207784917,0.546771205,0.273418787,0.273352418,-1.356216176,-7.289661946
O=C1C2=C(c3ccc[nH]3)c3cccn3C2Oc2ccccc21,,,,,,,,,,,,,,csd_TEVBON,7.28938556,7.165289984,-1.12236652,-1.216356845,5.715482456,3.0137,1.8951,0.262197404,0.138101828,0.124095576,0.185344546,0.093990325,0.091354221,-1.345331616,-7.060814072
O=C1C2=C(c3ccc(O)cc3)c3ccccc3C2C(=O)c2ccccc21,,,,,,,,,,,,,,csd_ZOPDIR,7.457022396,7.29444571,-1.140269771,-1.314250211,5.87358069,2.866,2.1936,0.341213541,0.178636854,0.162576686,0.336564473,0.17398044,0.162584033,-1.34832487,-7.22190556
O=C1C2=C(c3[nH]c4ccccc4c31)C1CCCCC1CC2,,,,,,,,,,,,,,csd_SANDIW,6.989486135,6.829457361,-0.621156152,-0.883859007,5.625412722,2.2858,1.5007,0.319901491,0.159872717,0.160028774,0.524240084,0.262702856,0.261537228,-1.019611158,-6.64502388
O=C1C2=C(Oc3ccccc3C2)C(=O)c2ccccc21,,,,,,,,,,,,,,csd_BEYDIV,8.013013068,7.888502409,-1.513684793,-1.732912838,5.649902982,2.6301,1.9386,0.255384785,0.130874126,0.124510659,0.440873524,0.219228045,0.221645479,-1.961669826,-7.611572808
O=C1C2=C(OC3C=CC(=O)c4c(O)ccc2c43)C(=O)c2c(O)cccc21,,,,,,,,,,,,,,csd_LEVXIT,7.864261134,7.620124263,-1.949158841,-2.210795363,5.918207386,2.5971,1.7225,0.489390498,0.245253627,0.244136871,0.518519214,0.261636523,0.256882691,-1.950241038,-7.868448424
O=C1C2=C(O)c3ccc(O)cc3C(=O)C2Cc2cc(O)cc(O)c21,,,,,,,,,,,,,,csd_ZUSDUO,7.268510797,6.991485956,-0.668466817,-0.87790099,6.05317593,3.0297,2.2461,0.50335294,0.226328098,0.277024841,0.432468875,0.209434173,0.223034703,-0.95103843,-7.00421436
O=C1C2=C(O)CCCC2Oc2cc3c(c(O)c21)-c1cccc2c(=O)on(c12)C3,,,,,,,,,,,,,,csd_IFECOM,7.125484685,6.730987958,-0.728150397,-1.075833992,6.35250133,3.2678,2.5709,0.722306477,0.327809749,0.394496727,0.835752436,0.347683595,0.488068841,-0.755660578,-7.108161908
O=C1C2=C(N=C3Sc4ccccc4N3C2)C(=O)c2ccccc21,,,,,,,,,,,,,,csd_ROWCEN,7.385604444,7.283700745,-1.562667707,-1.76167039,5.25996362,2.3688,1.5933,0.21747106,0.11556736,0.1019037,0.404560319,0.199002683,0.205557637,-1.86670204,-7.12666566
O=C1C2=C(Cc3ccccc31)C(=O)c1cc(O)ccc1C2=O,,,,,,,,,,,,,,csd_BEGREN,7.869463981,7.505152669,-1.809579461,-2.071490329,5.20281968,1.7956,1.5097,0.856010534,0.491699222,0.364311312,0.510738223,0.261910868,0.248827355,-2.1905177,-7.39333738
O=C1C2=C3C=CC(=O)c4c(O)ccc(c43)OC2C(=O)c2c(O)cccc21,,,,,,,,,,,,,,csd_LEVXEP,7.661328037,7.17042404,-1.888928584,-2.107335988,5.82051846,2.4304,1.4552,0.716319696,0.2254157,0.490903996,0.433516514,0.218407404,0.21510911,-1.83268779,-7.65320625
O=C1C2=C(Cc3cc4cccc(O)c4c(O)c31)OCC=C2,,,,,,,,,,,,,,csd_JAYLUR,6.939940598,6.63981638,-0.544898761,-1.016045567,5.744054426,2.9422,2.236,0.492512381,0.192388163,0.300124218,0.765948991,0.471146806,0.294802185,-0.854982188,-6.599036614
O=C1C2=C(COC(c3ccccc3)=C2)C(=O)c2ccccc21,,,,,,,,,,,,,,csd_MINFIZ,7.553345881,7.249012087,-1.717291345,-1.889728762,5.235201246,2.318,1.3908,0.538567866,0.234234071,0.304333794,0.340117656,0.172437417,0.167680239,-2.037589632,-7.272790878
O=C1C2=C(CN1c1ccccc1)c1ccccc1CCC2,,,,,,,,,,,,,,csd_RALHEU,7.500255406,7.355759852,-0.333668554,-0.629484854,6.573457898,3.7592,2.7353,0.317490452,0.172994897,0.144495554,0.569402409,0.295816299,0.27358611,-0.598378686,-7.171836584
O=C1C2=C(C(=O)c3ccccc31)c1ccccc1C=CC2,,,,,,,,,,,,,,csd_XEJSOX,8.121733741,7.929089219,-1.616430876,-1.810995161,5.771810054,2.4421,2.0162,0.508330313,0.315685792,0.192644521,0.389430727,0.194564286,0.194866441,-1.99187448,-7.763684534
O=C1C2=C(C(=O)c3ccccc31)c1c(C(=O)O)c(O)c3ccccc3c1OC2,,,,,,,,,,,,,,csd_PEBBII,7.133586063,6.901201251,-1.873245837,-2.093694913,4.439812024,1.8681,1.3449,0.482884253,0.250499441,0.232384812,0.44492054,0.220449075,0.224471465,-2.29800273,-6.737814754
O=C1C(n2cncn2)=C(n2cncn2)C(=O)C(n2cncn2)=C1n1cncn1,,,,,,,,,,,,,,csd_TAZYEB,8.954301109,8.685125396,-3.359730877,-3.598756903,4.98376791,1.9198,1.3868,0.605585353,0.33640964,0.269175713,0.477867559,0.239026026,0.238841533,-3.70891382,-8.69268173
O=C1C(n2cccn2)=C(n2cccn2)C(=O)c2ccccc21,,,,,,,,,,,,,,csd_WEDSII,8.336512913,7.916130144,-2.038474193,-2.278057944,6.306786178,2.7597,1.8848,0.899263952,0.478881183,0.420382769,0.484222972,0.239583751,0.244639221,-2.033235808,-8.340021986
O=C1C(n2cccn2)=C(n2cccn2)C(=O)C(n2cccn2)=C1n1cccn1,,,,,,,,,,,,,,csd_TAZXEA,8.104238198,7.790426809,-2.620914427,-2.855936568,4.976148718,1.9387,1.4059,0.73692308,0.423111691,0.313811389,0.470662796,0.235022141,0.235640656,-2.912708256,-7.888856974
O=C1C(c2nc3ccccc3nc2-c2ccccc2)=C(c2ccccc2)OCN1c1ccc(Br)cc1,,,,,,,,,,,,,,csd_IFUFAR,7.477803198,7.303565883,-0.883156872,-1.223567676,6.452367168,3.1661,2.6146,0.408475768,0.234238452,0.174237315,0.715210016,0.340410804,0.374799211,-0.946684606,-7.399051774
O=C1C(c2cccs2)=C2C(=C1c1cccs1)c1cccc3cccc2c13,,,,,,,,,,,,,,csd_YECFAP01,6.58968977,6.471283445,-1.772592229,-1.949755859,4.51437126,1.5766,0.7709,0.234161172,0.115754847,0.118406325,0.353544114,0.177163629,0.176380485,-1.934186312,-6.448557572
O=C1C(c2ccccn2)=C(c2ccccn2)C(c2ccccn2)=C1c1ccccn1,,,,,,,,,,,,,,csd_DIZROU,7.309105036,7.157803121,-1.768953793,-2.060342716,5.532621848,2.1,1.1183,0.301614151,0.150312236,0.151301915,0.56789185,0.291388923,0.276502927,-1.783979384,-7.316601232
O=C1C(c2ccccc2)=c2c(c3ccccc3c3ccccc23)=C1c1ccccc1,,,,,,,,,,,,,,csd_ODEJOX,6.843792,6.653732072,-1.891196382,-2.091613785,4.746212388,1.6111,0.7685,0.375471061,0.185411133,0.190059928,0.399140081,0.200417403,0.198722677,-2.028065642,-6.77427803
O=C1C2=C3C(=C4c5ccccc5-c5c4c(c4ccccc4c5-c4ccccc4)C3c3ccccc32)c2ccccc21,,,,,,,,,,,,,,csd_EJAMOT,6.774086734,6.679618277,-1.794532781,-1.95877671,4.979414086,2.4115,1.3344,0.196058409,0.101589952,0.094468457,0.319750821,0.164243929,0.155506892,-1.791598576,-6.771012662
O=C1C2=C3c4cc5c(cc4C=CN3C(=O)C2=C2c3cc4c(cc3C=CN12)-c1ccc(Br)cc1C4)-c1ccc(Br)cc1C5,,,,,,,,,,,,,,csd_QOLLAG,6.322063474,6.173593178,-1.679322163,-1.760671459,4.628387026,2.2335,1.0684,0.297660879,0.149190582,0.148470296,0.162435187,0.081349297,0.08108589,-1.681392406,-6.309779432
O=C1C=C(C=Cc2ccc3[nH]c4ccccc4c3c2)CO1,,,,,,,,,,,,,,csd_ZIBXUG,7.338849218,7.219407118,-0.747844838,-0.961184418,6.025148188,3.6412,2.1183,0.255645361,0.136203261,0.1194421,0.423038656,0.21333958,0.209699076,-1.050632154,-7.075780342
O=C1C2CC=CCC2C(=O)N1c1ccc(Br)cc1,,,,,,,,,,,,,,csd_FAWXUY,8.297049471,8.024612472,0.723171527,0.30035263,7.940558634,4.6948,3.5278,0.560344224,0.287907224,0.272436999,0.68091059,0.422818897,0.258091693,0.137961798,-7.802596836
O=C1C=C(C=C(c2ccccc2)c2ccccc2)CCC1,,,,,,,,,,,,,,csd_KETKIE,7.611045778,7.368331518,-0.767208987,-1.129434545,6.225424092,2.9645,2.2042,0.522708055,0.279993796,0.242714259,0.670561469,0.362225558,0.308335911,-1.017434246,-7.242858338
O=C1C=C(C2=CC(=O)c3cccc(O)c3C2=O)C(=O)c2c(O)cccc21,,,,,,,,,,,,,,csd_MEMXAG,8.428360531,8.356605157,-2.35217845,-2.558891483,5.49534223,2.3456,1.8679,0.14449716,0.072741787,0.071755373,0.427900898,0.206713033,0.221187865,-2.580184948,-8.075527178
O=C1C=C(C2=C(Nc3ccccc3)c3ccccc3C2=O)c2ccccc21,,,,,,,,,,,,,,csd_WENRIS,7.222486523,6.973680448,-1.439498026,-1.744508976,5.511396956,2.5375,1.6618,0.458752095,0.209946019,0.248806075,0.58969063,0.30501095,0.28467968,-1.58234291,-7.093739866
O=C1C=C(C(=O)c2ccccc2)C(=O)C(C(=O)c2ccccc2)=C1,,,,,,,,,,,,,,csd_ROKRUE,8.418419662,8.288904011,-2.247192515,-2.613858783,5.209894644,1.785,1.4398,0.279159848,0.149644196,0.129515652,0.683713909,0.366666268,0.317047641,-2.775290686,-7.98518533
O=C1C=C(C(=C(c2ccccc2)c2ccccc2)c2ccccc2)CCC1,,,,,,,,,,,,,,csd_KETKEA,7.222796733,6.990231238,-0.750944298,-1.183934816,6.213178962,3.0451,2.2281,0.47741585,0.244850354,0.232565495,0.839982176,0.432990518,0.406991658,-0.883826272,-7.097005234
O=C1C=C(Br)c2nc3ccccn3c2C1=O,,,,,,,,,,,,,,csd_MIFCOT,8.424165893,8.25848874,-1.777238848,-1.976524257,5.57697643,1.9195,1.4539,0.605435963,0.439758809,0.165677153,0.39570192,0.199285409,0.196416511,-2.255552946,-7.832529376
O=C1C=C(Br)C(=O)c2c1c1ccccc1n2C(=O)O,,,,,,,,,,,,,,csd_MIWRUG,8.619707014,8.39224284,-1.999663199,-2.264376242,6.625431672,2.8201,2.0215,0.470805656,0.243341482,0.227464174,0.52649814,0.264713043,0.261785097,-2.014459942,-8.639891614
O=C1C=C(Br)C(=O)c2c1c(Br)c1ccccc1c2Br,,,,,,,,,,,,,,csd_BIQZOS,8.434133429,8.260262651,-1.78631004,-2.058424857,6.693188058,2.7339,2.2437,0.363469745,0.189598967,0.173870778,0.518516764,0.272114816,0.246401948,-1.763570834,-8.456758892
O=C1C2COCC2c2nc3ccccc3n21,,,,,,,,,,,,,,csd_RELFAQ,8.478307464,8.233573819,0.275734422,0.066406537,7.687492614,4.5326,3.4176,0.50459095,0.259857305,0.244733644,0.482836116,0.209327885,0.273508231,-0.25170545,-7.939198064
O=C1C2COCC2c2cc3ccccc3n21,,,,,,,,,,,,,,csd_RELFEU,7.90886636,7.691633563,0.487834959,0.304487756,7.427895858,4.3119,3.16,0.446137352,0.228904555,0.217232797,0.392942548,0.183347202,0.209595346,0.0136057,-7.414290158
O=C1C2CCCC2C(=O)N1c1ccc2cc3ccccc3cc2c1,,,,,,,,,,,,,,csd_XAPCOI,7.056167725,6.923341807,-0.545659864,-0.671847561,5.966915792,3.2474,1.8171,0.266315251,0.133489332,0.132825918,0.247973951,0.126187697,0.121786253,-0.811443948,-6.77835974
O=C1C2CCC(C2)c2nc3ccccc3n21,,,,,,,,,,,,,,csd_MOFHOH,8.243410659,7.991622676,0.409977646,0.222181816,7.633614042,4.5064,3.3782,0.514455817,0.262667835,0.251787982,0.381695587,0.187795831,0.193899756,-0.07347078,-7.707084822
O=C1C2CC=CCC2C(=O)N1c1c(F)cccc1F,,,,,,,,,,,,,,csd_ZOHPIX,8.597451572,8.467593356,0.749174169,0.527167024,8.2722656,4.738,3.7867,0.335194052,0.205335837,0.129858216,0.488426398,0.222007146,0.266419253,0.231024786,-8.041240814
O=C1C2=CC=C(c3ccc(Br)cc3)C3CCCC23C(=O)N1c1ccccc1,,,,,,,,,,,,,,csd_ZAZSEB,7.673744598,7.445834429,-1.108468624,-1.462118591,6.173722432,3.4119,1.9685,0.465534264,0.237624095,0.227910169,0.656204544,0.353649967,0.302554577,-1.303153946,-7.476876378
O=C1C2CC=CC(C2)c2cc3cc(F)ccc3n21,,,,,,,,,,,,,,csd_WOHVAT,8.301781806,7.787906462,0.477860838,0.27730003,9.030375204,4.8035,3.0227,0.823503306,0.309627963,0.513875343,0.408774467,0.200560807,0.20821366,0.685455166,-8.344920038
O=C1C2CC2C(=O)N1c1cccc2cccnc12,,,,,,,,,,,,,,csd_RANXIQ,8.205976017,7.889461965,-0.293252088,-0.494808315,7.052378538,3.8993,2.7787,0.661129753,0.3446157,0.316514052,0.377361382,0.201556228,0.175805155,-0.749401956,-7.801780494
O=C1C2C3C=CC(C3)C2C(=O)N1c1cccc2cc3ccccc3cc12,,,,,,,,,,,,,,csd_XAPCUO,7.140487419,6.961261981,-0.621463749,-0.746447886,5.965283108,3.2287,1.8018,0.351875511,0.172650074,0.179225437,0.243227738,0.124984137,0.118243601,-0.894438718,-6.859721826
O=C1C2=NN(C(=O)c3ccccc3)CC2C(=O)c2ccccc21,,,,,,,,,,,,,,csd_FAZJOI,8.259109432,7.99964955,-1.368907845,-1.589134331,6.184879106,2.9601,2.2878,0.61979052,0.360330638,0.259459883,0.431249805,0.220226486,0.211023319,-1.714590314,-7.89946942
O=C1C2=Cc3ccccc3OCCCCCCCCOc3ccccc3C=C1CCC2,,,,,,,,,,,,,,csd_GAFRUB,7.168342368,6.983025931,-0.509955242,-0.708831119,6.277125752,2.9372,2.4107,0.382421941,0.197105504,0.185316437,0.424022729,0.198875877,0.225146851,-0.705319488,-6.98244524
O=C1C2=Cc3ccccc3OC2OC2Oc3ccccc3C=C12,,,,,,,,,,,,,,csd_KELBUZ,7.820676634,7.69445193,-1.221179331,-1.385668435,6.056441298,2.8778,2.2347,0.370014086,0.243789382,0.126224705,0.307821071,0.164489103,0.143331968,-1.484926098,-7.541367396
O=C1C2=Cc3cc(Br)ccc3OC2COc2ccc(Br)cc21,,,,,,,,,,,,,,csd_CIJNUG,7.880378174,7.63600157,-1.176488689,-1.408646285,6.140524524,3.1717,2.3141,0.497339492,0.252962889,0.244376604,0.442139807,0.232157597,0.20998221,-1.429414842,-7.569939366
O=C1C2=Cc3c([nH]c4ccccc34)CC2C(=O)N1c1ccccc1,,,,,,,,,,,,,,csd_ZILHEH,7.258389245,7.106707731,-0.437095358,-0.738838763,6.2722277,3.4557,2.2199,0.317277849,0.165596335,0.151681514,0.608173702,0.301743405,0.306430297,-0.71021754,-6.98244524
O=C1C2=Cc3c(Br)c(O)c4ccccc4c3OC2C(=O)c2ccccc21,,,,,,,,,,,,,,csd_HUHCUK,7.570073518,7.216351985,-1.238786196,-1.484305678,7.44912075,3.4586,1.6059,0.677044666,0.323323134,0.353721533,0.505962241,0.245519482,0.260442758,-0.680285,-8.12940575
O=C1C2=CCCCC2Oc2ccc(-c3ccc4c(c3O)C(=O)C3=CCCCC3O4)c(O)c21,,,,,,,,,,,,,,csd_SELNUV,6.893355661,6.522169579,-0.468032543,-0.576921681,6.58651937,3.2761,2.6328,0.732443267,0.361257186,0.371186081,0.217168741,0.108889138,0.108279603,-0.478376412,-7.064895782
O=C1C2=CCCCC2Cc2cc3cccc(O)c3c(O)c21,,,,,,,,,,,,,,csd_ICOHIT,7.410752676,7.200394404,0.032192828,-0.187103083,8.137024942,3.5092,2.338,0.426554668,0.216196396,0.210358272,0.452066471,0.219295911,0.232770561,0.36599333,-7.771031612
O=C1C2=CCCC1Cc1c[nH]c3cccc2c13,,,,,,,,,,,,,,csd_DOVPOU,7.210571604,7.088586272,0.657318089,0.383407973,7.092107182,3.6986,2.9965,0.253138484,0.131153152,0.121985332,0.581380786,0.273910116,0.30747067,0.290073524,-6.802033658
O=C1C=C(c2ccccc2)C(=O)C(c2ccccc2)=C1,,,,,,,,,,,,,,csd_DAFPIJ,8.359186893,8.235902462,-1.894935065,-2.126683239,5.63820208,2.151,1.6749,0.255254742,0.13197031,0.123284431,0.463215118,0.231748174,0.231466944,-2.362493748,-8.000695828
O=C1C=C(c2ccccc2)C(=O)C=C1c1ccccc1,,,,,,,,,,,,,,csd_RUCHII,8.367248733,8.235684798,-1.914066012,-2.145238311,5.679835522,2.1946,1.7283,0.266052443,0.134488508,0.131563935,0.468506837,0.231172299,0.237334538,-2.366303344,-8.046138866
O=C1C=C(c2ccccc2)C(=O)N1c1ccccc1O,,,,,,,,,,,,,,csd_FUSJEK,7.972923383,7.651965764,-1.088785802,-1.385586011,6.000657928,2.8817,2.2321,0.651988736,0.331031116,0.320957619,0.583555929,0.296800209,0.28675572,-1.543158494,-7.543816422
O=C1C=CC(=O)N1c1ccc(OC2=C(Oc3ccc(N4C(=O)C=CC4=O)cc3)C(F)(F)C(F)(F)C2(F)F)cc1,,,,,,,,,,,,,,csd_FUMWUH,8.164659479,7.645055075,-1.569719542,-1.918189818,5.846097176,2.8648,2.4941,0.949305336,0.429700932,0.519604404,0.725544361,0.348470277,0.377074084,-1.963846738,-7.809943914
O=C1C=CC(=O)c2c1cc1n2-c2ccccc2C1,,,,,,,,,,,,,,csd_BUFJET,8.219170063,8.053426079,-1.408092778,-1.62209316,5.88310468,2.4999,2.0283,0.342984758,0.177240774,0.165743984,0.43128088,0.214000382,0.217280498,-1.941805504,-7.824910184
O=C1C=CC(=O)c2c1cc1cc(O)cc(O)c1c2O,,,,,,,,,,,,,,csd_HEJFOT,7.520711277,7.36509279,-1.525264658,-1.775852318,5.60146669,2.6103,1.6548,0.316712315,0.161093828,0.155618486,0.507688369,0.25058766,0.257100709,-1.744794968,-7.346261658
O=C1C=CC(=O)c2c1cc(-c1ccccc1)c1cc(O)c(O)cc21,,,,,,,,,,,,,,csd_FOXHAB10,8.123538156,7.84043592,-1.631728336,-1.910610899,7.132652168,3.035,1.9842,0.510655119,0.227552883,0.283102235,0.568462473,0.278882564,0.289579909,-1.308051998,-8.440704166
O=C1C=CC(=O)c2c1cc(-c1ccccc1)c1c2[nH]c2ccccc21,,,,,,,,,,,,,,csd_UNEXES,7.60447036,7.514031096,-1.792953976,-2.006191486,5.20009854,2.4012,1.9069,0.187766823,0.097327559,0.090439265,0.438814574,0.21323751,0.225577064,-2.153510196,-7.353608736
O=C1C=CC(=O)c2c1c[nH]c2-c1ccccc1,,,,,,,,,,,,,,csd_BIRTEB,7.927279253,7.736874067,-1.1859828,-1.415148476,5.82868188,2.6169,2.1464,0.374883975,0.184478788,0.190405186,0.445551926,0.229165676,0.21638625,-1.69799136,-7.52667324
O=C1C=CC(=O)c2c1c(C(=O)O)n1ccc3ccccc3c21,,,,,,,,,,,,,,csd_ZUXMIQ,7.848333757,7.712018521,-1.513326092,-1.733248627,5.638746308,2.5343,2.0509,0.28858887,0.152273634,0.136315236,0.441896537,0.219922535,0.221974002,-1.936635338,-7.575381646
O=C1C=CC(=O)c2c(-c3cccs3)ccc(-c3cccs3)c21,,,,,,,,,,,,,,csd_YADXEH,7.647719888,7.369729858,-1.678670994,-1.896476754,5.217513836,2.0774,1.7105,0.578951379,0.300961349,0.27799003,0.429061464,0.21780576,0.211255704,-2.108067158,-7.325580994
O=C1C=CC(=O)c2c(-c3ccccc3)[nH]c(-c3ccccc3)c21,,,,,,,,,,,,,,csd_HANLIU,7.459662338,7.308035736,-1.337515876,-1.589616817,5.51983249,2.5593,1.9687,0.303631414,0.152004812,0.151626601,0.480694524,0.25210094,0.228593583,-1.709148034,-7.228980524
O=C1C=CC(=O)N1c1nc2ccccc2s1,,,,,,,,,,,,,,csd_REMKIG,8.402749977,8.083434811,-1.214843429,-1.676752318,7.124216634,3.4792,2.9599,0.649959527,0.330644361,0.319315167,0.919858247,0.461908889,0.457949358,-1.320025014,-8.444241648
O=C1C=CC(=O)N1c1ccccc1Oc1ccccc1,,,,,,,,,,,,,,csd_KOKNII,7.914955972,7.650175227,-0.778569175,-1.241335822,5.992222394,2.9062,2.6029,0.474125964,0.209345219,0.264780745,0.905696183,0.462766647,0.442929536,-1.545879634,-7.538102028
O=C1C=CC(=O)N1c1ccc2nc3c(cc2c1)COc1ccc2ccccc2c1-3,,,,,,,,,,,,,,csd_TAQFIC,7.120207851,6.941128539,-1.177036998,-1.671945968,5.068667478,2.8002,2.3296,0.36839011,0.189310798,0.179079312,0.945676152,0.49490897,0.450767181,-1.848742516,-6.917409994
O=C1C=CC(=O)N1c1ccc2ccc3c(C(=C(c4ccccc4)c4ccccc4)c4ccccc4)ccc4ccc1c2c43,,,,,,,,,,,,,,csd_DOLJUM,6.747080236,6.537418576,-1.039721199,-1.463816582,5.221595546,2.7148,1.9745,0.424207766,0.214546106,0.20966166,0.906044652,0.424095383,0.481949269,-1.536899872,-6.758495418
O=C1C=CC(=O)C(c2ccsc2)=C1c1ccsc1,,,,,,,,,,,,,,csd_ODAGIM,7.861390875,7.595404883,-1.849451645,-2.068042726,5.142138258,2.1337,1.5461,0.578701034,0.312715041,0.265985993,0.436096427,0.218591081,0.217505346,-2.366847572,-7.50898583
O=C1C=CC(=O)c2c1ccc1c2C2=C(CC1)CCc1ccc(O)c(-c3cccc4ccccc34)c12,,,,,,,,,,,,,,csd_MUHDEZ,6.95668448,6.859289437,-1.406635907,-1.647803742,5.086354888,2.3308,1.9396,0.206422143,0.1090271,0.097395043,0.482983846,0.241167835,0.241816011,-1.750237248,-6.836592136
O=C1C=CC(=O)C(N(C(=O)c2ccccc2)c2ccccc2)=C1,,,,,,,,,,,,,,csd_GECXIX,7.952919957,7.591576511,-1.929290437,-2.289109772,5.18785341,2.1163,1.614,0.850265092,0.488921646,0.361343446,0.714792048,0.359819335,0.354972713,-2.48712196,-7.67497537
O=C1C=CC(=Nc2cccc3[nH]ccc(=O)c23)C=C1,,,,,,,,,,,,,,csd_XIKGEF,7.463031136,7.187902712,-1.391452109,-1.734261489,5.257514594,2.2567,1.6889,0.831675161,0.556546737,0.275128424,0.703190713,0.34280938,0.360381332,-1.85309634,-7.110610934
O=C1C=CC(=Nc2ccc(O)cc2-c2ccccc2)C=C1,,,,,,,,,,,,,,csd_WEDPIH,7.38752195,7.099662835,-1.622198604,-1.835681071,5.07084439,2.2481,1.3905,0.723298523,0.435439408,0.287859115,0.423903951,0.213482467,0.210421484,-2.023711818,-7.094556208
O=C1C=CC(=Nc2ccc(Br)cc2)N1c1ccc(Br)cc1,,,,,,,,,,,,,,csd_CIQSUT,7.732452105,7.419737064,-1.203330286,-1.648213274,5.763918748,2.8225,2.2075,0.719143423,0.406428382,0.312715041,0.877926568,0.444882988,0.43304358,-1.635677254,-7.399596002
O=C1C=CC(=Cc2ccccc2)N1c1ccc(O)cc1,,,,,,,,,,,,,,csd_HEWLED,7.333097055,7.127021286,-0.659077115,-1.003124533,6.049910562,3.1562,1.9127,0.411354979,0.20527921,0.206075769,0.653203834,0.344047418,0.309156416,-0.998114152,-7.048024714
O=C1C=CC(=Cc2ccc(O)c(O)c2)O1,,,,,,,,,,,,,,csd_XAZHIS,7.308449758,7.136723565,-0.762619567,-0.972635982,5.569357238,3.2929,1.7291,0.348438167,0.176711974,0.171726193,0.41224041,0.210016415,0.202223995,-1.263425302,-6.83278254
O=C1C=CC(=Cc2ccc(-c3ccccc3)cc2)O1,,,,,,,,,,,,,,csd_HUSZUS,7.535467339,7.359297905,-1.095533631,-1.296378062,5.75793224,3.4381,1.8007,0.347213682,0.171044248,0.176169434,0.391455037,0.200844432,0.190610605,-1.481116502,-7.239048742
O=C1C=CC(=CC=C(c2ccc(O)cc2)c2ccc(O)cc2)c2ccccc21,,,,,,,,,,,,,,csd_BANZIA,6.80599074,6.597821897,-1.404766756,-1.60304752,5.363094826,2.8064,1.2632,0.435901049,0.227732207,0.208168843,0.393002821,0.198280764,0.194722057,-1.431863868,-6.794958694
O=C1C=CC(=C=C=C(c2ccccc2)c2ccccc2)C=C1,,,,,,,,,,,,,,csd_DADSUX,7.177865406,7.034049211,-2.007889205,-2.1676626,4.769069964,2.193,0.7494,0.291165436,0.147349241,0.143816195,0.312285428,0.159773395,0.152512033,-2.22725309,-6.996323054
O=C1C=CC(=C2c3ccc([nH]3)C(=C3C=CC(=O)C=C3)c3ccc([nH]3)C(=C3C=CC(=O)C=C3)c3ccc([nH]3)C(=C3C=CC(=O)C=C3)c3ccc2[nH]3)C=C1,,,,,,,,,,,,,,csd_WODXIX,7.229028416,7.092723248,-2.761539405,-2.948129063,4.480084896,2.2146,1.0084,0.405650408,0.26934524,0.136305168,0.383197738,0.186589658,0.196608079,-2.757059048,-7.237143944
O=C1C=CC(=C2C=CC(=O)c3ccccc32)c2ccccc21,,,,,,,,,,,,,,csd_UDIZOY,7.637825659,7.48230342,-2.332748722,-2.575343686,4.826213904,2.2629,0.758,0.323443979,0.16792174,0.15552224,0.467617487,0.242594964,0.225022523,-2.585083,-7.411296904
O=C1C=CC(=C2C=CC(=O)c3[nH]c(-c4ccccc4)c(C(=O)O)c32)c2c1[nH]c(-c1ccccc1)c2C(=O)O,,,,,,,,,,,,,,csd_NEVPEJ,7.256098045,7.003362099,-2.171727684,-2.450010508,5.078735696,2.5388,0.6595,0.567361772,0.314625826,0.252735946,0.545555644,0.278282824,0.26727282,-2.19187827,-7.270613966
O=C1C=CC(=O)c2c1ccc1c2C2=C(CC1)CCc1c(O)ccc(-c3ccccc3-c3ccccc3)c12,,,,,,,,,,,,,,csd_MUHDAV,7.043819192,6.873510387,-1.423001387,-1.644457012,5.18921398,2.3641,1.928,0.370846211,0.200537406,0.170308806,0.44234226,0.221455625,0.220886635,-1.75649587,-6.94570985
O=C1C=CC(=O)c2c1ccc1ccc3c(c21)-c1c(ccc2ccc4c(c12)C(=O)C=CC4=O)OCO3,,,,,,,,,,,,,,csd_CANKIM,7.945250424,7.450429074,-1.654200326,-2.001541058,7.040133408,3.0572,1.8847,0.940794154,0.445972805,0.494821349,0.66273528,0.347340732,0.315394548,-1.379345866,-8.419479274
O=C1C=CC(=C2C(=O)c3cc(O)cc4c3C(C(=O)O4)c3cc(O)cc(O)c32)C=C1,,,,,,,,,,,,,,csd_COVXUH,7.65586943,7.420752865,-1.690067672,-2.068200824,5.432483896,2.2596,1.5074,0.507288525,0.27217196,0.235116564,0.706207668,0.378133152,0.328074516,-1.95649966,-7.388983556
O=C1C=CC(Br)=CC1=CNc1ccccc1,,,,,,,,,,,,,,csd_DUNVIR01,7.347489708,7.176235851,-0.969697287,-1.178103685,6.493184268,3.1068,1.7862,0.353405336,0.182151479,0.171253857,0.398793952,0.208406398,0.190387553,-0.880833018,-7.374017286
O=C1C=CC=CC(=O)C1=C1C=C(Cl)c2ccccc2N1,,,,,,,,,,,,,,csd_KIBPET,8.123540333,7.400966368,-1.236183153,-1.372825742,5.824055942,2.6662,2.1535,0.951554086,0.228980121,0.722573965,0.275706449,0.136642589,0.13906386,-1.497171228,-7.32122717
O=C1C=CC2c3c1cc1nc4ccccc4n1c3-c1nc3ccccc3n12,,,,,,,,,,,,,,csd_SEBYUU,7.478147967,7.321635885,-1.452469973,-1.600796049,6.212090506,3.0091,1.8748,0.32310381,0.166591728,0.156512081,0.288328457,0.148326076,0.140002381,-1.354311378,-7.566401884
O=C1C=CC(c2ccccc2)=CC1=CNc1ccccc1O,,,,,,,,,,,,,,csd_ICAWAL,6.967908284,6.744831513,-0.762668248,-1.037683283,7.461910108,3.3514,1.6048,0.465840038,0.242763267,0.223076771,0.543478489,0.275015035,0.268463455,-0.136873342,-7.59878345
O=C1C=CC(O)=CC1=CNc1ccccc1O,,,,,,,,,,,,,,csd_BALGUR02,6.683799662,6.465804674,-0.569165507,-0.766787918,6.188416588,2.8434,1.3756,0.451444038,0.23344905,0.217994988,0.392722408,0.197622412,0.195099996,-0.497152278,-6.685568866
O=C1C=CC(O)=CC1=CNc1ccccc1N=Cc1cc(O)ccc1O,,,,,,,,,,,,,,csd_VEFTEG,6.558510132,6.391660712,-0.956684251,-1.098775651,5.170438114,2.5181,1.394,0.355056524,0.188207104,0.16684942,0.283654355,0.1420914,0.141562955,-1.10342227,-6.273860384
O=C1C=CC(Nc2ccccc2)=C2C(=O)C=CC(Nc3ccccc3)=C12,,,,,,,,,,,,,,csd_ILISAX,6.586259229,6.478914882,-1.739121663,-2.002212363,4.439267796,1.9736,0.6439,0.220967725,0.113623378,0.107344347,0.49824019,0.2630907,0.23514949,-1.942349732,-6.381617528
O=C1C=CC(Cl)=CC1=CNc1ccccc1,,,,,,,,,,,,,,csd_LIVWIX,7.246864128,7.100347066,-0.959839685,-1.12499574,5.568540896,2.8804,1.7146,0.299569214,0.153052152,0.146517062,0.321095064,0.165156055,0.155939009,-1.282201168,-6.850742064
O=C1C=CC(Cl)=CC1=CNc1ccc(O)cc1,,,,,,,,,,,,,,csd_SAQTOT01,7.0565378,6.905168401,-0.800144958,-0.984514983,5.566908212,2.8885,1.7625,0.290118423,0.138749024,0.151369399,0.349484174,0.184370024,0.165114149,-1.120565452,-6.687473664
O=C1C=CC(Cl)=CC1=CNc1ccc(O)c(C(=O)O)c1,,,,,,,,,,,,,,csd_SABLOY,7.265966259,7.064192367,-0.902802142,-1.134856335,6.456993106,3.0971,1.8291,0.385805678,0.184031787,0.201773892,0.436115203,0.232054193,0.20406101,-0.823961192,-7.280954298
O=C1C=CC(Cl)=CC1=C(N=[SH2])c1ccccc1,,,,,,,,,,,,,,csd_CICWAM,7.340524679,6.935755648,-0.456919135,-0.760179847,6.735909956,3.2286,2.4305,0.772012452,0.367243422,0.404769031,0.617972255,0.303260713,0.314711542,-0.483274464,-7.21918442
O=C1C=CC(Br)=CC2=C(c3ccccc3)C(c3ccccc3)=CC12,,,,,,,,,,,,,,csd_HOJMAW,7.237791031,7.086595241,-1.371679326,-1.567428614,5.452076104,2.6771,1.3661,0.307825425,0.156629635,0.15119579,0.391365784,0.195749288,0.195616496,-1.592683242,-7.044759346
O=C1C=CC(Br)=CC1=CNc1ccccc1O,,,,,,,,,,,,,,csd_EYUSIC,7.127142676,6.957511162,-0.755092676,-0.946741478,6.505157284,3.1107,1.8667,0.349750029,0.180118515,0.169631514,0.382910657,0.191648802,0.191261856,-0.661509134,-7.166666418
O=C1C=CC(Br)=CC1=CNc1ccc(O)cc1,,,,,,,,,,,,,,csd_LOHJAU,7.208560545,7.02243593,-0.806958693,-1.048744771,6.56747139,3.1362,1.8579,0.356853021,0.170728405,0.186124615,0.443897936,0.241786078,0.202111857,-0.69253013,-7.26000152
O=C1C=CC(=O)c2c1ccc1ccc3c(c21)-c1c(ccc2ccccc12)OCO3,,,,,,,,,,,,,,csd_CANJAD,7.343416706,6.963213583,-1.68010449,-1.926729028,5.116559542,2.226,1.8716,0.79441451,0.414211387,0.380203123,0.477974772,0.246624537,0.231350234,-2.044120368,-7.16067991
O=C1C=CC(Br)=CC1=CNc1cc(Cl)ccc1O,,,,,,,,,,,,,,csd_SEFKUL01,7.118422238,6.991558882,-1.061770052,-1.214956356,5.47357311,2.8188,1.6805,0.264801753,0.137938396,0.126863356,0.307473037,0.153186304,0.154286733,-1.328188434,-6.801761544
O=C1C=CC(=O)c2nn(N=Cc3ccc(O)c(O)c3)nc21,,,,,,,,,,,,,,csd_LUMTIW,7.881924598,7.695762975,-1.591821729,-1.828548392,5.235745474,2.5496,2.043,0.377820493,0.19165887,0.186161623,0.480979727,0.236726663,0.244253064,-2.181537938,-7.417283412
O=C1C=CC(=O)c2nc3ccccc3cc21,,,,,,,,,,,,,,csd_HIQREE,8.737499777,8.559931269,-1.602497795,-1.80971647,5.97562344,2.4014,1.913,0.509020938,0.331452431,0.177568508,0.418762684,0.207218675,0.211544009,-2.149428486,-8.125051926
O=C1C=CC(=O)c2nc(-c3cc4ccccc4o3)ccc21,,,,,,,,,,,,,,csd_BEQHEL,8.022941801,7.842617894,-1.748332613,-1.963132684,6.158211934,2.6726,2.1278,0.362748752,0.182424845,0.180323907,0.440626254,0.21480007,0.225826184,-1.867518382,-8.025730316
O=C1C=CC(=O)c2ccccc21,,,,,,,,,,,,,,csd_UHURAR01,9.968765721,9.897784648,-1.397234259,-1.678397927,8.6804366,3.1173,2.5391,0.160721603,0.08974053,0.070981073,0.573266401,0.281163668,0.292102733,-1.242472524,-9.922909124
O=C1C=CC(=O)c2cc3ccccc3cc21,,,,,,,,,,,,,,csd_COBBIE04,8.356170619,8.243914559,-1.510488977,-1.711203311,5.889091188,2.516,2.0528,0.225902975,0.113646915,0.112256059,0.408211137,0.200714334,0.207496803,-2.02588873,-7.914979918
O=C1C=CC(=O)c2c1oc1ccccc21,,,,,,,,,,,,,,csd_ITIKAX,9.080673654,8.847769703,-1.715446357,-2.01832875,8.149270072,3.283,2.1683,0.472101708,0.239197757,0.232903951,0.611514717,0.302882393,0.308632325,-1.363835368,-9.51310544
O=C1C=CC(=O)c2c1cnc1[nH]c(=O)[nH]c(=O)c21,,,,,,,,,,,,,,csd_HISXEP,9.59126401,9.330520973,-1.835470346,-2.227079155,8.60424468,3.2226,2.493,0.544939551,0.284196515,0.260743036,0.750145018,0.391608809,0.358536209,-1.460707952,-10.06495263
O=C1C=CC(=O)c2c1ccc1ccc3oc4ccc5ccccc5c4c3c21,,,,,,,,,,,,,,csd_DAPBAY,7.304411885,7.191305796,-1.764537927,-1.975674989,4.966896842,2.2711,1.8365,0.231206558,0.118100469,0.113106089,0.411151193,0.211137062,0.20001413,-2.12929205,-7.096188892
O=C1C=CC(=O)c2c1ccc1ccc3oc4ccc5ccc6c(c5c4c3c21)C(=O)C=CC6=O,,,,,,,,,,,,,,csd_DAPBOM,7.473668154,7.346929698,-2.166635615,-2.286195159,4.99465247,2.2312,1.7814,0.261157058,0.134418602,0.126738456,0.238759899,0.119559545,0.119200354,-2.33337755,-7.32803002
O=C1C=CC(=O)c2c1ccc1ccc3oc4ccc5ccc(Br)cc5c4c3c21,,,,,,,,,,,,,,csd_DANYOH,7.493147163,7.358280933,-1.758639312,-1.996427219,5.678474952,2.559,2.0068,0.275476513,0.140610284,0.134866229,0.46234917,0.237787907,0.224561262,-1.848470402,-7.526945354
O=C1C=CC(=O)c2c1ccc1ccc3c(c21)-c1c(ccc2ccccc12)O[SiH2]O3,,,,,,,,,,,,,,csd_CANHUV,7.320653826,7.00023306,-1.654800337,-1.902738913,5.132342154,2.2342,1.8896,0.750830827,0.430410061,0.320420766,0.47918323,0.247938576,0.231244654,-2.01500417,-7.147346324
O=C1C=CC(=C2C=C(c3ccccc3)C(=O)C(c3ccccc3)=C2)C=C1,,,,,,,,,,,,,,csd_TESVEV,7.611335525,7.481447893,-2.642148299,-2.828792652,4.5715152,1.9281,0.4456,0.295489681,0.16560205,0.129887631,0.377659946,0.186644353,0.191015592,-2.884952628,-7.456467828
O=C1C=CC(=C(c2ccccn2)c2ccccn2)C=C1,,,,,,,,,,,,,,csd_JECNIP,7.823592826,7.612542459,-1.45785783,-1.746898001,5.599289778,2.3704,1.554,0.448559575,0.237509208,0.211050367,0.554921536,0.289040171,0.265881365,-1.767652544,-7.366942322
O=C1C=C(c2ccccc2)C(=O)c2c1ccc1ccc3sc4ccc5ccc(Br)cc5c4c3c21,,,,,,,,,,,,,,csd_DANZEY,8.039939293,7.53944736,-1.754917065,-2.03077617,6.640397942,2.8887,2.0822,0.685121282,0.184629349,0.500491933,0.542096803,0.275859105,0.266237698,-1.413360116,-8.053758058
O=C1C=C(c2ccccc2)c2cc(O)ccc21,,,,,,,,,,,,,,csd_ZIQVUS,7.870512273,7.727625701,-0.945080657,-1.199770654,6.076849848,2.6892,1.9995,0.287666376,0.144779805,0.142886572,0.495424272,0.254689996,0.240734276,-1.37145456,-7.448304408
O=C1C=C(n2ncc3ccccc32)C(=O)N1,,,,,,,,,,,,,,csd_SEPVUG,8.16013572,8.102568507,-1.082236345,-1.347674273,6.053448044,3.2082,2.1717,0.11678605,0.059218836,0.057567213,0.544900503,0.265437928,0.279462575,-1.656902146,-7.71035019
O=C1C=C(n2cnc3ccccc32)CCO1,,,,,,,,,,,,,,csd_IHAREP,8.617915524,8.476576274,-0.241010934,-0.553791365,8.4219283,4.567,3.0956,0.319148061,0.177808812,0.14133925,0.665901244,0.31278043,0.353120814,-0.204357614,-8.626285914
O=C1C=C(n2cc(Br)cn2)C(=O)C=C1n1cc(Br)cn1,,,,,,,,,,,,,,csd_WEDSUU,9.014076936,8.892145374,-2.500339898,-2.80576174,6.744617604,2.9923,1.9078,0.254747957,0.132816394,0.121931562,0.620995169,0.305421842,0.315573327,-2.298274844,-9.042892448
O=C1C=C(n2c3ccccc3c3ccccc32)c2ccccc2C1=O,,,,,,,,,,,,,,csd_XANRUB,7.58979362,7.51438566,-1.900177504,-2.098455003,5.041183964,1.7907,1.3167,0.152252409,0.076844449,0.07540796,0.398717215,0.198277499,0.200439717,-2.301812326,-7.34299629
O=C1C=C(c2nc3ccccc3o2)C(=O)C=C1c1nc2ccccc2o1,,,,,,,,,,,,,,csd_IFAVET,8.580629811,8.414626393,-2.275030322,-2.506138375,6.248553782,2.3369,1.8108,0.35648866,0.190485242,0.166003418,0.44417522,0.231108053,0.213067167,-2.27351247,-8.522066252
O=C1C=C(c2coc3cc(O)cc(O)c3c2=O)C(=O)C=C1O,,,,,,,,,,,,,,csd_WUVXOA,8.017194916,7.70531472,-1.596585085,-1.887703254,5.324998866,2.3827,1.9161,0.852513026,0.54063283,0.311880196,0.576347792,0.29111817,0.285229623,-2.209837794,-7.53483666
O=C1C=C(c2ccccc2O)C(=O)c2ccc(F)cc21,,,,,,,,,,,,,,csd_YAQBAW,8.198666083,8.013229344,-1.571244387,-1.786762729,5.61099068,2.4895,2.0319,0.355819314,0.170382576,0.185436738,0.430121974,0.215518343,0.214603631,-2.033507922,-7.644498602
O=C1C=C(c2ccccc2)c2ccccc2C1=O,,,,,,,,,,,,,,csd_GERNOJ,8.269115772,8.015832686,-1.642327312,-1.80672504,5.455613586,1.782,1.3039,0.823344772,0.570061687,0.253283085,0.324475155,0.164397728,0.160077428,-2.114053666,-7.569667252
O=C1C=C(c2ccccc2)c2ccccc21,,,,,,,,,,,,,,csd_HICXEX,8.291145604,8.088036884,-1.014356963,-1.26542485,7.23142955,2.8925,2.035,0.410231093,0.207122374,0.20310872,0.493079548,0.251067887,0.242011661,-1.066142652,-8.297572202
O=C1C=C(c2ccccc2)c2ccccc2-c2ccccc2C(c2ccccc2)=C1,,,,,,,,,,,,,,csd_BOXDOH,7.603747354,7.262818716,-0.68379772,-0.988845949,6.526110062,3.244,2.3941,0.896873866,0.555945229,0.340928637,0.540865215,0.30504823,0.235816986,-0.870492686,-7.396602748
O=C1C=C(c2ccccc2)c2ccc3ccccc3c21,,,,,,,,,,,,,,csd_RIGQEF,7.586985403,7.481700388,-1.374962763,-1.561115569,5.576160088,2.4099,1.5821,0.214116302,0.108831287,0.105285016,0.373356191,0.186152806,0.187203384,-1.70479421,-7.280954298
O=C1C=C(c2ccccc2)c2cc3ccc2CCc2ccc(cc21)CC3,,,,,,,,,,,,,,csd_GISZAL,7.733624645,7.489717438,-0.690659618,-0.964315688,6.479578568,3.0619,2.5165,0.530288144,0.286380937,0.243907207,0.538545715,0.27365607,0.264889645,-0.976617146,-7.456195714
O=C1C=C(c2ccccc2)c2c1cnc1ccccc21,,,,,,,,,,,,,,csd_MIYJAI,8.068441493,7.95661668,-1.573082408,-1.784469706,5.790041692,2.3924,1.7616,0.230537648,0.118712835,0.111824813,0.422115972,0.211387298,0.210728674,-1.947519898,-7.73756159
O=C1C=C2C(=C(c3ccccc3)c3ccccc32)c2ccccc21,,,,,,,,,,,,,,csd_XIFBAS,7.430028252,7.26765957,-1.652994507,-1.849156537,5.361190028,2.3568,1.47,0.314463238,0.152094556,0.162368682,0.384694637,0.19616203,0.188532607,-1.88030774,-7.241497768
O=C1C=C(c2ccccc2)c2c1ccc(O)c2O,,,,,,,,,,,,,,csd_CETCEK,8.022403178,7.563102692,-0.863327679,-1.097535192,6.105421818,2.6801,1.9702,0.643023913,0.183723427,0.459300486,0.477942689,0.234207513,0.243735177,-1.277847344,-7.383269162
O=C1C=C(c2ccccc2)c2[nH]c3ccccc3c2CC1,,,,,,,,,,,,,,csd_LEXCIC,7.375204084,7.213721868,-0.679390779,-0.941688239,6.682031384,3.2006,2.0691,0.325421269,0.163939052,0.161482216,0.508855683,0.26229746,0.246558223,-0.686815736,-7.36884712
O=C1C=C(c2ccccc2)Oc2c(cnn2-c2ccccc2)CC1,,,,,,,,,,,,,,csd_ZEGPIN,8.007578135,7.828540185,-0.497474189,-0.910777803,6.715229292,3.2121,2.6183,0.409516332,0.230478381,0.179037951,0.777478951,0.413303614,0.364175336,-0.875934966,-7.591164258
O=C1C=C(c2ccccc2)N2CC1C(c1ccccc1)=Nc1ccccc12,,,,,,,,,,,,,,csd_MUDTOU,7.465837257,7.196494466,-0.781829509,-0.933064756,6.306786178,3.0483,2.4438,0.647223965,0.377881174,0.269342791,0.300386917,0.151235247,0.14915167,-0.93471159,-7.241497768
O=C1C=C(c2ccccc2)N2C=Cc3ccccc3C2N1,,,,,,,,,,,,,,csd_COLXOT,7.248669387,7.055765677,-0.173367421,-0.580834,7.132652168,3.6283,2.4576,0.371469951,0.178566241,0.19290371,0.791372057,0.407466578,0.383905479,-0.136329114,-7.268981282
O=C1C=C(c2ccccc2)N(C(=O)c2ccccc2)CC1,,,,,,,,,,,,,,csd_ZITNAT,7.970019247,7.735723923,-0.685219542,-0.944921988,6.469782464,3.0935,2.4917,0.603188355,0.368893031,0.234295324,0.566630275,0.259702445,0.30692783,-0.983964224,-7.453746688
O=C1C=C(c2ccccc2)Cc2ccccc21,,,,,,,,,,,,,,csd_CEBHIA,8.255729096,8.108842367,-0.551765639,-0.828494666,6.641214284,3.1107,2.6344,0.330701777,0.183815048,0.146886729,0.473147143,0.276729026,0.196418117,-0.924915486,-7.56612977
O=C1C=C(c2ccccc2)CCO1,,,,,,,,,,,,,,csd_RIPXAQ,8.590814249,8.352409187,-0.247465996,-0.674900871,7.236327602,3.9258,2.8653,0.471015211,0.232610149,0.238405062,0.681357565,0.427434875,0.253922689,-0.752667324,-7.988994926
O=C1C=C(c2ccccc2)CC1,,,,,,,,,,,,,,csd_XIFVEQ,8.732939554,8.540200011,-0.240842006,-0.534998329,8.904386422,3.7507,2.5658,0.393392325,0.200652782,0.192739544,0.582795506,0.294156322,0.288639184,-0.037823846,-8.942210268
O=C1C=C(c2ccccc2)C2=NCOC2=C1c1ccccc1,,,,,,,,,,,,,,csd_WOHDEF,7.665658323,7.470944592,-1.5311636,-1.801368339,5.425408932,2.4013,1.6949,0.385897762,0.191184031,0.194713731,0.52360097,0.270204739,0.25339623,-1.909151824,-7.334560756
O=C1C=C(c2ccccc2)C(c2ccccc2)=C1,,,,,,,,,,,,,,csd_IFUWUC,8.596320367,8.325818969,-1.138208399,-1.457823135,8.71172971,3.155,1.301,0.551290283,0.280788885,0.270501398,0.649331978,0.319614737,0.329717241,-0.537153036,-9.248882746
O=C1C=C(c2ccccc2)C(=O)c2ccccc21,,,,,,,,,,,,,,csd_CEHBAS,8.64624866,8.440422038,-1.647564745,-1.878981511,6.52937543,2.5785,2.0975,0.444880158,0.239053537,0.205826621,0.472710563,0.231416766,0.241293797,-1.889559616,-8.418935046
O=C1C=C2C(=C(Oc3cc4c(c5cc(O)ccc35)C=C(O)C(=O)C4)C(=O)c3ccc(O)cc32)C1,,,,,,,,,,,,,,csd_DEYRUW,6.779255811,6.545192873,-1.827243877,-2.10232011,4.48035701,2.1134,1.6843,0.479449902,0.245386963,0.234062939,0.543461727,0.275076233,0.268385494,-2.102352764,-6.582709774
O=C1C=C2C(=C(c3ccsc3)Oc3ccccc32)OC1,,,,,,,,,,,,,,csd_GITFAS,7.114699991,6.921123534,-0.8911309,-1.035852282,5.634936712,2.8859,1.6985,0.375007923,0.181431465,0.193576457,0.288933911,0.144721382,0.144212529,-1.188593952,-6.823530664
O=C1C=CC(=C(c2ccccc2)c2cccs2)C=C1,,,,,,,,,,,,,,csd_HINSEC,7.429882562,7.194982329,-1.433581724,-1.631098392,5.4150686,2.316,1.3658,0.503459336,0.268559103,0.234900234,0.402488988,0.197516668,0.20497232,-1.721665278,-7.136733878
O=C1C=C2c3cccc4cccc(c34)C2C1,,,,,,,,,,,,,,csd_BERFEJ10,7.977502137,7.857378935,-0.645659908,-0.906095918,7.393065266,3.552,2.1909,0.242714831,0.122591629,0.120123201,0.514800912,0.26043601,0.254364902,-0.598378686,-7.991443952
O=C1C=CC(=C(c2ccccc2)c2ccccc2)N1,,,,,,,,,,,,,,csd_GOCBUX,7.35836537,7.166659806,-0.755634591,-1.042764032,5.92664292,3.3948,1.7968,0.388178431,0.196472866,0.191705565,0.551520846,0.287129441,0.264391405,-1.094986736,-7.021629656
O=C1C=CC(=C(c2ccccc2)c2ccccc2)C=C1,,,,,,,,,,,,,,csd_DAXSOM01,7.548604322,7.315181831,-1.349530335,-1.58397671,5.561738046,2.371,1.4945,0.490480723,0.257058232,0.233422491,0.462296788,0.234446375,0.227850413,-1.635133026,-7.196871072
O=C1C=CC(=C(c2ccccc2)c2ccc(O)cc2)C=C1,,,,,,,,,,,,,,csd_SAGSID,7.3016505,7.053431347,-1.265628718,-1.486126883,5.49398166,2.3824,1.4645,0.537998413,0.28977926,0.248219153,0.441062753,0.220498165,0.220564588,-1.535811416,-7.029793076
O=C1C=CC(=C(c2ccccc2)c2ccc(C3=NC(=C(c4ccccc4)c4ccc(-c5ccc(C(=O)c6ccccc6)[nH]5)[nH]4)C=C3)[nH]2)O1,,,,,,,,,,,,,,csd_MAHGUA,6.214286466,6.073465838,-1.739016083,-1.868312139,4.494779052,2.0492,1.1605,0.28786287,0.147042242,0.140820628,0.282192286,0.129296056,0.152896231,-1.71976048,-6.214539532
O=C1C=CC(=C(c2ccccc2)c2ccc(C(=C=C=C(c3ccccc3)c3ccc(C(=O)c4ccccc4)s3)c3ccccc3)s2)N1,,,,,,,,,,,,,,csd_NAHXUR,6.406096631,6.236921453,-1.967073194,-2.161028434,4.519269312,2.2978,0.9503,0.33872533,0.169550152,0.169175179,0.386208135,0.19395524,0.192252895,-1.924662322,-6.443931634
O=C1C=CC(=C(c2ccc(O)cc2)c2ccc(O)cc2)C=C1,,,,,,,,,,,,,,csd_MELGOA,7.101528095,6.842850731,-1.17318898,-1.374285797,5.43003487,2.3934,1.4474,0.570161689,0.311484324,0.258677364,0.407546253,0.201096818,0.206449436,-1.430775412,-6.860810282
O=C1C=CC(=C(c2ccc(O)cc2)c2cc(-c3ccccc3)c(O)c(-c3ccccc3)c2)C=C1,,,,,,,,,,,,,,csd_MOBBOW,6.845686186,6.646848132,-1.256758509,-1.437693366,4.843901314,2.1624,1.4702,0.456599945,0.257761891,0.198838054,0.366255376,0.180934857,0.185320519,-1.63540514,-6.479306454
O=C1C=CC(=C(c2ccc(O)cc2)c2c(C#Cc3ccc(O)cc3)cccc2-c2ccc(O)cc2)C=C1,,,,,,,,,,,,,,csd_UDUGAC,6.993624227,6.789676145,-1.289088101,-1.52184707,5.448266508,2.4446,1.5176,0.496983023,0.293034941,0.203948082,0.448849866,0.232758969,0.216090898,-1.43812249,-6.886388998
O=C1C=CC(=C(c2ccc(Cl)cc2)c2ccc(Cl)cc2)C=C1,,,,,,,,,,,,,,csd_PEJJOF,7.768328159,7.469301541,-1.571170998,-1.837056308,6.221342382,2.6415,1.4287,0.638501623,0.339475004,0.299026619,0.52330325,0.265885311,0.257417939,-1.565743956,-7.787086338
O=C1C=CC(=C(C2=NC(=C(c3ccccc3)c3ccc(C(=C4C=CC(=O)N4)c4ccccc4)[nH]3)C=C2)c2ccccc2)N1,,,,,,,,,,,,,,csd_YAPXOD,6.509589477,6.382958234,-1.937470184,-2.071186731,4.564984464,2.0851,1.0449,0.267577043,0.1409458,0.126631243,0.278057786,0.133716547,0.144341239,-1.935546882,-6.500531346
O=C1C=CC(=C(C2=NC(=C(c3ccc[nH]3)c3c(F)c(F)c(F)c(F)c3F)C=C2)c2c(F)c(F)c(F)c(F)c2F)N1,,,,,,,,,,,,,,csd_PEWTUJ,7.13166766,6.936971725,-2.049977622,-2.214556795,4.843084972,2.5185,1.1534,0.40537258,0.210676645,0.194695934,0.313101715,0.164579173,0.148522542,-2.148067916,-6.991152888
O=C1C=C2c3nc(-c4ccc(Cl)cc4Cl)[nH]c3C3=CC(=O)SC3C2S1,,,,,,,,,,,,,,csd_PEYMEN,8.072554605,7.931619961,-1.426399819,-1.68282427,6.701351478,3.5175,2.276,0.284956964,0.144022321,0.140934643,0.510260282,0.256424451,0.253835831,-1.406285152,-8.10763663
O=C1C=C2c3cccc4c3c(cn4C(=O)O)CC2N1,,,,,,,,,,,,,,csd_ZENWOH,7.761253223,7.598525812,-0.295890015,-0.577373036,6.733188816,3.6865,2.6244,0.33802978,0.17530237,0.16272741,0.556785408,0.281483021,0.275302387,-0.645998636,-7.379187452
O=C1C=C2C(=C1)c1cccc3cccc2c13,,,,,,,,,,,,,,csd_DOMTIK01,7.779865385,7.689405031,-1.170931821,-1.399194678,6.59740393,2.659,1.5118,0.181645483,0.091185129,0.090460354,0.463553818,0.228262856,0.235290962,-1.181246874,-7.778650804
O=C1C=C2N(c3ccccc3)CC3CC23c2ccccc21,,,,,,,,,,,,,,csd_BEPPES,7.290175969,7.170894063,-0.082335519,-0.26828522,6.604751008,3.3079,2.728,0.256079383,0.136797477,0.119281907,0.371914041,0.185949701,0.18596434,-0.373068294,-6.977819302
O=C1C=C2N(c3ccc(O)cc3)CC3CC23c2ccccc21,,,,,,,,,,,,,,csd_BEPNUG,7.02938447,6.874301721,0.051264863,-0.162260082,6.471687262,3.3226,2.7111,0.319408474,0.164325726,0.155082748,0.416768387,0.213524944,0.203243443,-0.242997802,-6.714685064
O=C1C=C2N(c3ccc(F)cc3)CC3CC23c2ccccc21,,,,,,,,,,,,,,csd_BEPPIW,7.317580788,7.188864961,-0.111649218,-0.309076768,6.590056852,3.3125,2.7357,0.266304067,0.13758824,0.128715827,0.392063266,0.197427551,0.194635715,-0.407354658,-6.99741151
O=C1C=C2N(c3ccc(Cl)cc3)CC3CC23c2ccccc21,,,,,,,,,,,,,,csd_BEPPOC,7.332577861,7.213039542,-0.21592518,-0.395719063,6.55930797,3.3023,2.7217,0.247073798,0.127535478,0.11953832,0.362708642,0.179793883,0.182914759,-0.48572349,-7.04503146
O=C1C=C2N(C(=O)c3ccc(Cl)cc3)CC3CC23c2cc[nH]c21,,,,,,,,,,,,,,csd_GEXCOB,8.024711521,7.698861265,-0.321320647,-0.641832843,7.727765486,3.7186,2.9003,0.800737351,0.474887094,0.325850256,0.681160935,0.320512196,0.360648739,-0.288168726,-8.015934212
O=C1C=C2Cc3ccc4ccccc4c3N=C2c2ccccc21,,,,,,,,,,,,,,csd_VEFCOA,7.736282709,7.548349324,-1.59651107,-1.882752004,6.981628898,3.2882,1.3882,0.379645888,0.191712504,0.187933384,0.56018218,0.286240934,0.273941246,-1.164103692,-8.14573259
O=C1C=C2Cc3ccc4c5c3C2C2=C1Cc1ccc(c-5c12)C4,,,,,,,,,,,,,,csd_HABYER,7.461411568,7.336191018,-0.710955676,-0.869585512,6.165559012,2.9545,2.2259,0.254913756,0.129693206,0.12522055,0.323083156,0.158629836,0.16445332,-1.02178807,-7.187347082
O=C1C=C2CCCC(c3ccc4ccccc4c3)=C2O1,,,,,,,,,,,,,,csd_XAYBAC,7.417112987,7.282380094,-0.950559809,-1.169996838,5.868682638,3.4741,1.8809,0.280853975,0.146121082,0.134732893,0.413350772,0.219437029,0.193913743,-1.264785872,-7.13346851
O=C1C=C2CC(=O)N(c3ccccc3)C2=C(c2ccc(O)cc2)C1=O,,,,,,,,,,,,,,csd_WUXYAR,7.540323022,7.231856225,-1.719701159,-1.956507551,5.06268097,1.6979,1.2438,0.667194412,0.358727614,0.308466798,0.46627006,0.236806392,0.229463668,-2.149972714,-7.212653684
O=C1C=C2C=C(c3ccccc3)c3ccccc3C2C(=O)N1c1ccc(Cl)c(Cl)c1,,,,,,,,,,,,,,csd_ROXCEO,8.397681582,7.982639976,-1.015216789,-1.523847108,9.01921853,4.4364,1.5244,0.811145439,0.396103833,0.415041606,0.996105679,0.508630319,0.48747536,-0.216058516,-9.235277046
O=C1C=C2C=C(c3ccccc3)c3ccccc3C2C(=O)N1c1ccc(Br)cc1,,,,,,,,,,,,,,csd_ROXCIS,7.694230157,7.436629629,-1.183401745,-1.496521964,6.157667706,3.3801,2.0434,0.457628264,0.200027736,0.257600528,0.607925806,0.313120219,0.294805586,-1.365740166,-7.523407872
O=C1C=C2C(c3ccccc3)=C(c3ccccc3)OC2c2ccccc2N1,,,,,,,,,,,,,,csd_XARJIL,7.092854679,6.909138817,-0.702061739,-1.009801993,5.731537182,3.321,2.0225,0.376982654,0.193266792,0.183715862,0.586078589,0.307740253,0.278338336,-1.01634579,-6.747882972
O=C1Oc2ccccc2C1=CC=Cc1ccn2c1CCCC2,,,,,,,,,,,,,,csd_HOFPOJ,6.873437297,6.692108555,-0.896715169,-1.082272808,5.51575078,3.0944,1.625,0.369992399,0.188663657,0.181328742,0.374991705,0.185557639,0.189434066,-1.12655196,-6.64230274
O=C1c2c(c(O)c3cccc(O)c3c2O)C2CCCCC12,,,,,,,,,,,,,,csd_MICJAK,7.038390736,6.784817903,0.049950144,-0.197916648,7.069793834,3.5169,2.27,0.477875124,0.224302291,0.253572832,0.491816667,0.247866792,0.243949874,0.048708406,-7.021085428
O=C1Oc2ccccc2C2(CC2)N1c1ccccc1,,,,,,,,,,,,,,csd_IGAJUY,7.928495358,7.643075936,0.904694695,0.701251275,8.109813542,4.8583,3.6728,0.688085665,0.402666243,0.285419422,0.426413795,0.20344342,0.222970375,0.538241492,-7.57157205
O=COC(=Cc1ccccc1)c1c(OC=O)cc(OC=O)cc1OC=O,,,,,,,,,,,,,,csd_GOPZAM,7.907258139,7.586135863,-0.301817148,-0.686559949,7.067889036,4.3384,2.7966,0.665094236,0.34397196,0.321122276,0.727390382,0.384742801,0.342647581,-0.533615554,-7.60150459
O=Cc1cc(-c2cccc3cccc(-c4ccc(O)c(C=O)c4)c23)ccc1O,,,,,,,,,,,,,,csd_CAJCAT,7.607042654,7.253626705,-0.781218613,-0.951477078,6.240662476,3.4249,2.552,0.548292295,0.194876346,0.353415949,0.343893047,0.170258464,0.173634583,-1.037570682,-7.278233158
O=Cc1cc(-c2cccc3cccc(-c4c5ccccc5cc5ccccc45)c23)ccc1O,,,,,,,,,,,,,,csd_LOPDEB,6.871300549,6.709265642,-0.691311331,-0.865905388,5.884193136,3.1302,1.7628,0.325485352,0.163450444,0.162034907,0.345462057,0.174594057,0.170868,-0.84083226,-6.725025396
O=Cc1cc(-c2cccc(O)c2)ccc1Cl,,,,,,,,,,,,,,csd_ZADSEF,8.081587973,7.909151508,-0.381293484,-0.576052004,6.673867964,3.3515,2.8032,0.342377917,0.169941452,0.172436465,0.388040551,0.194758521,0.19328203,-0.920561662,-7.594429626
O=Cc1cc(-c2ccc3c(c2)c2ccccc2n3-c2ccccc2)cs1,,,,,,,,,,,,,,csd_ROPLEP,7.108615522,6.988661412,-0.242087309,-0.427636947,6.18923293,3.4618,2.7675,0.261062634,0.141108524,0.11995411,0.363767165,0.185549639,0.178217527,-0.748041386,-6.937274316
O=Cc1cc(-c2ccc3c(c2)Cc2cc(-n4c5ccccc5c5ccccc54)ccc2-3)ccc1O,,,,,,,,,,,,,,csd_ZELRUG,6.960840205,6.837343987,-0.547038121,-0.757429047,5.788136894,3.4436,2.6002,0.252737306,0.129241089,0.123496218,0.442259537,0.210390926,0.231868612,-1.031856288,-6.819993182
O=Cc1cc(-c2ccc3c(c2)Cc2cc(-c4ccc5c6c(cccc46)C(=O)NC5=O)ccc2-3)ccc1O,,,,,,,,,,,,,,csd_ZELWAR,7.4164053,7.228173706,-1.29804691,-1.469340769,5.746503452,3.4216,2.2642,0.367120426,0.178888832,0.188231594,0.338243144,0.171293858,0.166949286,-1.523566286,-7.270069738
O=Cc1cc(-c2ccc(O)cc2)n(NC(=O)c2ccccc2O)c1,,,,,,,,,,,,,,csd_GACHUQ,7.62450938,7.169859676,-0.105224851,-0.675560285,6.67223528,3.7601,3.0844,0.774139568,0.319489864,0.454649704,0.894895597,0.570335434,0.324560164,-0.577698022,-7.249933302
O=Cc1cc(-c2ccc(O)cc2)n(NC(=O)c2ccccc2)c1,,,,,,,,,,,,,,csd_GACHIE,7.508511263,7.069881455,0.091846911,-0.406406341,6.743801262,3.769,3.1646,0.76047237,0.321842561,0.438629808,0.934591044,0.498253251,0.436337792,-0.383952854,-7.127754116
O=Cc1cc(-c2ccc(O)cc2)ccc1O,,,,,,,,,,,,,,csd_HAGWUK,7.525019467,7.269718031,-0.308910371,-0.526507691,6.173994546,3.3676,2.5426,0.49271301,0.237411574,0.255301437,0.430773224,0.217597321,0.213175904,-0.902874252,-7.076868798
O=Cc1cc(-c2ccc(F)cc2)oc1O,,,,,,,,,,,,,,csd_DUXVOI,7.572916592,7.357099795,0.345014973,0.145670434,6.941356026,3.7434,2.784,0.434302978,0.218486181,0.215816797,0.402719468,0.199344539,0.203374929,-0.112655196,-7.054011222
O=Cc1cc(-c2ccc(Cl)cc2)no1,,,,,,,,,,,,,,csd_QERPIN,8.694111689,8.511193393,-0.642414078,-0.837812067,6.773733802,3.3608,2.763,0.369886193,0.186967897,0.182918296,0.398467143,0.195397988,0.203069154,-1.362746912,-8.136480714
O=Cc1cc(-c2ccc(Cl)cc2)n(-c2ccccc2)c1,,,,,,,,,,,,,,csd_KOGPON,7.860640657,7.526216088,0.306734248,-0.055309347,8.235802324,3.8815,3.2148,0.629517507,0.295092939,0.334424569,0.711779746,0.362043595,0.349736151,0.337965588,-7.897836736
O=Cc1cc(-c2ccc(C(=O)O)cc2)cc(O)c1O,,,,,,,,,,,,,,csd_IGANEM,7.81402274,7.598922065,-0.567218803,-0.977016256,6.247465326,3.211,2.3591,0.429279808,0.214179133,0.215100675,0.882059409,0.409797453,0.472261956,-1.118116426,-7.365581752
O=Cc1cc(-c2ccc(Br)cc2)n[nH]1,,,,,,,,,,,,,,csd_XEBMAU,8.117355726,7.947702443,-0.200295768,-0.39742413,6.68448041,3.6551,3.0616,0.343165687,0.173512404,0.169653283,0.400523236,0.197128361,0.203394875,-0.962467218,-7.646947628
O=Cc1cc(-c2ccc(Br)cc2)n2c1CCC2,,,,,,,,,,,,,,csd_FITXIS,7.42400871,7.192398062,0.328344725,0.126687027,7.058092932,3.7687,3.0608,0.438306809,0.206696162,0.231610647,0.383865233,0.201657699,0.182207534,-0.01088456,-7.068977492
O=Cc1c[nH]nc1-c1ccccc1,,,,,,,,,,,,,,csd_ZECFIY,8.370407433,8.166530916,0.294460355,0.024227099,7.392521038,3.5893,3.0124,0.43905983,0.235183314,0.203876516,0.470640592,0.270233257,0.200407335,-0.31973395,-7.712254988
O=Cc1c[nH]cc1-c1ccccc1,,,,,,,,,,,,,,csd_PAWDOJ,8.405044905,8.025685553,0.987564891,0.650091149,10.70523687,4.2285,2.5902,0.73491028,0.355550928,0.379359352,0.675043078,0.337473742,0.337569336,1.572546806,-9.132690068
O=Cc1c[nH]cc1-c1ccc(Cl)cc1,,,,,,,,,,,,,,csd_DIZVUG,7.926062033,7.701710571,0.420017755,0.146918158,7.33619344,3.6195,3.0434,0.460996491,0.236645029,0.224351462,0.497604804,0.273099597,0.224505207,-0.092246646,-7.428440086
O=Cc1c[nH]c2cccc(C(=O)c3ccccc3)c12,,,,,,,,,,,,,,csd_NOMXAR,7.822171057,7.609093713,-0.034228812,-0.355048306,6.99741151,3.4866,2.9078,0.515943464,0.30286612,0.213077344,0.600204326,0.320819494,0.279384832,-0.362727962,-7.360139472
O=Cc1c[nH]c2cccc(-c3ccccc3O)c12,,,,,,,,,,,,,,csd_WIXXIN,7.42155533,7.273673507,0.366264301,0.185391078,7.062990984,3.5739,2.944,0.303932508,0.156050685,0.147881823,0.364557711,0.180873223,0.183684488,-0.007074964,-7.070065948
O=Cc1c[nH]c2cccc(-c3ccccc3)c12,,,,,,,,,,,,,,csd_WIXXAF,7.636625909,7.455820115,0.295024448,0.077636682,7.125032976,3.5277,2.9563,0.345552045,0.164746251,0.180805794,0.431144932,0.217387766,0.213757166,-0.109661942,-7.234694918
O=Cc1c[nH]c2ccc3c(-c4ccccc4)c(-c4ccccc4)c(-c4ccccc4)c(-c4ccccc4)c3c12,,,,,,,,,,,,,,csd_RETYEX,6.820649249,6.68363985,-0.194606953,-0.367895679,6.569648302,3.7161,2.5679,0.270731117,0.133721718,0.137009399,0.344040533,0.173288726,0.170751807,-0.210616236,-6.780264538
O=Cc1c[nH]c2cc3c(cc12)C=CCO3,,,,,,,,,,,,,,csd_BOTVAK,7.327798342,7.065679606,0.23156164,0.064127011,6.631962408,3.6621,2.7549,0.419138011,0.157019275,0.262118736,0.334981069,0.167434629,0.16754644,-0.21905177,-6.851014178
O=Cc1c[nH]c2cc(Br)cc(-c3ccccc3)c12,,,,,,,,,,,,,,csd_DEWKEY,7.706872845,7.530664064,0.025485925,-0.200335225,7.031697874,3.5128,2.9093,0.343255212,0.167046431,0.176208781,0.449798728,0.22582115,0.223977578,-0.314563784,-7.346261658
O=Cc1c[nH]c(Nc2ccccc2)c1-c1ccccc1,,,,,,,,,,,,,,csd_KOWYIG,7.244031122,6.626734336,0.440385624,0.183290276,6.916593652,3.6222,3.049,0.849534656,0.23223787,0.617296786,0.498147236,0.257095348,0.241051888,-0.00272114,-6.919314792
O=Cc1c[nH]c(C=C2N=C(c3ccc[nH]3)c3ccccc32)c1,,,,,,,,,,,,,,csd_NEWJIK,6.935675537,6.761757249,-1.309510475,-1.458680648,5.24363678,2.9073,1.4577,0.349397369,0.17547908,0.173918289,0.29407994,0.149170174,0.144909766,-1.480572274,-6.724209054
O=Cc1c[nH]c(C(=O)c2ccccc2)c1-c1ccccc1,,,,,,,,,,,,,,csd_UPIYAV,8.083118587,7.875686031,-0.56648249,-0.839703558,6.679310244,3.5446,2.9159,0.509613984,0.302181427,0.207432557,0.532361326,0.273221069,0.259140258,-0.912398242,-7.591708486
O=Cc1cc(-c2cccc3ccccc23)ccc1O,,,,,,,,,,,,,,csd_PAZMOU,7.55912844,7.346846567,-0.153952877,-0.294277985,6.61100963,3.3767,2.6609,0.411686087,0.199404214,0.212281873,0.29691847,0.140325108,0.156593362,-0.626678542,-7.237688172
O=Cc1cc(-c2ccccc2)c(-c2ccccc2)o1,,,,,,,,,,,,,,csd_WUQLUR,7.877552433,7.683780081,-0.355500124,-0.619377751,7.532931862,3.6575,2.5464,0.377448404,0.183676052,0.193772352,0.502193979,0.263877626,0.238316353,-0.394021072,-7.926952934
O=Cc1cc(-c2ccccc2)c2cc(Cl)ccc2n1,,,,,,,,,,,,,,csd_XEBPIG,8.284914819,8.103386481,-1.017042946,-1.193624524,6.569648302,3.1115,2.5853,0.363478725,0.181950387,0.181528338,0.347976662,0.176581577,0.171395085,-1.38642083,-7.956069132
O=Cc1cc(=O)oc2ccc(F)cc12,,,,,,,,,,,,,,csd_EQONON,9.020801417,8.737935975,-1.340381509,-1.678064588,7.805045862,3.4872,2.3776,0.599379494,0.316514052,0.282865442,0.670039962,0.337683079,0.332356883,-1.259615706,-9.064661568
O=Cc1cc(C(=O)O)cc(C(=O)O)c1-c1ccccc1,,,,,,,,,,,,,,csd_DOQREI,8.62386995,8.41216885,-0.694375253,-0.973946456,6.871694842,3.2614,2.7425,0.53705551,0.32535441,0.2117011,0.555554909,0.279571203,0.275983706,-1.13471538,-8.006410222
O=Cc1cc(C(=O)O)c(Nc2ccccc2)s1,,,,,,,,,,,,,,csd_KACTAM,7.433343036,7.321344723,-0.307064594,-0.477793816,6.364474346,3.5668,2.5309,0.228247591,0.116249278,0.111998313,0.378766361,0.170729222,0.20803714,-0.71021754,-7.074691886
O=Cc1cc(C(=O)O)c(=O)n(-c2ccccc2)c1,,,,,,,,,,,,,,csd_BAMTOB,8.350829511,8.212994273,-0.8245224,-1.143137934,6.691827488,3.48,2.5602,0.28384263,0.146007393,0.137835238,0.631773849,0.318615534,0.313158315,-1.209002502,-7.90082999
O=Cc1cc(C(=O)O)[nH]c1-c1ccccc1,,,,,,,,,,,,,,csd_FIPPOL,7.968991853,7.77710136,-0.31626651,-0.541502642,6.84638824,3.5861,2.7949,0.379353148,0.187462654,0.191890493,0.421714767,0.225236132,0.196478635,-0.701782006,-7.548170246
O=Cc1cc(C(=C(c2ccsc2)C(F)F)C(F)F)cs1,,,,,,,,,,,,,,csd_YEHTOW,8.987442146,8.494689951,-0.267170233,-0.650026467,9.888894874,4.1973,2.3522,0.996363915,0.50361172,0.492752195,0.755517718,0.382856235,0.372661484,0.312114758,-9.576780116
O=Cc1cc(C#Cc2ccc(O)c(C=O)c2)ccc1O,,,,,,,,,,,,,,csd_TEVLEN,7.923502338,7.631193724,-0.155822844,-0.317243971,8.332402794,4.2685,2.4229,0.594968962,0.302660348,0.292308614,0.328062298,0.161421127,0.166641171,-0.012517244,-8.344920038
O=Cc1cc(C#Cc2ccc(C#Cc3ccc(O)c(C=O)c3)cc2)ccc1O,,,,,,,,,,,,,,csd_TEVLAJ,7.11105584,6.965498524,-0.868288835,-1.015688907,5.786232096,3.2976,2.3135,0.296243981,0.150686665,0.145557316,0.297885101,0.147400072,0.150485029,-1.1428788,-6.929110896
O=Cc1cc(Br)c2oc(=O)ccc2c1O,,,,,,,,,,,,,,csd_XIGMAE,8.752153333,8.508578922,-0.75066266,-0.967957662,8.046683094,3.8623,2.6653,0.507762275,0.264187863,0.243574412,0.436235749,0.217295002,0.218940747,-0.693074358,-8.739757452
O=Cc1cc(Br)c2ccccc2c1O,,,,,,,,,,,,,,csd_NEHZOR,7.811540679,7.659664604,-0.669833101,-0.824428956,6.178076256,3.3087,2.3413,0.308039851,0.156163776,0.151876075,0.305311364,0.154595855,0.150715509,-1.173083454,-7.35115971
O=Cc1cc(Br)c2cc(C(=O)O)ncn12,,,,,,,,,,,,,,csd_BOXXAP,8.139135186,7.985788063,-0.927936496,-1.154463509,6.259438342,3.4678,2.329,0.313614922,0.160267799,0.153347124,0.458104735,0.226527014,0.231577722,-1.408734178,-7.66817252
O=Cc1cc(=O)oc2ccccc12,,,,,,,,,,,,,,csd_EQOMUS,8.843188283,8.687496462,-1.283745388,-1.551059378,6.29671796,2.9895,2.3034,0.341211473,0.185519652,0.155691821,0.529977172,0.267313991,0.262663181,-1.927111348,-8.223829308
O=Cc1cc(=O)oc2ccc(O)cc12,,,,,,,,,,,,,,csd_WIHLAD,8.437177868,8.151005615,-1.223283698,-1.564420094,7.25319867,3.4767,2.2761,0.589093258,0.302921006,0.286172253,0.676884364,0.341136396,0.335747968,-1.179886304,-8.433084974
O=Cc1cc(=O)oc2ccc(Cl)cc12,,,,,,,,,,,,,,csd_EQONAZ,8.969346565,8.704811756,-1.401442339,-1.736949649,7.695656034,3.4656,2.392,0.557818189,0.293283381,0.264534809,0.665548122,0.33550731,0.330040812,-1.316759646,-9.01241568
O=Cc1cc(-c2ccccc2)cc(O)c1O,,,,,,,,,,,,,,csd_JAJXEY,8.064485663,7.732066139,-0.217919422,-0.575308262,9.13486698,4.3828,2.2872,0.656374941,0.323955418,0.332419524,0.70820425,0.35738884,0.35081541,0.42449784,-8.71036914
O=Cc1cc(=O)oc2ccc(Br)cc12,,,,,,,,,,,,,,csd_WIHFOL,8.641040751,8.455333287,-1.506548276,-1.774882069,5.971269616,2.9792,2.2748,0.393622697,0.207915232,0.185707465,0.530789106,0.268333792,0.262455314,-2.09799894,-8.069268556
O=Cc1cc(=O)oc2cc(Cl)ccc12,,,,,,,,,,,,,,csd_EQONED,8.798112571,8.667686426,-1.460074471,-1.729713322,6.18923293,2.998,2.2595,0.263987315,0.13356117,0.130426145,0.535895869,0.269638851,0.266257018,-2.063712576,-8.252945506
O=Cc1cc(-c2coc3cc(O)ccc3c2=O)ccc1O,,,,,,,,,,,,,,csd_WEQJIO,7.69978501,7.452491753,-0.394224668,-0.515695024,6.485565076,3.5073,2.6561,0.497288879,0.249995622,0.247293258,0.330794622,0.121470356,0.209324266,-0.831852498,-7.317417574
O=Cc1cc(-c2ccsc2)cs1,,,,,,,,,,,,,,csd_DUZCIL,8.369146075,8.045326061,-0.182830675,-0.397472294,8.118249076,3.7493,2.8148,0.562523313,0.238703299,0.323820014,0.429217657,0.214641618,0.214576039,-0.2585083,-8.376757376
O=Cc1cc(-c2ccncc2)ccc1-c1ccncc1,,,,,,,,,,,,,,csd_BAFCET,8.618897339,8.444285186,-0.885668375,-1.188874801,6.845844012,3.3111,2.7749,0.328418441,0.153806289,0.174612152,0.568951298,0.303206426,0.265744873,-1.223968772,-8.069812784
O=Cc1cc(-c2cccs2)c(C=O)cc1-c1cccs1,,,,,,,,,,,,,,csd_LUFGUP,7.848634171,7.616487187,-1.255794137,-1.468822391,5.944602444,2.919,2.4083,0.456127011,0.223980027,0.232146984,0.413901993,0.213028254,0.200873738,-1.609826424,-7.554428868
O=Cc1cc(-c2ccccc2)oc1O,,,,,,,,,,,,,,csd_FEMGOV,7.567771624,7.369411648,0.34495002,0.156575457,6.947342534,3.747,2.7821,0.397562908,0.199202931,0.198359977,0.377712545,0.188374563,0.189337982,-0.103131206,-7.05047374
O=Cc1cc(-c2ccccc2)ns1,,,,,,,,,,,,,,csd_OBIVOK,8.621596056,8.445861488,-0.661412806,-0.882745544,7.60286516,3.5313,2.9272,0.357227069,0.1814925,0.175734568,0.445551273,0.221332738,0.224218535,-0.901241568,-8.504106728
O=Cc1cc(-c2ccccc2)n(-c2ccccc2C=O)c1,,,,,,,,,,,,,,csd_FEWBUH,7.793844806,7.543310861,-0.656518536,-0.858243638,6.304337152,3.2223,2.7482,0.477738495,0.22720455,0.250533945,0.414643422,0.201725102,0.21291832,-1.145055712,-7.449392864
O=Cc1cc(-c2ccccc2)n(-c2ccccc2)n1,,,,,,,,,,,,,,csd_YAGMUQ,8.582008123,8.236055227,0.222896496,-0.180246545,9.05323278,3.8373,3.1678,0.659080108,0.313127213,0.345952896,0.764812806,0.403143041,0.361669765,0.321366634,-8.731866146
O=Cc1cc(-c2ccccc2)n(-c2ccc(Br)cc2)c1,,,,,,,,,,,,,,csd_SAQFUO,7.783658518,7.503712805,0.258337412,-0.272880001,7.181360574,3.7344,3.1346,0.536125534,0.25617982,0.279945713,0.799439367,0.531217413,0.268221953,-0.264494808,-7.445855382
O=Cc1cc(-c2ccccc2)ccc1O,,,,,,,,,,,,,,csd_ZOBGIJ,7.894745847,7.670259036,-0.371193429,-0.587596332,6.464340184,3.4972,2.6196,0.431172143,0.206685332,0.224486812,0.429355456,0.216402903,0.212952552,-0.972263322,-7.436603506
O=Cc1c[nH]c(=O)c(-c2ccccc2)n1,,,,,,,,,,,,,,csd_UBIJAS,8.133942353,7.972398584,-0.8060962,-0.983151964,6.41236641,3.1758,2.2508,0.330462289,0.168918521,0.161543769,0.352627335,0.177055763,0.175571572,-1.261520504,-7.673886914
O=Cc1c[nH]c(=O)c(-c2ccc(Br)cc2)n1,,,,,,,,,,,,,,csd_UBIJEW,8.060787035,7.905494024,-1.018728964,-1.19236137,6.224063522,3.1721,2.218,0.31896033,0.163667319,0.155293011,0.346030503,0.173632406,0.172398097,-1.425061018,-7.64912454
O=Cc1c[nH]c(-c2ccccc2)c1C(=O)c1ccc(Cl)cc1,,,,,,,,,,,,,,csd_TIBGES,8.038238852,7.711407625,-0.122625453,-0.598745768,8.141922994,3.6929,3.0734,0.627000453,0.300169226,0.326831227,0.728433668,0.476120315,0.252313353,-0.040272872,-8.182195866
O=Cc1c(O)cc(O)cc1C=Cc1ccc(O)cc1,,,,,,,,,,,,,,csd_IDISAR,7.113119635,6.933983396,-0.488098719,-0.683417985,5.989773368,3.1228,2.1265,0.355987127,0.176850889,0.179136238,0.383181955,0.195319266,0.187862689,-0.771987418,-6.761760786
O=Cc1c(O)ccc2ccc(=O)oc12,,,,,,,,,,,,,,csd_XIBKOK,8.432350566,8.296511747,-0.627221899,-0.815016832,6.4491018,3.078,2.592,0.276107763,0.140268944,0.135838819,0.378524044,0.187794933,0.190729111,-1.141246116,-7.590347916
O=Cc1c(O)ccc2c1[nH]c1ccccc12,,,,,,,,,,,,,,csd_IYIVAO,7.565066566,7.403670882,-0.385024004,-0.546993331,6.237669222,3.2762,2.4684,0.325220802,0.163825118,0.161395684,0.322073015,0.161969328,0.160103687,-0.89253392,-7.130203142
O=Cc1c(O)ccc2c1Oc1ccc(O)c(C=O)c1O2,,,,,,,,,,,,,,csd_GOYZAV,7.478845613,7.288622715,-0.452471595,-0.738579846,6.979179872,3.2874,2.4802,0.395323491,0.205100594,0.190222897,0.572138869,0.286108252,0.286030617,-0.512118548,-7.49129842
O=Cc1c(O)ccc2c1Oc1cc(O)ccc1C2,,,,,,,,,,,,,,csd_SAXJOR,7.542426246,7.410880597,-0.300798353,-0.52170741,6.297262188,3.2681,2.6013,0.267696719,0.13615107,0.131545649,0.441836917,0.220909057,0.22092786,-0.856070644,-7.153332832
O=Cc1c(O)ccc2c1Oc1c(cc(Br)c3cc(O)ccc13)C2,,,,,,,,,,,,,,csd_UCALAN,7.292272063,7.16505387,-0.59286103,-0.752212894,6.057801868,3.1952,2.5139,0.264440113,0.13722192,0.127218193,0.335732076,0.159351863,0.176380213,-0.986141136,-7.043943004
O=Cc1c(O)ccc2c1N=C(C(=O)O)CO2,,,,,,,,,,,,,,csd_VAWKIP,8.11219522,7.729883785,-1.173123754,-1.549505988,6.99060866,3.1445,2.0295,0.717253673,0.334942238,0.382311435,0.754546434,0.376382234,0.3781642,-1.12791253,-8.11852119
O=Cc1c(O)ccc2c(=O)c3c(O)cc4c(c3[nH]c2c1=O)C=CCO4,,,,,,,,,,,,,,csd_DEBPOP,7.453032661,7.192859023,-1.567631883,-1.819550126,5.917935272,3.0279,2.0502,0.519807673,0.259634036,0.260173638,0.502874563,0.251918243,0.25095632,-1.561118018,-7.47905329
O=Cc1c(O)ccc(C(=O)Oc2ccc(C(=O)O)c(O)c2)c1O,,,,,,,,,,,,,,csd_BOCMOV01,8.233370713,8.086141529,-0.66969269,-0.920442748,6.826251804,3.6734,2.9436,0.286496041,0.139266857,0.147229184,0.480338898,0.250750058,0.22958884,-1.057979232,-7.884231036
O=Cc1c(O)cc2occc2c1O,,,,,,,,,,,,,,csd_LEPMAW,7.887682938,7.63311659,0.08295096,-0.22848784,7.952803764,3.9298,2.9266,0.523682903,0.269116555,0.254566348,0.952097362,0.3114388,0.640658562,0.074287122,-7.878516642
O=Cc1c(O)cc2cc(O)ccc2c1O,,,,,,,,,,,,,,csd_FIXHIE,7.520358943,7.356625664,-0.168684258,-0.33024751,6.33889563,3.2998,2.5579,0.33580767,0.17207439,0.16373328,0.320883441,0.161563252,0.159320189,-0.70205412,-7.04094975
O=Cc1c(O)cc2c3c(cccc13)C=CO2,,,,,,,,,,,,,,csd_NEBSUL,7.528199092,7.400363608,-0.294417334,-0.50802364,7.24639582,3.7279,2.3837,0.260947176,0.133111692,0.127835484,0.42277242,0.213606306,0.209166113,-0.280821648,-7.527217468
O=Cc1c(O)cc2c3c(cc(O)c(O)c13)CO2,,,,,,,,,,,,,,csd_WIMFEF,6.977259155,6.71942099,-0.27827926,-0.605212367,5.73480255,2.8314,2.0249,0.67691661,0.419078445,0.257838165,0.772590287,0.326933107,0.44565718,-0.75375578,-6.48855833
O=Cc1c(O)cc(O)c2c1OC1=Cc3oncc3C(=O)C12,,,,,,,,,,,,,,csd_PEKBAI,8.419811525,8.188642791,-1.021447927,-1.415484238,7.465719704,3.6022,2.6384,0.499777906,0.268609172,0.231168734,0.822595996,0.39403631,0.428559686,-0.963827788,-8.429547492
O=Cc1c(O)ccc2oc(C(=O)O)nc12,,,,,,,,,,,,,,csd_MIMZUG,8.598838074,8.382700237,-1.067938115,-1.306863214,6.353589786,3.4899,2.4353,0.443905147,0.227767309,0.216137837,0.486188696,0.238925099,0.247263597,-1.601935118,-7.955524904
O=Cc1c(O)cc(O)c2c1OC1=CC(=O)c3cnoc3C12,,,,,,,,,,,,,,csd_PEKBEM,8.557141747,8.323260308,-0.574329795,-0.839765301,7.917428944,3.694,3.0519,0.495830348,0.261948909,0.233881439,0.596373478,0.265435506,0.330937972,-0.645454408,-8.562883352
O=Cc1c(O)cc(O)c2c1OC1=CC(=O)C(=CNc3ccccc3O)C(=O)C12,,,,,,,,,,,,,,csd_LODPEB,7.58351214,7.447674736,-0.908348914,-1.133459302,6.200933832,3.4208,2.5448,0.355854362,0.220016958,0.135837404,0.494983257,0.225110388,0.269872869,-1.124647162,-7.325580994
O=Cc1c(O)cc(O)c2c1C(=O)c1cc(O)cc(O)c1C2=O,,,,,,,,,,,,,,csd_FEPKOA,8.078749008,7.885128196,-1.79869286,-2.02910675,5.461600094,2.3465,2.0046,0.441068766,0.247447954,0.193620812,0.464553021,0.23041389,0.234139131,-2.133917988,-7.595518082
O=Cc1c(O)cc(O)c2c(O)cc(O)cc12,,,,,,,,,,,,,,csd_NEWREN,7.178266556,7.026634268,0.162815276,-0.033857676,6.403658762,3.3742,2.5109,0.307764907,0.156132619,0.151632288,0.392480471,0.196672951,0.19580752,-0.319461836,-6.723120598
O=Cc1c(O)cc(-c2ccccc2)oc1=O,,,,,,,,,,,,,,csd_CUZXUQ,8.586802662,8.435974661,-1.063030294,-1.314264905,7.361772156,3.8185,2.552,0.311481984,0.160653983,0.150828001,0.509114409,0.251234611,0.257879798,-1.124647162,-8.486419318
O=Cc1c(O)cc(-c2cccc(O)c2)cc1-c1ccccc1,,,,,,,,,,,,,,csd_HIDFAE,7.86288987,7.71863119,-0.733143226,-0.963114006,6.46406807,3.4587,2.6595,0.291353167,0.147094488,0.144258679,0.437213972,0.22997078,0.207243192,-1.0748503,-7.53891837
O=Cc1c(O)cc(-c2ccc(F)cc2)cc1-c1ccc(F)cc1,,,,,,,,,,,,,,csd_SAGRUP,7.766736837,7.521675594,-0.626981133,-0.885175413,6.39195786,3.009,2.5458,0.698747391,0.453686148,0.245061242,0.489867242,0.25819428,0.231672962,-0.940698098,-7.332655958
O=Cc1c(O)cc(-c2cc(O)c(O)cc2Br)cc1-c1cc(O)c(O)c(O)c1,,,,,,,,,,,,,,csd_EQUPOX,7.252780975,7.086534559,-0.609005282,-0.853764478,5.944874558,3.2063,2.6196,0.351969391,0.185722975,0.166246416,0.471685129,0.244759196,0.226925933,-0.939609642,-6.8844842
O=Cc1c(O)c2ccccc2oc1=O,,,,,,,,,,,,,,csd_WOKPER04,9.104881351,8.975226322,-0.881086819,-1.10664693,8.29403472,4.0494,2.9471,0.279642823,0.149987795,0.129655028,0.456249108,0.225560111,0.230688997,-0.823416964,-9.117451684
O=Cc1c(O)c2ccccc2c2oc3c(c12)C(=O)c1ccccc1C3=O,,,,,,,,,,,,,,csd_UCUZUP,7.876222177,7.691109009,-1.827989742,-2.027736112,6.144878348,3.0469,2.2441,0.379728012,0.194614844,0.185113168,0.400162957,0.19974637,0.200416587,-1.79459183,-7.939470178
O=Cc1c(O)c2ccccc2[nH]c1=O,,,,,,,,,,,,,,csd_RISBAX01,8.395028198,8.27834996,-0.703209951,-0.874036699,6.573730012,3.4625,2.8127,0.257026231,0.140347993,0.116678238,0.34462185,0.170826747,0.173795103,-1.231860078,-7.80559009
O=Cc1c(O)c2ccc3ccccc3c2c2nccnc12,,,,,,,,,,,,,,csd_ATUQEN,7.853413745,7.736629926,-1.169946388,-1.303349161,6.108415072,2.9814,2.4607,0.238401198,0.121617379,0.116783818,0.265906508,0.133402773,0.132503735,-1.455265672,-7.563680744
O=Cc1c(O)ccc2ccccc12,,,,,,,,,,,,,,csd_KOYTOH02,8.080871687,7.945762161,-0.541680414,-0.708505263,6.45046237,3.5712,2.4456,0.275080777,0.139971251,0.135109526,0.329700887,0.166824848,0.162876039,-1.080836808,-7.531299178
O=Cc1c(O)cccc1C=C1C=CC(=O)c2c(O)cccc21,,,,,,,,,,,,,,csd_NODJOG,7.742472459,7.486244692,-1.784511367,-2.123902478,5.370714018,2.613,1.6356,0.736258632,0.480030865,0.256227767,0.64233873,0.339391112,0.302947618,-2.030242554,-7.400956572
O=Cc1c[nH]c(-c2ccccc2)c1C(=O)O,,,,,,,,,,,,,,csd_SAHRUQ,8.173743733,7.876074555,0.142442754,-0.290937404,8.169406508,3.6701,3.055,0.578643264,0.280974086,0.297669178,0.785599975,0.433380158,0.352219817,0.051973774,-8.117432734
O=Cc1c2ccccc2c(O)c2occc12,,,,,,,,,,,,,,csd_GEWTUZ,7.427368093,7.326603762,-0.550626924,-0.68424034,6.0273251,3.1731,2.0262,0.203868271,0.10310394,0.100764331,0.266698387,0.133613416,0.133084971,-0.974984462,-7.002309562
O=Cc1c2n(c3ccccc13)CCn1ncc(C(=O)O)c1-2,,,,,,,,,,,,,,csd_FOYXAU,7.76621767,7.590236349,-0.743773931,-0.962392115,6.389508834,3.2004,2.4934,0.357919272,0.181937951,0.175981321,0.438974631,0.218618184,0.220356448,-1.04219662,-7.431705454
O=Cc1c2n(c3ccccc13)CCc1c-2[nH]c2ccccc12,,,,,,,,,,,,,,csd_ZEZDUF,6.952800651,6.823678395,-0.605621435,-0.74420964,5.886642162,3.1754,2.1719,0.260346811,0.131224555,0.129122256,0.27579192,0.138588204,0.137203716,-0.835117866,-6.721760028
O=Cc1c2n(c3ccccc13)CCCN2,,,,,,,,,,,,,,csd_GAJNAG,7.280831221,6.984277166,1.870460016,1.642147853,9.98522323,4.5435,2.7681,0.567026418,0.270472363,0.296554055,0.462842431,0.228312163,0.234530267,1.983983174,-8.001240056
O=Cc1c2n(c3ccccc13)CCCC=C2c1ccc(O)cc1,,,,,,,,,,,,,,csd_JAZKIH,7.16988803,7.044777278,-0.268643485,-0.514120953,6.468694008,3.3705,2.4762,0.25659572,0.131484968,0.125110752,0.492276431,0.245477468,0.246798962,-0.47211779,-6.940811798
O=Cc1c2n(c3ccccc13)CCCC2=Cc1ccc(O)cc1,,,,,,,,,,,,,,csd_JAZKED,7.010984611,6.791080444,-0.515089271,-0.797305503,6.082292128,3.1676,2.2341,0.428149692,0.208245524,0.219904167,0.532076396,0.282216232,0.249860163,-0.703142576,-6.785434704
O=Cc1c2n(c3ccccc13)CCCC2,,,,,,,,,,,,,,csd_WUJVAZ,7.570198718,7.411926086,0.491940043,0.257355135,7.135373308,3.6388,2.9667,0.328815265,0.170542633,0.158272632,0.581613634,0.234584908,0.347028726,0.029116198,-7.10625711
O=Cc1c2n(c3ccccc13)CCC2,,,,,,,,,,,,,,csd_PEZVAT,7.788616979,7.604926179,0.657773662,0.40803097,8.443153192,3.9329,3.0715,0.382071376,0.198380576,0.183690801,0.681517731,0.249742692,0.431775039,0.649264004,-7.793889188
O=Cc1c2n(c(=O)c3c(O)c(O)ccc13)CCc1cc(O)c(O)cc1-2,,,,,,,,,,,,,,csd_ESOJAZ,6.82984643,6.639683915,-0.631523532,-0.901681304,5.619698328,2.9056,2.1072,0.388028305,0.19786579,0.190162515,0.538612383,0.270157772,0.268454611,-0.869948458,-6.489646786
O=Cc1c2ccn3c(c-2oc1=O)-c1[nH]c2ccccc2c1CC3,,,,,,,,,,,,,,csd_XIHJAC,7.320564845,7.196736648,-0.949663982,-1.154285547,6.42869325,3.4298,2.1396,0.25446006,0.130631863,0.123828197,0.410710096,0.204621565,0.206088531,-0.905323278,-7.334016528
O=Cc1c2ccccc2nc2ccccc12,,,,,,,,,,,,,,csd_BIZZER,7.923528243,7.853097575,-1.485446788,-1.617175706,5.647181842,2.5277,1.6597,0.143308457,0.072877789,0.070430668,0.260819691,0.131728918,0.129090773,-1.877314486,-7.524496328
O=Cc1c2ccccc2n2ccccc12,,,,,,,,,,,,,,csd_LELBEM,7.262943998,7.14664612,-0.371945225,-0.541257549,6.086373838,3.1449,2.16,0.237778166,0.121480288,0.116297877,0.338969906,0.169312324,0.169657582,-0.768177822,-6.85455166
O=Cc1c2ccccc2cc2ccccc12,,,,,,,,,,,,,,csd_YAKHOH,7.653406744,7.54992032,-1.109314409,-1.265462837,6.631146066,3.2098,1.5109,0.216345787,0.112859363,0.103486424,0.314610234,0.156148428,0.158461806,-1.055258092,-7.686404158
O=Cc1c2cc(-c3ccc(C(=C(c4ccccc4)c4ccccc4)c4ccccc4)cc3)ccc2n2ccccc12,,,,,,,,,,,,,,csd_IKUQUC,6.728850775,6.511768294,-0.668399333,-0.848051172,5.865689384,3.116,2.1495,0.441557211,0.22447473,0.217082481,0.473230192,0.17965184,0.293578352,-0.854710074,-6.720399458
O=Cc1c(O)cccc1Nc1cc(Cl)ccc1Cl,,,,,,,,,,,,,,csd_DAWMEU,7.320157218,7.208907218,-0.288577441,-0.53588689,6.276037296,3.2583,2.5689,0.228973046,0.117723047,0.111249999,0.494566923,0.247309448,0.247257475,-0.71429925,-6.990336546
O=Cc1c2c3c(cccc3c3ccccc13)C(=O)NC2=O,,,,,,,,,,,,,,csd_KUTDIN,8.531996916,8.390268353,-1.420397964,-1.830287255,7.137005992,3.2568,2.326,0.289122023,0.14739346,0.141728563,0.741094833,0.409889291,0.331205542,-1.405196696,-8.542202688
O=Cc1c2c(cc3c(=O)c4c(O)cc5c(c4oc13)C=CCO5)COC2=O,,,,,,,,,,,,,,csd_WAFTEE,7.482115389,7.236206783,-1.645725336,-1.87021612,5.228942624,2.6438,2.2371,0.469188211,0.223279605,0.245908605,0.452640958,0.224490785,0.228150174,-1.931193058,-7.160135682
O=Cc1c2c(c[nH]c1=O)CCc1cc(O)ccc1-2,,,,,,,,,,,,,,csd_JAMNOA,8.350647031,8.123857318,-0.741932889,-0.979755328,8.033349508,3.19,2.2165,0.477023597,0.250233885,0.226789713,0.470732512,0.237822439,0.232910073,-0.35646934,-8.389818848
O=Cc1c2c(c3oc(=O)cc(-c4ccccc4)c3c1O)C=CCO2,,,,,,,,,,,,,,csd_GEHWEW,7.554207367,7.328774252,-0.637420242,-0.919631304,6.248009554,3.1758,2.497,0.399190966,0.17375785,0.225433115,0.584403727,0.282211062,0.302192665,-0.993760328,-7.241769882
O=Cc1c2c(c(O)c3occc13)C=CCC2,,,,,,,,,,,,,,csd_BUGKAP,7.484387486,7.29133844,-0.077011228,-0.250441997,6.497538092,3.3874,2.5754,0.400003553,0.206954507,0.193049046,0.345912133,0.173430769,0.172481364,-0.556745244,-7.054283336
O=Cc1c2c(=O)[nH]c(=O)[nH]c2cn1-c1ccccc1,,,,,,,,,,,,,,csd_WOTHOE,8.091417003,7.88289248,-0.605825194,-0.976852361,6.587335712,3.0771,2.6022,0.438820533,0.23029601,0.208524523,0.705408252,0.371027167,0.334381085,-1.041652392,-7.628988104
O=Cc1c2[nH]c3ccccc3nc-2c(-c2ccccc2)c1-c1ccccc1,,,,,,,,,,,,,,csd_NAWHOJ,6.965505871,6.714806699,-1.350718657,-1.559388461,6.00419541,2.2524,1.5684,0.497904129,0.247204957,0.250699172,0.415210045,0.208669805,0.20654024,-1.182063216,-7.186258626
O=Cc1c(OC(=O)C=Cc2ccccc2)ccc2ccccc12,,,,,,,,,,,,,,csd_ENOPON,8.174891782,7.877828765,-0.798976582,-1.196833237,7.522047302,3.4054,2.4178,0.640606806,0.343543789,0.297063017,0.837804039,0.397856655,0.439947384,-0.71293868,-8.234985982
O=Cc1c(O)nc(NC(=O)O)nc1Nc1ccc(I)cc1,,,,,,,,,,,,,,csd_GIVMAA,7.575539472,7.375654596,-0.663467266,-0.868167744,6.228417346,3.5492,2.7881,0.419098282,0.219213406,0.199884876,0.415767607,0.204700478,0.211067129,-1.026958236,-7.255375582
O=Cc1c(O)cn(-c2ccccc2)c1-c1ccccc1,,,,,,,,,,,,,,csd_KENYOU,7.285751586,7.028263877,-0.201171975,-0.596516283,6.286377628,3.2167,2.4884,0.508766702,0.251278993,0.257487709,0.767910361,0.395344308,0.372566053,-0.51973774,-6.806115368
O=Cc1c(O)cn(-c2ccccc2)c1-c1ccc(Br)cc1,,,,,,,,,,,,,,csd_KENLIB,7.495446798,7.195106685,-0.226626063,-0.696982459,7.452114004,3.7305,2.7686,0.586722139,0.286382025,0.300340113,0.911408835,0.470356396,0.441052439,-0.119458046,-7.57157205
O=Cc1c(O)cccc1Oc1cc(C(=O)O)c(O)cc1O,,,,,,,,,,,,,,csd_RIJJUP,7.847345711,7.564784166,-0.309981112,-0.459577416,6.7212158,3.5586,2.8075,0.537140519,0.254578974,0.282561545,0.299354244,0.149596304,0.14975794,-0.715931934,-7.437147734
O=Cc1cc(C(=O)c2cc(F)ccc2O)cc(C(=O)O)c1O,,,,,,,,,,,,,,csd_RUCVAN,8.120550616,7.784118663,-1.093926308,-1.288943609,6.125558254,3.2156,2.4128,0.930770563,0.594338609,0.336431953,0.398145776,0.195017301,0.203128475,-1.411455318,-7.537013572
O=Cc1cc(C(=O)c2ccccc2)c2ccccc2c1,,,,,,,,,,,,,,csd_ROMJUB,8.10786243,7.917957607,-0.845544812,-1.075880687,6.582165546,3.3319,2.5344,0.433124126,0.243219303,0.189904823,0.442523814,0.230335875,0.212187939,-1.159749868,-7.741915414
O=Cc1cc(C(=O)c2ccccc2)n2ccc3ccccc3c12,,,,,,,,,,,,,,csd_NADBIE,7.68516174,7.541923978,-0.751173255,-0.888263608,6.442026836,3.5117,2.7443,0.319675255,0.176437493,0.143237762,0.282387963,0.137090353,0.14529761,-0.98777382,-7.429800656
O=Cc1cc2cc3[nH]c4ccccc4c3cc2nc1Cl,,,,,,,,,,,,,,csd_FOQFEY,7.520413802,7.442734779,-1.12265556,-1.268160902,5.803375278,2.9992,2.1996,0.153790669,0.076111646,0.077679023,0.290932316,0.145505342,0.145426973,-1.428870614,-7.232245892
O=Cc1cc2cccc3c2c(c1-c1ccccc1)-c1ccccc1O3,,,,,,,,,,,,,,csd_SAVZAR,7.148280219,7.030044509,-0.633904257,-0.799948764,6.672507394,3.3114,2.0922,0.238843982,0.120608272,0.11823571,0.335975074,0.166044507,0.169930567,-0.55239142,-7.224898814
O=Cc1cc2cccc(O)n2c1,,,,,,,,,,,,,,csd_GIVDEW,7.32129762,7.14870537,0.354618584,0.182969889,6.49672175,3.4657,2.4755,0.345370354,0.172778104,0.17259225,0.346125933,0.171648695,0.174477238,-0.26122944,-6.75795119
O=Cc1cc2cccc(O)c2oc1=O,,,,,,,,,,,,,,csd_TEBFAJ,8.995488257,8.619941494,-1.095928631,-1.435756132,9.193099376,3.8759,1.9657,0.774176874,0.398630112,0.375546763,0.67313866,0.339827501,0.33331116,-0.491709998,-9.684809374
O=Cc1cc2ccc3ccccc3c2o1,,,,,,,,,,,,,,csd_TAQBET,8.003037995,7.910027797,-0.480373457,-0.649301991,6.571825214,3.4151,2.6223,0.189704275,0.096694077,0.093010198,0.33376461,0.168928534,0.164836076,-1.006005458,-7.577830672
O=Cc1cc2ccc3ccccc3c2nc1O,,,,,,,,,,,,,,csd_RIQSER,7.890957123,7.75336989,-0.782784983,-0.939003889,6.316310168,3.2134,2.7265,0.280891636,0.143304403,0.137587233,0.310373147,0.156218906,0.154154241,-1.189954522,-7.50626469
O=Cc1cc2ccc3cccc4ccc(c1)c2c34,,,,,,,,,,,,,,csd_QIYWIH,7.49223071,7.401114262,-0.634039852,-0.739918565,6.205015542,3.3195,2.1238,0.182929344,0.091812896,0.091116448,0.211855144,0.105878714,0.10597643,-0.948045176,-7.153060718
O=Cc1cc2ccc3c(ccc4cc(C=O)sc43)c2s1,,,,,,,,,,,,,,csd_DUZGIQ,8.001339106,7.855658794,-1.251437864,-1.406015759,6.151953312,3.3402,2.4453,0.298862262,0.15318195,0.145680312,0.311628218,0.154577895,0.157050323,-1.58506405,-7.737017362
O=Cc1cc2ccc3[nH]ncc4ccc1c2c43,,,,,,,,,,,,,,csd_FOSLAC,7.41717639,7.333722917,-0.901528131,-1.015780664,5.748136136,2.956,2.0177,0.169390883,0.085937411,0.083453473,0.227587415,0.114252532,0.113334882,-1.277031002,-7.025167138
O=Cc1cc2ccc(O)cc2oc1=O,,,,,,,,,,,,,,csd_GIPKIC,8.423506561,8.294883171,-1.006264429,-1.196990166,6.339167744,2.9006,2.3792,0.261128458,0.132505069,0.12862339,0.378237698,0.190725737,0.187511961,-1.526015312,-7.865183056
O=Cc1cc2ccc(O)cc2nc1Cl,,,,,,,,,,,,,,csd_FOXWEW,8.492974272,8.351760712,-0.773033968,-0.951896133,6.678221788,3.2165,2.7073,0.285247582,0.144034022,0.14121356,0.359748042,0.178862165,0.180885877,-1.259615706,-7.937837494
O=Cc1cc2ccc(=O)oc2cc1O,,,,,,,,,,,,,,csd_IVARIH,8.586016335,8.418324966,-0.491462973,-0.741104003,7.77293641,3.598,2.7466,0.339681893,0.171990524,0.167691368,0.513456424,0.24964103,0.263815394,-0.636202532,-8.409138942
O=Cc1cc2cc3c4c(c2oc1=O)CCCN4CCC3,,,,,,,,,,,,,,csd_YELGII,7.166332208,7.072744421,-0.756063361,-0.966848389,5.736435234,2.9696,2.1022,0.181321422,0.087733635,0.093587787,0.424790689,0.210785028,0.214005661,-1.108592436,-6.84502767
O=Cc1cc2cc(O)ccc2oc1=O,,,,,,,,,,,,,,csd_LOHLUQ,8.368601983,8.163970949,-1.193108813,-1.391537634,6.036304862,2.8182,2.228,0.437227251,0.232596217,0.204631034,0.392112464,0.198428821,0.193683643,-1.71839991,-7.754704772
O=Cc1cc2ccccc2[nH]c1=O,,,,,,,,,,,,,,csd_GEGVOF,8.408339825,8.304462645,-0.906109551,-1.089041889,6.319031308,2.8046,2.4307,0.20368239,0.099805211,0.103877179,0.361294248,0.182932337,0.178361911,-1.428326386,-7.747357694
O=Cc1cc2cc(O)c(O)cc2[nH]1,,,,,,,,,,,,,,csd_REYTOG,7.460020467,7.280516412,0.079262808,-0.138331329,6.326378386,3.6429,2.4704,0.368382627,0.188878572,0.179504055,0.432525393,0.217594137,0.214931257,-0.545044342,-6.871422728
O=Cc1cc2cc(F)ccc2oc1=O,,,,,,,,,,,,,,csd_EXIXOZ,9.099814969,8.863245534,-1.304937245,-1.560251825,7.929129846,3.339,2.4097,0.521570183,0.285000748,0.236569435,0.503932107,0.25531458,0.248617528,-1.20410445,-9.133234296
O=Cc1cc2cc(Cl)ccc2oc1=O,,,,,,,,,,,,,,csd_GAMVOI,8.795842596,8.628761335,-1.425434631,-1.618707953,6.304609266,2.7895,2.4038,0.370729474,0.203648213,0.167081261,0.380218634,0.193273322,0.186945311,-1.930104602,-8.234713868
O=Cc1cc2cc(C(=O)O)c(-c3ccccc3)cn2c1,,,,,,,,,,,,,,csd_LUHJIJ,7.594805062,7.414262511,-0.563920536,-0.766505409,6.342433112,3.3087,2.2368,0.363168814,0.182626263,0.18054255,0.406523921,0.202584873,0.203939048,-0.914030926,-7.256464038
O=Cc1cc2cc(C(=O)O)[nH]c2o1,,,,,,,,,,,,,,csd_OCIGIQ,8.400827002,8.22271794,-0.278798018,-0.515815979,6.853735318,3.4725,2.8045,0.361469326,0.183360264,0.178109062,0.474759364,0.237017961,0.237741403,-0.9115819,-7.765317218
O=Cc1cc2cc(C#Cc3ccccc3)ccc2oc1=O,,,,,,,,,,,,,,csd_AZEKIB,7.831844547,7.674799666,-1.425876408,-1.609408022,5.743510198,2.8167,2.3695,0.322646359,0.165601478,0.157044881,0.359057933,0.183531614,0.175526319,-1.792414918,-7.535925116
O=Cc1cc2cc(Br)ccc2oc1=O,,,,,,,,,,,,,,csd_TEHHET,8.740149024,8.580983287,-1.454804167,-1.646555283,6.267329648,2.7882,2.4094,0.349654789,0.190489052,0.159165737,0.377121976,0.191751117,0.18537086,-1.939628592,-8.20695824
O=Cc1cc2c3n1CCCC3CCC(=O)Nc1ccccc1-2,,,,,,,,,,,,,,csd_WUSMUS,7.904473841,7.689936851,0.439786293,0.197265942,8.236618666,3.8785,3.0221,0.443334741,0.228797751,0.214536991,0.520453536,0.242520351,0.277933185,0.317284924,-7.919333742
O=Cc1cc2c3n1CCCC3CC(=O)Nc1ccccc1-2,,,,,,,,,,,,,,csd_MARYEJ,7.827118498,7.615549509,0.376844284,0.091571014,8.069812784,3.867,3.0046,0.460917306,0.249348317,0.211568989,0.594133299,0.28527327,0.30886003,0.231841128,-7.837971656
O=Cc1cc2c3c4c(ccc5c4c4c(cc(C=O)c6c4c3c1C6)C5)C2,,,,,,,,,,,,,,csd_GEZGAV,7.764630946,7.645321203,-0.880212326,-1.029262497,6.406107788,3.3287,2.5414,0.241957238,0.122647494,0.119309744,0.308210738,0.149050171,0.159160567,-1.14015766,-7.546265448
O=Cc1cc2c3c(oc2cc1O)CCCC3,,,,,,,,,,,,,,csd_CABWAG,7.57582326,7.336967468,-0.095320174,-0.355037775,7.20557872,3.605,2.6608,0.48589631,0.247040518,0.238855792,0.524557069,0.259717602,0.264839468,-0.26122944,-7.46680816
O=Cc1cc2c3c(cccc3c1O)CCC2,,,,,,,,,,,,,,csd_SAVZEV,7.450872348,7.301792788,-0.3796325,-0.531365634,6.162293644,3.2802,2.2809,0.303946712,0.154867152,0.14907956,0.298548025,0.151733134,0.146814891,-0.866410976,-7.02870462
O=Cc1cc2ccccc2[nH]1,,,,,,,,,,,,,,csd_LESNII,8.062001561,7.904625354,-0.134659885,-0.300718651,6.667065114,3.5414,2.4865,0.328554689,0.171178482,0.157376207,0.330027043,0.166058766,0.163968277,-0.782599864,-7.449664978
O=Cc1cc2ccccc2c(-c2c(O)c(C=O)cc3ccccc23)c1O,,,,,,,,,,,,,,csd_HOFLIX,7.54978878,7.40117644,-1.132600782,-1.304312335,5.815892522,3.126,2.3238,0.319412855,0.170800516,0.14861234,0.341269868,0.171711553,0.169558315,-1.480028046,-7.295920568
O=Cc1cc2c3c(c1)Cc1cc(C(=O)O)cc4c1N3c1c(cc(C=O)cc1C4)C2,,,,,,,,,,,,,,csd_KELWEG,7.165903955,7.034523778,-0.788823383,-0.919235106,5.986508,3.3167,2.5965,0.212086468,0.080706291,0.131380177,0.26003105,0.130411723,0.129619327,-1.065054196,-7.051562196
O=Cc1cc2occ(C(=O)O)c2c(Cl)c1O,,,,,,,,,,,,,,csd_CUYKAJ,8.107640712,7.898309398,-0.810286375,-1.015550945,6.196852122,3.183,2.387,0.443566501,0.234235187,0.209331314,0.406046878,0.20526457,0.200782308,-1.35104601,-7.547898132
O=Cc1ccc(-c2ccc(-c3c(-c4ccccc4)c(-c4ccccc4)c(-c4ccccc4)c(-c4ccccc4)c3-c3ccc(-c4ccc(C=O)cc4)cc3)cc2)cc1,,,,,,,,,,,,,,csd_DAWPOH,7.446367228,7.258151145,-0.829215985,-0.99837266,6.539443648,3.4344,2.8927,0.359435927,0.171219843,0.188216084,0.333049032,0.169156675,0.163892357,-0.974712348,-7.514155996
O=Cc1ccc(-c2cc3c(-c4ccccc4)cc(-c4ccccc4)c4cc(-c5ccc(C=O)cc5)c5cccc2c5c34)cc1,,,,,,,,,,,,,,csd_DIHBAA,6.886974859,6.774898994,-1.200133763,-1.382243064,5.674665356,3.268,1.9604,0.219726885,0.10765102,0.112075865,0.351101619,0.182109301,0.168992318,-1.21634958,-6.891014936
O=Cc1ccc(-c2cc(O)c(O)c(C=O)c2O)cc1,,,,,,,,,,,,,,csd_MIBNOD,7.583651435,7.320554096,-0.585628131,-0.835008367,6.935913746,3.4533,2.4698,0.543702548,0.280605209,0.263097339,0.491551845,0.249380236,0.242171609,-0.633481392,-7.569395138
O=Cc1ccc(-c2cc(C3=C(c4csc(-c5ccccc5)c4)C(F)(F)C(F)(F)C3(F)F)cs2)cc1,,,,,,,,,,,,,,csd_RAXJOQ,7.641519498,7.465487591,-1.10908986,-1.437209003,6.20828091,3.367,2.4127,0.3383958,0.162363893,0.176031907,0.625137288,0.328119143,0.297018145,-1.292813614,-7.501094524
O=Cc1ccc(-c2cc(-c3ccc(C=O)s3)cc(-c3ccc(C=O)s3)c2)s1,,,,,,,,,,,,,,csd_CERHOX,8.141648975,7.905172929,-1.30335531,-1.502678271,6.427060566,3.3214,2.4031,0.384631506,0.148155461,0.236476046,0.36040819,0.199322961,0.161085229,-1.485470326,-7.912530892
O=Cc1ccc(-c2cc(-c3ccc(C=O)cc3)cc(-c3ccc(C=O)cc3)c2)cc1,,,,,,,,,,,,,,csd_XARPIR,8.32069128,8.160836278,-1.023872463,-1.206928449,6.88040249,3.4056,2.865,0.311263313,0.151408311,0.159855002,0.377678994,0.183055986,0.194623008,-1.22587357,-8.10627606
O=Cc1ccc(-c2cc(-c3ccc(C=O)cc3)c3ccc4cccc5ccc2c3c54)cc1,,,,,,,,,,,,,,csd_KIFCAF,7.212370685,7.102913645,-1.119450057,-1.352046029,6.061883578,3.4464,1.9856,0.217819638,0.108362598,0.10945704,0.438072247,0.232595972,0.205476275,-1.140974002,-7.20285758
O=Cc1ccc(-c2cc(-c3cc(F)cc(F)c3)nn2-c2ccccc2)cc1C=CC(=O)O,,,,,,,,,,,,,,csd_PAHVUR,7.896754539,7.742275693,-1.39592686,-1.596037047,6.029229898,3.0933,2.4257,0.31109678,0.156617934,0.154478846,0.400029621,0.200110187,0.199919435,-1.66941939,-7.698649288
O=Cc1ccc(-c2c(-c3ccccc3)nc(-c3ccc(O)cc3)c(-c3ccccc3)c2-c2ccsc2)cc1,,,,,,,,,,,,,,csd_WANWIU,7.191471514,7.038556779,-0.638435772,-0.86704473,6.233859626,3.4473,2.8873,0.312460071,0.159545336,0.152914734,0.454626574,0.228608958,0.226017616,-0.841104374,-7.074964
O=Cc1cc2sccc2s1,,,,,,,,,,,,,,csd_YEPKAF,8.422551169,8.245837616,-0.403401114,-0.576860727,6.74570606,3.4168,2.5696,0.359634842,0.182921289,0.176713553,0.343819032,0.173459614,0.170359419,-1.040019708,-7.785725768
O=Cc1cc2occc2cc1O,,,,,,,,,,,,,,csd_TEHCIU,8.171584998,7.964609838,-0.385295791,-0.572810991,6.4491018,3.3647,2.536,0.434592507,0.227617347,0.20697516,0.368182106,0.1875152,0.180666907,-1.023692868,-7.472794668
O=Cc1cc2occ(C(=O)O)c2cc1O,,,,,,,,,,,,,,csd_LEPMOK,8.488936073,8.221238157,-0.588400755,-0.832847129,7.92395968,3.8553,2.8207,0.551825722,0.284127806,0.267697916,0.479738234,0.244446374,0.23529186,-0.579874934,-8.503834614
O=Cc1cc2nn(-c3ccccc3)nc2[nH]c1=O,,,,,,,,,,,,,,csd_HAGTOA,8.06984239,7.97697195,-1.359411992,-1.548154507,5.270576066,2.496,2.1949,0.193486605,0.100616165,0.09287044,0.37378145,0.188742515,0.185038935,-2.075141364,-7.34571743
O=Cc1cc2ccccc2c(-c2c(O)ccc3ccccc23)c1O,,,,,,,,,,,,,,csd_MEHBAD,7.349448113,7.218580871,-0.479952224,-0.639575385,6.342160998,3.2728,2.4071,0.298345517,0.167478276,0.130867242,0.298540079,0.159623161,0.138916918,-0.771171076,-7.113332074
O=Cc1cc2n(c1-c1ccccc1)CCC2,,,,,,,,,,,,,,csd_TIFKOL,7.501170281,7.29090714,0.315958341,0.01399319,6.993601914,3.5781,2.9729,0.414150841,0.2038877,0.210263141,0.578715456,0.301965151,0.276750306,-0.075919806,-7.06952172
O=Cc1cc2n(c1-c1ccccc1)-c1ccccc1CC2,,,,,,,,,,,,,,csd_GITTUB,7.564682205,7.331049968,-0.020128898,-0.342439115,6.944077166,3.5531,2.9376,0.459435863,0.225803626,0.233632237,0.622239737,0.322310217,0.29992952,-0.288712954,-7.23279012
O=Cc1cc2n(c1)CCc1cc3c(c(O)c1-2)OCO3,,,,,,,,,,,,,,csd_JELWIJ,7.032827256,6.804910338,0.738306154,0.492884905,7.028160392,3.781,2.9314,0.441543279,0.213626361,0.227916918,0.491591928,0.245421249,0.246170678,0.373884636,-6.654275756
O=Cc1cc2ccoc2cc1O,,,,,,,,,,,,,,csd_PADZEA,8.150510286,7.895185312,-0.155007427,-0.444328746,8.027090886,3.9454,2.8483,0.519322004,0.26399703,0.255324974,0.587564195,0.289321319,0.298242876,-0.124083984,-8.15117487
O=Cc1cc2ccccc2oc1=O,,,,,,,,,,,,,,csd_EFUWUZ,9.317316859,9.09370571,-1.163719685,-1.490351344,9.380585922,3.8895,1.958,0.45572167,0.232110521,0.223611149,0.648428342,0.326631659,0.321796683,-0.56463655,-9.945222472
O=Cc1cc2ccccc2o1,,,,,,,,,,,,,,csd_SECCOV,8.996667599,8.737860382,-0.223906229,-0.556121912,9.850254686,4.0813,2.1656,0.527123077,0.26831586,0.258807217,0.660003473,0.332215683,0.32778779,0.271297658,-9.578957028
O=Cc1cc2ccccc2nc1Oc1ccccc1,,,,,,,,,,,,,,csd_FASTAW,8.403862216,8.124967026,-0.72865076,-0.972960478,7.686404158,3.4266,2.7271,0.514732584,0.235837394,0.27889519,0.485909425,0.244309718,0.241599707,-0.727088608,-8.413492766
O=Cc1cc2ccccc2nc1O,,,,,,,,,,,,,,csd_KUZDEP,8.50832708,8.327660718,-0.709699054,-0.880143726,6.689378462,3.1572,2.6903,0.366653479,0.185987116,0.180666362,0.33802314,0.170444672,0.167578468,-1.237574472,-7.926952934
O=Cc1cc2ccccc2n2nnnc12,,,,,,,,,,,,,,csd_TADNUJ01,9.032704337,8.898086139,-1.361941781,-1.528170156,6.501075574,2.9974,2.5169,0.270832125,0.136213928,0.134618197,0.327040184,0.166228374,0.160811809,-1.8503752,-8.351450774
O=Cc1cc2ccccc2n2c(-c3ccccc3)cc(C(=O)c3ccccc3)c12,,,,,,,,,,,,,,csd_XIKFOO,7.176352588,6.966471332,-0.890501228,-1.203854105,5.972085958,3.1006,2.1502,0.424506548,0.214625292,0.209881256,0.529686772,0.313352877,0.216333895,-1.0612446,-7.033330558
O=Cc1cc2ccccc2n2c(-c3ccccc3)c(-c3ccccc3)c(C=O)c12,,,,,,,,,,,,,,csd_REMZIU,7.155954923,7.005610849,-1.11841684,-1.407071017,5.648814526,2.7958,2.0176,0.296111189,0.145767116,0.150344073,0.484556393,0.288654177,0.195902216,-1.370366104,-7.01918063
O=Cc1cc2ccccc2c2ccccc12,,,,,,,,,,,,,,csd_LIYRIV,8.064260162,7.952895276,-0.682257854,-0.855213648,6.595227018,3.292,2.5187,0.225466667,0.114101781,0.111364886,0.343034147,0.172955794,0.170078352,-1.094170394,-7.689397412
O=Cc1cc2c3c(c1)Cc1cc(C=O)cc4c1N3c1c(cc(C=O)cc1C4)C2,,,,,,,,,,,,,,csd_KELWOQ,7.251723812,7.124132551,-0.860029358,-0.985148464,6.006100208,3.3366,2.615,0.205697231,0.07810597,0.127591261,0.252324509,0.125119106,0.127205404,-1.129000986,-7.135101194
O=Cc1cc2c3c(c1)CCc1cccc(c1-3)CC2,,,,,,,,,,,,,,csd_DEVPUS,7.728808254,7.58650504,-0.512103255,-0.686441579,6.531824456,3.4097,2.5848,0.287628797,0.145325584,0.142303214,0.34467211,0.174338324,0.170333786,-0.891717578,-7.423542034
O=Cc1cc(C(=O)c2ccccc2)sc1Nc1ccccc1,,,,,,,,,,,,,,csd_ILENAQ,7.351878363,7.224972557,-0.61503424,-0.821197058,6.184879106,3.3928,2.4703,0.279816187,0.152910381,0.126905806,0.382858411,0.206162818,0.176695593,-0.886275298,-7.071154404
O=Cc1cc(O)c(=O)oc1-c1c[nH]c2ccccc12,,,,,,,,,,,,,,csd_NEQNAY,7.611207767,7.322492663,-0.336234426,-0.736240591,7.336737668,3.6828,2.2899,0.573018777,0.284303673,0.288715104,0.735697968,0.400006165,0.335691803,-0.264494808,-7.601232476
O=Cc1cc(O)cc(-c2cc(O)cc(C=O)c2O)c1O,,,,,,,,,,,,,,csd_GOMFAP,7.327437737,7.140967183,-0.653710701,-0.806213155,5.934534226,3.0188,2.1637,0.380611022,0.194140468,0.186470554,0.315417814,0.152502454,0.162915359,-1.031856288,-6.966390514
O=Cc1cc(O)c2ccccc2c1O,,,,,,,,,,,,,,csd_MORPUF,7.500668638,7.282633513,-0.318660624,-0.516197183,6.85863337,3.3724,2.1722,0.440062761,0.222027636,0.218035125,0.387966236,0.19753656,0.190429677,-0.476471614,-7.335104984
O=Cc1cc(O)c2cccc(O)c2c1O,,,,,,,,,,,,,,csd_LUCFIY,7.148493747,6.969033448,-0.012326683,-0.217861924,6.09943531,3.2318,2.2111,0.364140832,0.184680534,0.179460299,0.409397091,0.205535242,0.20386185,-0.524907906,-6.624343216
O=Cc1cc(O)c2cc(O)ccc2c1O,,,,,,,,,,,,,,csd_OGEDIP,7.285237291,7.092467026,-0.177500588,-0.354543399,6.04909422,3.22,2.1815,0.391064771,0.198294506,0.192770265,0.350600902,0.177042811,0.173558092,-0.71429925,-6.76339347
O=Cc1cc(O)c2cc(O)c3ccc4c(O)c(O)c5ccc6c(O)cc7c(O)cc(C=O)c(O)c7c6c5c4c3c2c1O,,,,,,,,,,,,,,csd_WURPAC,6.538208795,6.40545417,-1.061609233,-1.247709902,5.326359436,2.5207,1.9931,0.269664974,0.13691035,0.132754624,0.356328929,0.186100669,0.17022826,-1.116483742,-6.442843178
O=Cc1cc(O)c2c(O)cccc2c1O,,,,,,,,,,,,,,csd_OGEDOV,7.073755732,6.888094445,-0.336069198,-0.529434414,5.667046164,2.8179,1.8428,0.3762,0.190538713,0.185661287,0.379097116,0.193365215,0.185731901,-0.871581142,-6.538627306
O=Cc1cc(O)c2[nH]c3ccccc3c2c1,,,,,,,,,,,,,,csd_BUDWIH,7.911770007,7.714396035,0.308934888,0.01589592,9.35391875,4.1485,2.3786,0.431654874,0.234280902,0.197373971,0.589085993,0.293038968,0.296047025,0.916207838,-8.437710912
O=Cc1cc(O)c2[nH]c(-c3ccccc3)nc2c1O,,,,,,,,,,,,,,csd_WESMUF,7.374984216,7.162194088,-0.165967009,-0.378665352,6.394679,3.5771,2.7299,0.431156497,0.218366369,0.212790128,0.426570777,0.212698343,0.213872434,-0.491437884,-6.886116884
O=Cc1cc(O)c(O)cc1-c1ccccc1,,,,,,,,,,,,,,csd_MAPTEF,7.76995736,7.560447649,0.034999602,-0.24418294,6.787067388,3.4585,2.8009,0.417863184,0.208353472,0.209509712,0.559739124,0.279182542,0.280556582,-0.470212992,-7.25728038
O=Cc1cc(O)c(O)cc1-c1ccc(O)c(O)c1O,,,,,,,,,,,,,,csd_WAFXAD,8.333316308,7.984043703,0.44993141,0.104615615,9.639094222,4.1712,2.3687,0.707667941,0.358395336,0.349272605,0.686649692,0.345315795,0.341333897,1.077299326,-8.561794896
O=Cc1cc(O)c(O)cc1-c1ccc(F)cc1,,,,,,,,,,,,,,csd_MAPVEH,7.823803143,7.589064463,-0.012849033,-0.274267646,6.810197078,3.4191,2.843,0.464835257,0.230096578,0.23473868,0.544231782,0.261418614,0.282813169,-0.522730994,-7.332928072
O=Cc1cc(O)c(O)c(-c2cc(C=O)cc(O)c2O)c1,,,,,,,,,,,,,,csd_NOZZOR,7.775683918,7.629394397,-0.05179407,-0.200280258,6.976730846,3.6177,2.8857,0.311840549,0.165551028,0.14628952,0.298255366,0.148486188,0.149769178,-0.46123323,-7.437964076
O=Cc1cc(N(c2ccccc2)c2ccccc2)c(C=O)cc1N(c1ccccc1)c1ccccc1,,,,,,,,,,,,,,csd_XETHAI,6.457019229,6.304321097,-1.325609338,-1.620099272,4.336408704,1.8589,1.5663,0.304683053,0.151984921,0.152698132,0.586233422,0.294489934,0.291743488,-1.835953158,-6.172361862
O=Cc1cc(O)ccc1-c1ccc(O)c(O)c1O,,,,,,,,,,,,,,csd_WAFXIL,7.465729065,7.26042414,-0.356323296,-0.721781297,5.981882062,3.1519,2.6867,0.415999557,0.210694632,0.205304924,0.709267753,0.365458,0.343809753,-0.906683848,-6.88856591
O=Cc1cc(I)cc(-c2ccc(Br)cc2)c1,,,,,,,,,,,,,,csd_KIDZAA,8.513483232,8.285497415,-0.591968497,-0.819311308,7.82599864,3.6268,3.0202,0.441418433,0.213432616,0.227985817,0.453803974,0.227342811,0.226461162,-0.643005382,-8.469004022
O=Cc1cc(F)ccc1-c1c(-c2ccc3ccccc3c2)ccc2ccccc12,,,,,,,,,,,,,,csd_RIVNES,7.466199441,7.335194782,-0.641301132,-0.778967414,6.4354961,3.2576,2.5926,0.261226719,0.130222059,0.131004659,0.297064133,0.137666282,0.15939785,-0.875390738,-7.310886838
O=Cc1cc(Cl)cc2c1-c1ccc(Cl)cc1C2,,,,,,,,,,,,,,csd_MUBPUV,7.944105096,7.792531883,-0.828674206,-0.990044883,6.327738956,3.3707,2.6363,0.304553526,0.152980314,0.151573212,0.322376449,0.161370677,0.161005772,-1.234853332,-7.562592288
O=Cc1cc(Cl)c(Cl)cc1C#Cc1ccccc1,,,,,,,,,,,,,,csd_FABWEN,7.986938561,7.857623457,-1.041816205,-1.206653614,6.29807853,3.2191,2.4864,0.260735825,0.131420722,0.129315104,0.32800812,0.164837409,0.163170711,-1.361114228,-7.659192758
O=Cc1cc(C=O)c2ccccc2n1,,,,,,,,,,,,,,csd_TIHCUJ,8.87521591,8.675931045,-1.434658479,-1.60214968,6.214539532,2.8279,2.3923,0.390177217,0.190892352,0.199284865,0.331706993,0.167491201,0.164215792,-1.928744032,-8.143283564
O=Cc1cc(C=O)c2c(c1)C(c1ccccc1)=C(c1ccccc1)C2=O,,,,,,,,,,,,,,csd_AZAJAO,7.860674399,7.656370392,-2.025147219,-2.229356803,5.411803232,2.2938,1.6098,0.400734941,0.196430933,0.204304008,0.409572931,0.204209584,0.205363347,-2.280587434,-7.692390666
O=Cc1cc(C=O)c2c(O)ccc3c2c1NN=C3,,,,,,,,,,,,,,csd_YEBHOF,7.194644009,7.073487455,-0.658590739,-0.806393131,5.751401504,3.016,2.0515,0.247688095,0.126531541,0.121156554,0.297381363,0.147802393,0.149578971,-1.042740848,-6.794142352
O=Cc1cc(C=O)c2[nH]c3ccccc3c2c1,,,,,,,,,,,,,,csd_BIHPOZ,8.004889295,7.925995773,-0.734245587,-0.920110443,6.461074816,3.4547,2.7975,0.167927971,0.089034449,0.078893522,0.383957616,0.185864855,0.198092761,-1.1564845,-7.617559316
O=Cc1cc(C=O)c(Nc2ccccc2)s1,,,,,,,,,,,,,,csd_EQOLON,7.569910522,7.472366905,-0.247715442,-0.655240172,6.355766698,3.5053,2.4945,0.199863651,0.102320034,0.097543617,0.624687756,0.407524729,0.217163027,-0.843009172,-7.19877587
O=Cc1cc(C2=C(c3csc4ccccc34)C(F)(F)C(F)(F)C2(F)F)cs1,,,,,,,,,,,,,,csd_KUKXAQ,8.156891169,7.877890236,-0.950985912,-1.489276929,6.541348446,3.4258,2.7324,0.525509822,0.246508889,0.279000933,0.881371804,0.538291017,0.343080787,-1.27349352,-7.814841966
O=Cc1cc(C2=C(c3csc(C=O)c3)C(F)(F)C(F)(F)C2(F)F)cs1,,,,,,,,,,,,,,csd_WAWBOM,8.596631202,8.328716466,-1.339219663,-1.696449018,6.72257637,3.3959,2.576,0.547042747,0.27912801,0.267914737,0.667313326,0.357229354,0.310083971,-1.590778444,-8.313354814
O=Cc1cc(C(=O)c2ccccc2O)oc1Nc1ccccc1,,,,,,,,,,,,,,csd_FOWQUF,7.401290728,7.309559738,-0.861915108,-1.087632583,5.95521489,3.2125,2.4853,0.196728082,0.104997092,0.09173099,0.453976222,0.225717475,0.228258747,-1.186689154,-7.141904044
O=Cc1cc(O)cc2ccccc12,,,,,,,,,,,,,,csd_GANWUQ,7.890482692,7.753725107,-0.530819392,-0.710152205,6.28447283,3.2769,2.2562,0.277251512,0.140493928,0.136757585,0.356303514,0.179332813,0.1769707,-1.068863792,-7.353336622
O=Cc1cc(O)ccc1-c1ccccc1-c1nnnn1-c1ccccc1F,,,,,,,,,,,,,,csd_GIXKUV,8.109992865,7.925284603,-0.655252689,-0.878287936,6.734005158,3.3344,2.7886,0.373435104,0.188726842,0.184708262,0.463553818,0.223035247,0.240518571,-1.033761086,-7.767766244
O=Cc1cc2c(s1)-c1sc(C=O)cc1C2=O,,,,,,,,,,,,,,csd_RUNSIE,8.493442852,8.298879438,-1.880146921,-2.126039743,6.60284621,2.7984,1.7381,0.39370025,0.199136835,0.194563415,0.491483055,0.245892823,0.245590232,-1.897723036,-8.500569246
O=Cc1cc2c(c3ccccc13)N1c3ccccc3Oc3cccc(c31)O2,,,,,,,,,,,,,,csd_DAXYUZ,6.633529513,6.511341075,-0.941170216,-1.110426212,5.289079818,2.509,1.7817,0.226954233,0.104765795,0.122188438,0.342681596,0.169255996,0.173425599,-1.184240128,-6.473319946
O=Cc1cc2c(s1)-c1ccc([nH]1)-c1sc(C=O)cc1CCCNCCC2,,,,,,,,,,,,,,csd_DETPAW,6.780145352,6.605365169,-1.059695999,-1.224498034,4.570698858,2.7842,1.9175,0.343291675,0.168511493,0.174780183,0.32723967,0.164802035,0.162437636,-1.632956114,-6.203654972
O=Cc1cc2c(ccc3ccccc32)oc1=O,,,,,,,,,,,,,,csd_WIYQUR,8.189367186,8.104660057,-1.371085274,-1.535397694,6.02868567,2.8374,2.1288,0.172594672,0.087887543,0.084707129,0.323719032,0.16431242,0.159406613,-1.76465929,-7.79334496
O=Cc1cc2c(ccc3ccccc32)o1,,,,,,,,,,,,,,csd_IDUNIF,8.340266127,8.138841657,-0.365873491,-0.690757035,9.09541045,4.0872,1.6815,0.417384317,0.215959847,0.20142447,0.649397258,0.324883544,0.324513714,0.17551353,-8.91989692
O=Cc1cc2c(ccc3ccccc32)[nH]1,,,,,,,,,,,,,,csd_CACGET,7.679424706,7.561285352,-0.294177493,-0.462178119,6.797679834,3.7335,2.4824,0.248155641,0.130016287,0.118139354,0.334664981,0.168000626,0.166664356,-0.621508376,-7.41918821
O=Cc1cc2c(ccc3c4cc(C=O)sc4ccc23)s1,,,,,,,,,,,,,,csd_DUZGEM,7.903729093,7.772926342,-1.246313141,-1.402712023,6.088822864,3.3395,2.2955,0.265878508,0.135075757,0.130802751,0.316575795,0.156398882,0.160176913,-1.546151748,-7.634974612
O=Cc1cc2c(cc3ccccn32)oc1=O,,,,,,,,,,,,,,csd_WANPAC,7.708454916,7.609406998,-1.06180491,-1.200488409,5.836028958,2.9226,1.9704,0.201601371,0.102553454,0.099047918,0.275170901,0.138683499,0.136487403,-1.462068522,-7.29809748
O=Cc1cc2c(cc1O)[nH]c1ccccc12,,,,,,,,,,,,,,csd_GONTOU,7.73227602,7.521949259,-0.123507266,-0.39025447,7.629260218,3.8606,2.9151,0.426026549,0.215699788,0.210326761,0.562353024,0.266747204,0.295605819,-0.111294626,-7.740554844
O=Cc1cc2c(cc1O)[nH]c1ccc(O)cc12,,,,,,,,,,,,,,csd_EVEWOS,7.263122885,7.081502056,0.202284976,0.046101309,6.581621318,3.488,2.9608,0.378545214,0.196924385,0.181620829,0.317434097,0.156183667,0.16125043,-0.219595998,-6.801217316
O=Cc1cc2c(cc1O)[nH]c1cc(O)ccc12,,,,,,,,,,,,,,csd_SABBII01,7.228353818,7.035969547,-0.097239775,-0.330566455,6.197940578,3.3343,2.5935,0.38877183,0.196387558,0.192384271,0.48361213,0.23332668,0.25028545,-0.59320852,-6.791149098
O=Cc1cc2c(cc1O)C1OBOC1CC2=O,,,,,,,,,,,,,,csd_WECKUM,8.620350672,8.537423169,-0.506198436,-0.778812391,6.861626624,3.2877,2.7587,0.181998714,0.099071211,0.082927503,0.583320523,0.272613955,0.310706568,-1.020155386,-7.88178201
O=Cc1cc2c(cc1O)C(=O)c1ccccc1C2=O,,,,,,,,,,,,,,csd_BOGWEA,8.866989877,8.643589398,-1.591172792,-1.80342563,7.295104226,3.1115,2.5974,0.464385426,0.240984948,0.223400478,0.42985835,0.212252838,0.217605511,-1.580710226,-8.875814452
O=Cc1cc2c(cc1-c1cc3c(cc1C=O)OCCO3)OCCO2,,,,,,,,,,,,,,csd_KELWIJ,7.465526231,7.123093347,-0.163428947,-0.552971839,6.608832718,3.3417,2.8636,0.657471779,0.315038895,0.342432884,0.67968254,0.389542892,0.290139648,-0.507764724,-7.116597442
O=Cc1cc2c(c(O)c1-c1cc(O)c(O)c(O)c1)OCO2,,,,,,,,,,,,,,csd_UBUHAD,6.956701079,6.672765358,0.022563965,-0.37726021,5.959568714,3.0015,2.6439,0.550862411,0.266926691,0.283935721,0.730988002,0.399824175,0.331163826,-0.477287956,-6.43685667
O=Cc1cc2[nH]c(C(=O)O)cc2o1,,,,,,,,,,,,,,csd_OCIFEL,8.267134945,8.086230456,-0.513714034,-0.764652912,6.499715004,3.3627,2.4249,0.374631915,0.193727426,0.180904489,0.502133406,0.250938878,0.251194529,-1.132266354,-7.631981358
O=Cc1cc2c([nH]c3ccccc32)s1,,,,,,,,,,,,,,csd_MOCRIG,7.837271561,7.668188384,0.027453173,-0.187272147,7.818923676,3.8259,2.733,0.345061831,0.175978654,0.169083177,0.426942485,0.214725321,0.212217164,-0.02312969,-7.842053366
O=Cc1cc2c([nH]c3ccccc32)c2c1C(=O)C=CC2=O,,,,,,,,,,,,,,csd_UNEXAO,7.992044263,7.902620936,-2.048210187,-2.273968533,5.17560828,2.0176,1.6884,0.194013989,0.104590662,0.089423327,0.46511012,0.225758346,0.239351774,-2.47079512,-7.6464034
O=Cc1cc2c(O)cc(O)cc2o1,,,,,,,,,,,,,,csd_CUYRAP,7.791695759,7.606883549,-0.017899713,-0.232110521,6.51168802,3.4658,2.534,0.378828458,0.194016248,0.18481221,0.426401604,0.214210808,0.212190796,-0.678380202,-7.190068222
O=Cc1cc2c(F)c(O)ccc2nc1Cl,,,,,,,,,,,,,,csd_IYIXUJ,8.439752311,8.183646778,-0.941546277,-1.164898809,7.564497086,3.491,2.4386,0.513922664,0.25781713,0.256105533,0.447110786,0.223352532,0.223758254,-0.88709164,-8.451588726
O=Cc1cc2c(C(=O)O)cc3ccccc3n2c1-c1ccccc1,,,,,,,,,,,,,,csd_GITVAJ,7.309939065,7.125467542,-0.758421175,-0.994262378,6.039298116,3.0878,2.1402,0.360951058,0.176479535,0.184471523,0.463397081,0.235841204,0.227555877,-1.037026454,-7.07632457
O=Cc1cc2c(C(=O)O)c(-c3ccc(Cl)cc3)ccn2c1,,,,,,,,,,,,,,csd_FOLMEB,7.496342325,7.295834036,-0.842097862,-1.191206246,6.052087474,2.9617,2.0635,0.384166191,0.183657902,0.200508289,0.628739533,0.349108384,0.279631149,-1.127640416,-7.17972789
O=Cc1cc2c(=O)oc3ccccc3c2o1,,,,,,,,,,,,,,csd_RUPZAF,8.623272333,8.452378265,-0.759603047,-0.971384013,7.86137346,3.6637,2.659,0.351180451,0.180286382,0.170894068,0.425248739,0.211780966,0.213467773,-0.768177822,-8.629551282
O=Cc1cc2c(=O)n(-c3ccc(Cl)cc3)c3ccccc3c2n1-c1ccc(Cl)cc1,,,,,,,,,,,,,,csd_KACJOQ,7.67944457,7.510696066,-0.486512621,-0.771850545,7.369663462,3.634,2.6851,0.347850945,0.179102442,0.168748504,0.631136314,0.285337924,0.345798389,-0.42313727,-7.792800732
O=Cc1cc2c(-c3ccccc3)cc3cccc4cc(-c5ccccc5)c1n2c34,,,,,,,,,,,,,,csd_DERWIJ,6.755825435,6.636169018,-0.588294685,-0.745966517,5.830586678,3.0182,2.1091,0.239839103,0.120182686,0.119656417,0.329680261,0.157671831,0.17200843,-0.765184568,-6.595771246
O=Cc1cc2c(-c3ccc(Cl)cc3)n[nH]c2nc1-c1ccccc1C(=O)O,,,,,,,,,,,,,,csd_NERMOP,7.896147724,7.670086298,-0.874339289,-1.044521018,6.429781706,3.3323,2.7126,0.438669265,0.212607838,0.226061427,0.327298447,0.170181728,0.157116719,-1.15104222,-7.580823926
O=Cc1cc2[nH]c1cc1nc(cc3ccc(cc4nc(c2Br)CC4)[nH]3)C=C1,,,,,,,,,,,,,,csd_MUMGAD,6.78503905,6.681892334,-1.779855768,-1.867394298,4.156813464,2.0704,1.2733,0.215558098,0.112411382,0.103146717,0.174122755,0.08753853,0.086584226,-2.210382022,-6.367195486
O=Cc1cc2[nH]c1c(-c1ccccc1)c1ccc([nH]1)c(-c1ccccc1)c1ccc([nH]1)c(-c1ccccc1)c1nc2C=C1,,,,,,,,,,,,,,csd_XABFIQ,6.188375499,6.067395247,-1.685691263,-1.810153485,4.482261808,2.0969,1.0823,0.23967148,0.118691229,0.120980252,0.254948777,0.124462222,0.130486554,-1.712141288,-6.194403096
O=Cc1c(O)c2c3ccccc3[nH]c2c2[nH]c3ccccc3c12,,,,,,,,,,,,,,csd_NINPIK,6.887822848,6.741374223,-0.205731055,-0.32597864,6.18243008,3.3242,2.5357,0.291730998,0.145282372,0.146448625,0.24291546,0.120247585,0.122667876,-0.44354582,-6.6259759
O=Cc1c(O)c2c(c3ccccc13)OCCC2,,,,,,,,,,,,,,csd_KECYAT,7.681406676,7.501575268,-0.179064155,-0.406313631,7.500278182,3.9423,2.5474,0.365455034,0.185623626,0.179831408,0.455550401,0.227249476,0.228300925,-0.186125976,-7.686404158
O=Cc1c(O)c2c(c3ccccc13)OCC(Br)C2,,,,,,,,,,,,,,csd_WUQJUP,7.726972818,7.573254803,-0.468456768,-0.668260827,6.465700754,3.6671,2.4951,0.312769192,0.159051177,0.153718015,0.401475363,0.199804058,0.201671305,-0.867771546,-7.3334723
O=COc1ccc(-c2c3n(c4c(=O)oc5cc(OC=O)c(O)cc5c24)CCc2c-3cc(O)c(O)c2OC=O)cc1O,,,,,,,,,,,,,,csd_FAVLEU,6.975334901,6.762786384,-0.199807052,-0.435055591,6.440666266,3.8484,2.6663,0.434795994,0.222247477,0.212548518,0.532582337,0.23524854,0.297333798,-0.341775184,-6.78244145
O=COc1ccc(Br)cc1-c1c2ccccc2c(OC=O)c2ccccc12,,,,,,,,,,,,,,csd_DEFYOC,7.176885931,7.030199886,-0.861511563,-1.01908625,5.894805582,3.1507,1.7379,0.310254587,0.163568542,0.146686045,0.319067271,0.157574687,0.161492584,-1.068591678,-6.96339726
O=COc1ccc(-c2oc3c(OC=O)c(O)c(O)c(OC=O)c3c(=O)c2O)cc1,,,,,,,,,,,,,,csd_KORWIX,7.486822961,7.24541757,-0.866242265,-1.081830568,6.06678163,3.388,2.2123,0.496571859,0.255166468,0.241405391,0.444409782,0.215588303,0.228821479,-1.118660654,-7.185442284
O=COc1ccc(-c2nnco2)c(OC=O)c1,,,,,,,,,,,,,,csd_TEJKAU,8.706379568,8.432721375,-0.401830009,-0.590068569,7.350343368,4.4156,3.118,0.571349249,0.297691056,0.273658193,0.3783134,0.18823856,0.19007484,-0.854982188,-8.205325556
O=COc1ccc(-c2nc3ccc(OC=O)cc3o2)cc1,,,,,,,,,,,,,,csd_HATYAC,7.862571034,7.618389264,-0.552501626,-0.740951456,6.681487156,4.0596,2.825,0.501138476,0.256956706,0.24418177,0.382443982,0.18844983,0.193994152,-0.841104374,-7.52259153
O=COc1ccc(-c2coc3cc(OC=O)ccc3c2=O)cc1,,,,,,,,,,,,,,csd_XAYZUT,7.959286336,7.672175589,-0.475089547,-0.653142989,6.802577886,3.4858,2.9343,0.584264949,0.297154202,0.287110747,0.428829351,0.178053442,0.250775909,-0.831852498,-7.634430384
O=COc1ccc(-c2coc3cc(OC=O)cc(OC=O)c3c2=O)cc1,,,,,,,,,,,,,,csd_FUHVAG,7.991455925,7.703979185,-0.649539655,-0.831309903,6.720399458,3.4674,2.9276,0.602086783,0.314610043,0.28747674,0.380885041,0.181770247,0.199114794,-0.971991208,-7.692390666
O=COc1ccc(-c2cccc(=O)o2)c(OC=O)c1,,,,,,,,,,,,,,csd_HOMGUL,8.171467554,7.863184814,-0.727110486,-1.04490927,6.6123702,3.8012,2.3928,0.625238379,0.316955639,0.30828274,0.572903455,0.317798784,0.255104671,-1.109680892,-7.722051092
O=COc1ccc(-c2ccc(OC=O)c(=O)cc2)ccc1=O,,,,,,,,,,,,,,csd_MORLOU01,8.432610135,7.991141089,-1.59499485,-1.992289182,6.950335788,3.5486,1.7783,0.988301177,0.546832131,0.441469046,0.736563345,0.397294331,0.339269014,-1.497171228,-8.447507016
O=COc1ccc(-c2ccc(C=O)cc2)cc1,,,,,,,,,,,,,,csd_DUNREK,8.27508832,8.015465958,-0.57590041,-0.836950608,6.882579402,3.423,2.8822,0.506584103,0.246961741,0.259622362,0.497516421,0.261050199,0.236466222,-1.01090351,-7.893482912
O=COc1ccc(-c2cc3cc(OC=O)ccc3[nH]2)cc1,,,,,,,,,,,,,,csd_HOLZUG,7.370133457,7.145755872,-0.137628132,-0.362924211,6.634955662,3.9992,2.7459,0.445886082,0.221508497,0.224377585,0.406175588,0.225296079,0.180879509,-0.419599788,-7.05455545
O=COc1ccc(-c2cc3cc(O)c(OC=O)cc3oc2=O)cc1,,,,,,,,,,,,,,csd_HODKER,7.715776143,7.490141119,-0.920081653,-1.199473342,6.231954828,3.457,2.339,0.459734426,0.234099402,0.225635024,0.527127812,0.279391689,0.247736123,-1.189682408,-7.421637236
O=COc1ccc(-c2cc(=O)c3c(OC=O)c(OC=O)c(O)c(O)c3o2)cc1O,,,,,,,,,,,,,,csd_DITKOI,7.933632244,7.652401337,-0.816707993,-1.193337171,6.522300466,3.3458,2.7735,0.719966024,0.438735117,0.281230907,0.723979161,0.376629178,0.347349984,-1.078387782,-7.600688248
O=COc1ccc(-c2c3ccccc3c(OC=O)c3ccccc23)cc1,,,,,,,,,,,,,,csd_FEMHAG,7.197490676,7.019345531,-0.748539627,-0.898793086,6.462979614,3.3271,1.7014,0.363811792,0.185666648,0.178145144,0.307482833,0.150253459,0.157229374,-0.74287122,-7.205850834
O=COc1ccc(C#CC#CC#CC#Cc2ccc(OC=O)cc2)cc1,,,,,,,,,,,,,,csd_IGODOZ,7.258215364,7.089295428,-1.408359477,-1.55840232,5.489355722,2.8106,1.746,0.344482174,0.175562238,0.168919936,0.303900453,0.150042843,0.153857609,-1.573907376,-7.063263098
O=COc1ccc(-c2c3ccccc3c(OC=O)c3ccccc23)c(OC=O)c1,,,,,,,,,,,,,,csd_DISZAG,7.127424314,6.965098517,-0.819413351,-0.978518951,5.889363302,3.1471,1.7367,0.341823348,0.179497551,0.162325797,0.32107656,0.1591056,0.16197096,-1.026141894,-6.915505196
O=COc1cc2occc2c2oc(=O)ccc12,,,,,,,,,,,,,,csd_ZIKRUG,8.17833299,7.928882984,-0.414271088,-0.626687712,6.811285534,3.7921,2.7669,0.532130029,0.282680023,0.249450006,0.427160938,0.212416624,0.214744314,-0.886819526,-7.69810506
O=COc1cc2oc(-c3ccc(O)cc3)c(I)c2cc1C=O,,,,,,,,,,,,,,csd_BONNUP,7.534977343,7.292435876,-0.388141777,-0.582675259,7.170748128,3.5857,2.6961,0.460263688,0.217722221,0.242541467,0.368036906,0.194533482,0.173503424,-0.39184416,-7.562592288
O=COc1cc2ccccc2oc1=O,,,,,,,,,,,,,,csd_IXAXOW,8.604934026,8.344592875,-0.47151054,-0.724956595,7.019452744,4.0839,2.7211,0.595634307,0.335293156,0.260341151,0.49904581,0.253446054,0.245599756,-1.015257334,-8.034710078
O=COc1cc2ccccc2cc1C(=O)O,,,,,,,,,,,,,,csd_VABGIQ,8.19791845,7.969023554,-0.409385526,-0.636933811,6.880130376,3.8344,2.6245,0.532079552,0.303184657,0.228894895,0.455902353,0.227548285,0.228354069,-0.854982188,-7.735112564
O=COc1cc2ccccc2cc1-c1ncnc2[nH]cnc12,,,,,,,,,,,,,,csd_ZUVLEJ,7.830656062,7.635891636,-0.629369042,-0.85825357,7.226803612,3.7012,2.4965,0.53182069,0.337056265,0.194764425,0.424852296,0.228884528,0.195967768,-0.608446904,-7.835250516
O=COc1cc2cccc3c(C(=O)O)cc1n23,,,,,,,,,,,,,,csd_PELGUK,7.92414469,7.767797592,-0.552871075,-0.701183818,6.5443417,3.3963,2.6333,0.317373307,0.161026208,0.156347099,0.298796165,0.148312742,0.150483423,-0.941242326,-7.485584026
O=COc1cc2cc(O)c(O)cc2c(-c2ccc(O)cc2)c1-c1ccc(O)c(O)c1,,,,,,,,,,,,,,csd_KOXXUS,6.963045144,6.704719977,0.181474731,-0.089306998,6.704344732,3.939,2.7109,0.477675718,0.219350551,0.258325167,0.53354943,0.27078173,0.2627677,-0.014149928,-6.71849466
O=COc1cc2c(cc1OC=O)-c1cc(O)cc(OC=O)c1C(=O)OC2,,,,,,,,,,,,,,csd_AXBZOP,8.285707487,8.01887903,-0.400407588,-0.723246086,7.258368836,4.2514,3.1966,0.596793078,0.32996462,0.266828458,0.648326843,0.322838499,0.325488345,-0.652257258,-7.910626094
O=COc1cc2c(cc1OC=O)-c1c(O)cc3c(c1CC2)C=CCO3,,,,,,,,,,,,,,csd_KIZKOT,6.993806544,6.733223919,0.147920898,-0.074076778,6.605839464,3.7639,2.669,0.454065203,0.193482578,0.260582625,0.451090181,0.221997676,0.229092504,-0.080545744,-6.686385208
O=COc1cc2c(cc1O)c1oc(=O)c3ccccc3c1n2C=O,,,,,,,,,,,,,,csd_WENHUS,7.763371331,7.534390665,-0.602654685,-0.821726592,7.282859096,3.9,2.5052,0.465260245,0.236279579,0.228980666,0.441233123,0.219071906,0.222161217,-0.54014629,-7.823005386
O=COc1cc2c(cc1O)c1c(O)c(O)c(O)c3c4c5cc(OC=O)c(O)cc5c5c(O)c(O)c(O)c(c2c13)c54,,,,,,,,,,,,,,csd_GODPEW,6.344648936,6.183355812,-1.24087712,-1.407075643,5.08308952,2.4298,1.3636,0.329662301,0.168369177,0.161293124,0.331933093,0.166198524,0.165734569,-1.247370576,-6.330460096
O=COc1ccc(Br)cc1C(=O)Nc1cccc2cccnc12,,,,,,,,,,,,,,csd_FIMPOJ,7.692079368,7.479862013,-0.656279375,-0.767062427,6.456176764,3.5519,2.4847,0.445155919,0.232938564,0.212217355,0.234532063,0.110783052,0.123749012,-0.905595392,-7.361772156
O=COc1ccc(C(=C(c2ccc(OC=O)cc2)c2ccc(OC=O)cc2)c2ccc(OC=O)cc2)cc1,,,,,,,,,,,,,,csd_SAJZEL,7.052575821,6.771739751,-0.707044147,-1.125677386,6.376175248,3.5403,2.3861,0.569888622,0.289052552,0.28083607,0.824422969,0.418633239,0.40578973,-0.691713788,-7.067889036
O=COc1cc2[nH]c3cc(OC=O)c4cc(O)c(O)cc4c3c2c2cc(O)c(O)cc12,,,,,,,,,,,,,,csd_NAWPUX,6.61933523,6.447288977,-0.244082448,-0.385523224,6.059434552,3.4171,2.4222,0.350151669,0.178105416,0.172046253,0.287660417,0.141440775,0.146219642,-0.41089214,-6.470326692
O=COc1ccc(O)c2c1C(=O)c1ccccc1C2=O,,,,,,,,,,,,,,csd_FEPNAS,8.311647625,8.035870862,-1.409506955,-1.606919349,6.021066478,2.5635,2.1441,0.676027749,0.400250986,0.275776763,0.411492151,0.197412394,0.214079757,-1.797040856,-7.818107334
O=COc1ccc2c(c1)cc(OC=O)c1cc3c4c(ccc(OC=O)c4c12)C=CC3=O,,,,,,,,,,,,,,csd_DEBHUQ,7.713235415,7.554062603,-1.698704571,-1.83311256,5.63139923,2.5501,1.7914,0.320739955,0.161567143,0.159172812,0.267309555,0.134407989,0.132901566,-1.894185554,-7.525584784
O=COc1ccc2c(c1)Oc1c(cc3c(c1OC=O)C(=O)OC3)OC2=O,,,,,,,,,,,,,,csd_DAVARO,8.73815715,8.212879169,-0.709646101,-1.022592439,7.344901088,4.1322,3.353,0.913286422,0.388008441,0.525277981,0.638792785,0.312946338,0.325846447,-1.06668688,-8.411587968
O=COc1ccc2c(c1)Cc1nccc3c(O)c(O)c(OC=O)c(c13)O2,,,,,,,,,,,,,,csd_BOVSIO,7.439177977,7.072926955,-0.165723413,-0.383037735,6.62053362,3.6294,2.5033,0.664385923,0.298134901,0.366251022,0.438920698,0.217314322,0.221606376,-0.469940878,-7.090474498
O=COc1ccc2c(c1)C(=O)c1ccccc1-2,,,,,,,,,,,,,,csd_HAMDAC,8.126554567,7.929958215,-0.963927817,-1.183306641,6.312772686,2.9181,2.4113,0.404828869,0.208232517,0.196596351,0.39262744,0.219378824,0.173248616,-1.409006292,-7.721778978
O=COc1ccc2c(c(C(=O)O)cn2-c2ccc(O)cc2)c1O,,,,,,,,,,,,,,csd_MXAXIN,7.084355198,6.877861762,0.180340832,-0.219754368,6.509783222,3.5894,2.7656,0.439725067,0.233231631,0.206493437,0.833819882,0.400095201,0.433724682,-0.179323126,-6.689106348
O=COc1ccc(OC=O)c2ccccc12,,,,,,,,,,,,,,csd_CAXJAN,7.865655473,7.625399274,-0.170347963,-0.303501642,6.859177598,4.0143,2.6208,0.503134405,0.262878206,0.240256199,0.271358992,0.13315368,0.138205313,-0.56327598,-7.422453578
O=COc1ccc(OC=O)c2c1C(=O)c1ccccc1C2=O,,,,,,,,,,,,,,csd_ZIJPIT01,8.694753606,8.354899819,-1.703353366,-1.934044268,6.240662476,2.6653,2.2396,0.917046765,0.577192978,0.339853787,0.481295923,0.230690902,0.250605021,-2.0272493,-8.267911776
O=COc1ccc(OC=O)c2c(-c3ccc(Cl)cc3)noc12,,,,,,,,,,,,,,csd_IBEGOL,8.331908907,8.073786193,-0.447757328,-0.663868362,7.179183662,4.3746,3.0664,0.520902116,0.262779401,0.258122714,0.429816308,0.216111034,0.213705274,-0.785593118,-7.96477678
O=COc1ccc(OC(=O)c2ccc(O)cc2)ccc1=O,,,,,,,,,,,,,,csd_FOCDIN,8.158226704,7.682602453,-0.865310547,-1.118635347,6.47767377,3.1128,2.0347,0.993046029,0.517421778,0.475624251,0.514820368,0.2533248,0.261495567,-1.259343592,-7.737017362
O=COc1ccc(O)cc1-c1cccs1,,,,,,,,,,,,,,csd_MEJTUR,8.027475383,7.690439064,0.167824405,-0.11467401,8.171039192,4.4645,2.8743,0.635042238,0.298005919,0.337036319,0.521457773,0.282498414,0.238959358,0.173336618,-7.997702574
O=COc1ccc(O)c2oc3c(Cl)cc(Cl)c(OC=O)c3c(=O)c12,,,,,,,,,,,,,,csd_FISCEP,8.019940002,7.798219338,-1.092219065,-1.30077567,6.241750932,3.2652,2.65,0.534844421,0.313123757,0.221720664,0.435383216,0.208556605,0.226826611,-1.410094748,-7.65184568
O=COc1ccc(O)c2ccccc12,,,,,,,,,,,,,,csd_LETXOA,7.648923529,7.398659685,0.451377887,0.264765425,8.116616392,4.398,2.5545,0.515072971,0.264809127,0.250263844,0.376987443,0.186612461,0.190374982,0.466131282,-7.65048511
O=COc1ccc(NC(=O)c2ccccc2)c2ncccc12,,,,,,,,,,,,,,csd_HABVEO,7.494924802,7.230997977,-0.567878543,-0.704716973,6.307874634,3.3572,2.3855,0.549439609,0.285512785,0.263926824,0.285933854,0.13683843,0.149095424,-0.86804366,-7.175918294
O=COc1ccc(C(=Cc2ccccc2)c2ccccc2)cc1,,,,,,,,,,,,,,csd_HAMKAI,7.292627961,7.061051628,-0.296199844,-0.636555246,6.623798988,3.8716,2.4972,0.477936186,0.246359852,0.231576334,0.644266141,0.340355402,0.303910739,-0.47211779,-7.095916778
O=COc1ccc(Cl)cc1C(=O)OC(=O)c1cc(Cl)ccc1OC=O,,,,,,,,,,,,,,csd_IBOBUY01,8.773835105,8.480360972,-1.028646703,-1.191189647,7.105712882,4.0096,3.236,0.903249769,0.609775637,0.293474133,0.341763483,0.162542944,0.179220539,-1.321385584,-8.427098466
O=COc1ccc(C=NNC(=O)c2ccco2)cc1O,,,,,,,,,,,,,,csd_UNUTUT,7.70172219,7.389941098,-0.369572663,-0.545278768,6.624343216,3.9434,2.5818,0.656022608,0.344241516,0.311781092,0.36150451,0.175706105,0.185798405,-0.691713788,-7.316057004
O=COc1ccc(C=Cc2ccccc2)cc1,,,,,,,,,,,,,,csd_ZIQJUG,7.49279834,7.287741964,-0.311437766,-0.501307404,6.920675362,4.0043,2.2979,0.416937969,0.211881593,0.205056376,0.383662726,0.189869639,0.193793087,-0.42857955,-7.349254912
O=COc1ccc(C=Cc2ccc3ccc4cccc5ccc2c3c45)cc1,,,,,,,,,,,,,,csd_DADTAF,6.788903613,6.620370624,-0.947004612,-1.139086347,5.546771776,3.1628,1.8291,0.313289746,0.144756757,0.16853299,0.3479236,0.192081735,0.155841865,-1.085190632,-6.631962408
O=COc1ccc(C=Cc2cc(OC=O)cc(OC=O)c2)cc1,,,,,,,,,,,,,,csd_MAHHUB,7.548512021,7.334868789,-0.631978778,-0.838131801,6.406652016,3.8563,2.3002,0.432312138,0.218668906,0.213643232,0.417671316,0.206153022,0.211518294,-0.86668309,-7.273335106
O=COc1ccc(C=CC(=O)c2ccccc2)cc1,,,,,,,,,,,,,,csd_NAZDUO,8.314980695,8.039804515,-0.861940306,-1.061314207,7.455379372,3.27,2.3995,0.639653699,0.364477519,0.27517618,0.410857799,0.199373901,0.211483899,-0.851172592,-8.306551964
O=COc1ccc(C=CC(=O)Nc2nccs2)cc1O,,,,,,,,,,,,,,csd_HEKNOD,8.205192492,7.840321088,-0.669815686,-1.01420779,7.699737744,4.2935,2.5212,0.781761753,0.416890349,0.364871404,0.68990423,0.344392104,0.345512126,-0.495519594,-8.195257338
O=COc1ccc(C=CC(=O)Nc2nccs2)cc1,,,,,,,,,,,,,,csd_HEKPAR,8.185942604,7.813738544,-0.690303421,-1.013206139,7.642865918,4.335,2.5389,0.791557857,0.419353797,0.37220406,0.649283596,0.322902718,0.326380879,-0.53742515,-8.180291068
O=COc1ccc(C=C2Oc3cc(OC=O)cc(OC=O)c3C2=O)cc1,,,,,,,,,,,,,,csd_KUPWUN,7.811971708,7.563101958,-1.3686009,-1.526541036,5.902969002,3.0624,2.0186,0.523234677,0.274364927,0.24886975,0.320553013,0.157940136,0.162612877,-1.63132343,-7.534292432
O=COc1ccc(C=C2N=C(c3ccccc3)OC2=O)cc1,,,,,,,,,,,,,,csd_NUQRIB,7.665525667,7.434017335,-1.41595309,-1.540384836,5.732353524,3.2842,1.7585,0.470236666,0.238728333,0.231508333,0.24771,0.124431746,0.123278254,-1.667786706,-7.40014023
O=COc1ccc(C2=c3ccc([nH]3)=C(c3cc(O)cc(O)c3)c3ccc([nH]3)C(c3cc(O)cc(O)c3)=c3ccc([nH]3)=C(c3cc(O)cc(O)c3)c3ccc2[nH]3)cc1,,,,,,,,,,,,,,csd_OCISEA,5.052475607,4.873716301,-1.266090931,-1.457560954,3.85313424,1.1494,0.3867,0.343917265,0.16515796,0.178759306,0.391277074,0.191470023,0.199807052,-1.234853332,-5.087987572
O=COc1ccc(C(=O)c2c(O)ccc3ccc(O)c(C(=O)c4ccc(OC=O)cc4)c23)cc1,,,,,,,,,,,,,,csd_LEGDEI,7.361907125,7.108913487,-0.440164531,-0.822612323,6.53753885,3.336,2.5447,0.532174438,0.279180801,0.252993638,0.752086905,0.382447791,0.369639113,-0.65171303,-7.18925188
O=COc1cc2c(cc1O)Cc1ccccc1C2=O,,,,,,,,,,,,,,csd_JAYPAA,8.275565309,8.054934897,-0.338278628,-0.521025002,7.036323812,3.3807,2.907,0.490352884,0.269722472,0.220630412,0.389662323,0.182746375,0.206915948,-0.74015008,-7.776473892
O=COc1cc(OC(=O)c2cccnc2)cc2oc(=O)ccc12,,,,,,,,,,,,,,csd_WOMBIM,8.478630871,8.174637628,-0.928344395,-1.128961257,6.824891234,3.6206,2.6853,0.625557432,0.321564189,0.303993244,0.368374327,0.200616863,0.167757465,-1.239751384,-8.064642618
O=COc1ccc2c(ccc3cc(OC=O)c(O)c(O)c32)c1,,,,,,,,,,,,,,csd_CAKHUR,7.278279962,7.021241077,-0.039111489,-0.23632475,6.535361938,3.55,2.5985,0.482836905,0.22579802,0.257038884,0.479806099,0.197213261,0.282592838,-0.389667248,-6.925029186
O=CON=C1c2ccccc2-c2ccccc21,,,,,,,,,,,,,,csd_GOJKAR,8.767770282,8.116637209,-0.795098523,-1.037039924,7.678784966,3.7067,2.681,0.854248269,0.203115196,0.651133073,0.490727966,0.241941401,0.248786565,-0.716748276,-8.395533242
O=COc1c(C=O)ccc2ccc(-c3ccc4ccc(C=O)c(OC=O)c4c3OC=O)c(OC=O)c12,,,,,,,,,,,,,,csd_DIVROP,7.922632852,7.723147167,-1.137984285,-1.41312501,6.341888884,3.2931,2.3778,0.423272239,0.223786554,0.199485685,0.411335142,0.275140724,0.136194418,-1.44900705,-7.790895934
O=COc1c(C(=O)O)oc(=O)c2c(OC=O)c3c(=O)ccoc3cc12,,,,,,,,,,,,,,csd_FAJJAB,8.63725755,8.285508028,-1.431131337,-1.730252107,6.390325176,3.1789,2.4108,0.828543864,0.476794341,0.351749523,0.604886837,0.29912077,0.305766066,-1.761666036,-8.151991212
O=COc1c(Br)c(O)c2c(=O)cc(-c3ccccc3)oc2c1Br,,,,,,,,,,,,,,csd_EGUXUA,7.856417176,7.437319166,-1.121833503,-1.428980276,6.110864098,3.2602,2.6659,0.887397224,0.468299214,0.41909801,0.763440589,0.307146773,0.456293817,-1.395672706,-7.506536804
O=COc1c(-c2coc3ccc(Br)cc23)c(=O)oc2ccccc12,,,,,,,,,,,,,,csd_LUHGIG,7.813453096,7.620448895,-0.916440495,-1.135975268,6.364474346,3.6204,2.409,0.390836794,0.197832592,0.193004202,0.441199653,0.219534772,0.221664881,-1.193492004,-7.55796635
O=COc1c(-c2ccccc2)ncc2ccccc12,,,,,,,,,,,,,,csd_BEWLOG,7.90897711,7.583107507,-0.363475704,-0.520851394,6.88176306,3.8337,2.6555,0.481163485,0.155293882,0.325869604,0.306995668,0.15737569,0.149619978,-0.719197302,-7.600960362
O=COc1c(-c2ccccc2)cccc1-c1ccccc1,,,,,,,,,,,,,,csd_NUCRAG,8.407423345,8.087467459,0.550831146,0.132830272,9.069015392,5.0246,3.4058,0.579830797,0.259874911,0.319955886,0.747848403,0.418000873,0.329847529,0.611984386,-8.457031006
O=COc1c(-c2ccccc2)c2ccccc2c2cc3ccccc3cc12,,,,,,,,,,,,,,csd_PICMAR,7.154902113,7.02374507,-0.659979581,-0.792536379,6.14841583,3.4193,2.0765,0.259826692,0.128669649,0.131157043,0.269024418,0.132556798,0.13646762,-0.829675586,-6.978091416
O=COc1c(-c2ccccc2)c(=O)n2c3ccccc3c3cccc1c32,,,,,,,,,,,,,,csd_UQOPUN,8.300563551,8.01889454,-0.830230154,-1.165477051,8.544651714,4.2763,2.2419,0.603831578,0.322162567,0.281669011,0.672980916,0.335246897,0.337734019,-0.280549534,-8.825201248
O=COc1c(-c2ccccc2)c(-c2ccccc2)c2ccccn12,,,,,,,,,,,,,,csd_FAHYAO,6.786124513,6.57762995,0.201899336,-0.04102309,6.492095812,3.3845,2.4102,0.413088372,0.204593809,0.208494563,0.466096724,0.242922426,0.223174297,-0.048164178,-6.54025999
O=COc1c(-c2cc3ccccc3c3ccccc23)c2ccccc2c2ccccc12,,,,,,,,,,,,,,csd_YAGPIG,7.416071688,7.189612975,-0.27781506,-0.518512683,6.914960968,3.9031,2.7156,0.41703212,0.190573407,0.226458713,0.464958743,0.240697622,0.22426112,-0.376333662,-7.29129463
O=COc1c(-c2c(O)cc(O)cc2O)cccc1-c1c(O)cc(O)cc1O,,,,,,,,,,,,,,csd_KEWWEO,7.752095471,7.236778223,1.476649479,1.105192644,9.904405372,5.2102,3.2105,0.907594069,0.392276821,0.515317248,0.769125051,0.371456835,0.397668216,1.907791254,-7.996614118
O=CON=Cc1cn[nH]c1Oc1ccc(Cl)cc1,,,,,,,,,,,,,,csd_ULIKUW,8.609419744,8.375919537,0.298581712,-0.053322371,9.01513682,5.0008,3.2164,0.481950357,0.24845015,0.233500207,0.742452709,0.351904083,0.390548625,0.382864398,-8.632272422
O=CON=C1C(=O)c2ccccc2-c2ocnc21,,,,,,,,,,,,,,csd_YAMPEK,8.326930772,8.127010875,-1.50745379,-1.703436089,5.97698401,2.6848,1.9719,0.419063996,0.219144098,0.199919897,0.392034123,0.195982299,0.196051824,-1.938268022,-7.915252032
O=COc1c(Cl)cc(F)c(-c2n[nH]cc2Cl)c1N(C=O)C=O,,,,,,,,,,,,,,csd_INOBIX,8.487523829,8.288431893,-0.081229839,-0.33675332,7.656743732,4.2464,3.4676,0.416201628,0.217109692,0.199091936,0.527511221,0.255523482,0.271987739,-0.42449784,-8.081241572
O=CON=C(c1ccccc1)c1ccccc1,,,,,,,,,,,,,,csd_FIJFIN,8.563365348,8.227931209,-0.093352136,-0.448307978,8.528869102,4.9199,2.972,0.721596531,0.386162392,0.335434139,0.743963921,0.354955842,0.389008079,-0.044082468,-8.57295157
O=CON=C(C=C(c1ccccc1)c1c[nH]c2ccccc12)c1ccccc1,,,,,,,,,,,,,,csd_CANTAP,7.254975302,7.066305333,-0.567660553,-0.91257049,6.339439858,3.4427,2.4558,0.416794565,0.228124595,0.18866997,0.64050275,0.344909937,0.295592812,-0.711033882,-7.05047374
O=COC=Cc1cc2ccc(F)cc2n1-c1ncccn1,,,,,,,,,,,,,,csd_NOLYUL,7.234894105,6.985215769,-0.186357246,-0.372535114,6.43005382,3.5773,2.4625,0.502278416,0.252600079,0.249678337,0.379602078,0.186177868,0.19342421,-0.454158266,-6.884212086
O=COC=C(c1ccccc1)c1ccccc1,,,,,,,,,,,,,,csd_NUSCOT,7.875435495,7.587524162,0.253100823,-0.070673938,8.147365274,4.7542,2.8754,0.581789093,0.293877759,0.287911333,0.656301335,0.323774761,0.332526573,0.260140984,-7.88722429
O=COC=C(C#Cc1ccccc1)c1ccccc1,,,,,,,,,,,,,,csd_LOVLAL,7.604534879,7.369810893,-0.299900731,-0.533222975,7.344628974,4.2314,2.3387,0.477866416,0.243142431,0.234723985,0.449651106,0.233322245,0.216328861,-0.270209202,-7.614838176
O=COC1=CCc2c1[nH]c1ccccc21,,,,,,,,,,,,,,csd_GORQIP,7.216010809,7.026422427,0.568022465,0.379271568,7.774841208,4.1752,2.462,0.375094754,0.185506372,0.189588382,0.391330926,0.188750896,0.202580029,0.548853938,-7.22598727
O=COC1=C2CC3C(=C4C(=C2c2ccccc21)C(=O)c1ccccc14)C(=O)c1ccccc13,,,,,,,,,,,,,,csd_MEKQEY,7.621282924,7.353845747,-1.919082897,-2.189128558,5.744870768,2.5045,1.5971,0.542867702,0.275430525,0.267437177,0.571732739,0.270045661,0.301687077,-1.880851968,-7.625722736
O=COC1=C(c2ccccc2)c2ccc(O)cc2C1=Cc1ccccc1,,,,,,,,,,,,,,csd_VAWNUF,7.118537615,6.859339778,-0.839942175,-1.218519689,6.41372698,2.9696,1.9044,0.525741119,0.266543282,0.259197837,0.720059087,0.378577514,0.341481573,-0.732258774,-7.145985754
O=COC1=C(c2ccccc2)C2=C(c3ccc(OC=O)cc3)C(=O)OC2=C(c2ccccc2)C1=O,,,,,,,,,,,,,,csd_XERBRA10,7.849922087,7.62577471,-2.403499423,-2.641699039,5.107307666,2.3065,1.3663,0.445390753,0.221243376,0.224147377,0.468435543,0.238199616,0.230235928,-2.592974306,-7.700281972
O=COC1=C(c2ccc(Cl)cc2)Sc2ccccc2-n2cccc21,,,,,,,,,,,,,,csd_ZILTAP,7.245596349,6.922978263,-0.302201101,-0.688563252,6.554682032,3.6106,2.5021,0.632285451,0.309667365,0.322618086,0.768898652,0.386362151,0.382536501,-0.474022588,-7.02870462
O=COC1=C(C2=CC(=CC(=O)c3ccccc3)c3ccccc32)C(=C2C(=O)c3ccccc3C2=O)c2ccccc21,,,,,,,,,,,,,,csd_MEKQIC,7.183796266,6.872361521,-2.241027229,-2.486397865,4.842812858,1.9062,1.4107,0.674888163,0.363453418,0.311434745,0.495277685,0.245370636,0.249907049,-2.309431518,-7.152244376
O=COC(C=Nc1oc(-c2ccccc2)cc1-c1ccccc1)=Cc1c(F)c(F)c(F)c(F)c1F,,,,,,,,,,,,,,csd_WUSKEB,6.929154162,6.747296022,-1.492507466,-1.735530303,5.235201246,2.8999,1.513,0.382945216,0.201087076,0.18185814,0.475259346,0.243022836,0.23223651,-1.595132268,-6.830333514
O=COc1c(Cl)cc(Cl)c2ccc(C=Cc3cc(O)c(O)c(O)c3)nc12,,,,,,,,,,,,,,csd_BIVWIN,7.116240973,6.93973341,-0.971227928,-1.146144168,5.613439706,3.3312,2.0921,0.353026282,0.176518719,0.176507562,0.356685399,0.17491624,0.181769159,-1.155396044,-6.76883575
O=COc1c(O)c(O)c2c3c(nccc13)C(=O)c1ccccc1-2,,,,,,,,,,,,,,csd_FUFDEP,7.693189865,7.555638959,-1.173652989,-1.341611001,5.905418028,2.6416,2.086,0.282732705,0.145181799,0.137550906,0.337889124,0.167958013,0.169931111,-1.48982415,-7.395242178
O=COc1cc(O)ccc1C=O,,,,,,,,,,,,,,csd_HILMIA,8.766718099,8.542371453,0.03790831,-0.218630401,7.290206174,3.5564,3.0214,0.515625907,0.291279261,0.224346646,0.553172033,0.256538712,0.296633322,-0.666951414,-7.957157588
O=COc1cc(-c2ccccc2)cc2c(O)cccc12,,,,,,,,,,,,,,csd_SEQPEM,7.338530056,7.17657164,-0.188691657,-0.403619785,6.527198518,3.7082,2.4712,0.325894774,0.163936358,0.161958416,0.416008563,0.214928127,0.201080436,-0.454974608,-6.982173126
O=COc1cc(O)ccc1C(=O)O,,,,,,,,,,,,,,csd_DUFNOJ,8.902153455,8.583053639,0.512470391,0.155052408,9.45732207,5.0497,3.3092,0.676032838,0.356933022,0.319099816,0.71259334,0.357417984,0.355175356,0.551575078,-8.905746992
O=COc1cc(O)c2c(c1OC=O)C(=O)c1cc(O)c(C(=O)O)cc1C2=O,,,,,,,,,,,,,,csd_YAJQAB,8.45936656,8.048615376,-1.88944424,-2.145687463,6.622982646,2.9976,2.2443,0.883762325,0.47301114,0.410751185,0.513721572,0.256243223,0.257478349,-1.856905936,-8.479888582
O=COc1cc(O)c2c(c1)CCc1c-2ccc(O)c1OC=O,,,,,,,,,,,,,,csd_KAZLIG,7.360351177,7.104984161,0.412893811,-0.007280682,7.75252786,4.3823,2.9585,0.516571149,0.261204133,0.255367016,0.507031377,0.420174493,0.086856884,0.398919124,-7.353608736
O=COc1cc(NC(=O)c2ccc(O)cc2)ccc1NC(=O)c1ccc(O)cc1,,,,,,,,,,,,,,csd_PAMMOI,7.123821252,6.769208818,-0.007619192,-0.133482529,6.65182673,3.9956,3.054,0.697023548,0.342411114,0.354612434,0.248067558,0.125863337,0.12220422,-0.218507542,-6.870334272
O=COc1cc(C=Cc2ccccc2)oc(=O)c1,,,,,,,,,,,,,,csd_KUFNOO,8.08452343,7.835584373,-0.869669949,-1.203239127,7.958518158,4.0221,1.8624,0.511164952,0.262225894,0.248939057,0.67393141,0.333569178,0.340362232,-0.50068976,-8.459207918
O=COc1cc(C=Cc2ccc(OC=O)cc2OC=O)cc(OC=O)c1,,,,,,,,,,,,,,csd_DURLIL,7.579229066,7.294425029,-0.771885647,-0.990992929,6.362297434,3.7933,2.2704,0.537156573,0.252352537,0.284804036,0.441825787,0.219107281,0.222718506,-0.978521944,-7.340819378
O=COc1cc(C=Cc2cc(=O)c3c(OC=O)c(O)c(O)c(O)c3o2)cc(OC=O)c1,,,,,,,,,,,,,,csd_DOKYUX,7.870745066,7.484488767,-1.244119902,-1.569074087,6.601213526,3.408,2.2039,0.887054088,0.500797789,0.386256299,0.656302777,0.324954185,0.331348592,-1.1836959,-7.784909426
O=COc1cc(C(=O)O)nn1-c1cccc(Cl)n1,,,,,,,,,,,,,,csd_GECFAX,8.766544626,8.570326214,-0.368470928,-0.591252292,7.547353904,4.5626,3.4206,0.410735674,0.214517262,0.196218412,0.451657266,0.222781364,0.228875902,-0.763007656,-8.31036156
O=COc1cc(C(=O)O)nn1-c1cccc(Br)n1,,,,,,,,,,,,,,csd_CEXWEK,8.72437131,8.539800193,-0.410562338,-0.633560577,7.504087778,4.5146,3.4111,0.38662066,0.202049543,0.184571117,0.452590073,0.222998239,0.229591834,-0.782599864,-8.286687642
O=COc1cc(C(=O)O)cc2c(Br)ccc(O)c12,,,,,,,,,,,,,,csd_NUZKUO,7.874330712,7.657256123,-0.414955074,-0.689711301,7.524496328,3.9036,2.372,0.443060641,0.225986051,0.21707459,0.55546141,0.274756227,0.280705183,-0.358102024,-7.882598352
O=COc1cc(=O)oc(C=Cc2ccccc2)n1,,,,,,,,,,,,,,csd_KUFNUU,8.210399285,8.055002898,-1.254719831,-1.502643332,6.256717202,3.6596,2.2142,0.325258463,0.169862076,0.155396387,0.501951852,0.247923501,0.254028351,-1.589689988,-7.84640719
O=COc1cc(-c2ccccc2)n2ccccc12,,,,,,,,,,,,,,csd_JAZLUU,6.783319344,6.609363558,0.371682445,0.176440949,6.470326692,3.3452,2.3651,0.34770229,0.173746503,0.173955786,0.405049852,0.195241496,0.209808357,0.038912302,-6.43141439
O=COc1cc(-c2ccc(Cl)cc2)n2ccccc12,,,,,,,,,,,,,,csd_JAZTEM,6.952777195,6.746723766,0.338530769,0.089538567,7.353336622,3.5918,2.3877,0.409183536,0.203130108,0.206053428,0.512451071,0.248992201,0.26345887,0.36463276,-6.988703862
O=COc1c(O)cc(C(=O)Nc2ccccc2)cc1O,,,,,,,,,,,,,,csd_HILRUR,7.940497708,7.74684016,0.052330407,-0.292065181,7.212109456,4.2205,3.3328,0.418969654,0.225312106,0.193657547,0.675627334,0.344395587,0.331231746,-0.30476768,-7.516877136
O=COc1cc(-c2cc(=O)c3ccc(O)cc3o2)ccc1O,,,,,,,,,,,,,,csd_GODJUF,8.103923634,7.861449108,-0.344738233,-0.870640988,7.800692038,3.6905,2.7716,0.488116461,0.245641934,0.242474527,0.656374887,0.525902755,0.130472132,-0.309121504,-8.109813542
O=COc1c[nH]c2ccccc12,,,,,,,,,,,,,,csd_ZOCLUA,7.637505299,7.341017613,1.026784791,0.88570277,7.51306754,4.5085,3.1275,0.572991429,0.276503743,0.296487686,0.446108154,0.14108202,0.305026134,0.500961874,-7.012105666
O=COc1c[nH]c(C(=O)O)c1C(=O)c1ccccc1,,,,,,,,,,,,,,csd_RUDTUF,8.472693833,8.080962138,-0.228907739,-0.619910359,7.137822334,3.4923,2.9111,0.820219842,0.428488147,0.391731695,0.744954525,0.39100262,0.353951905,-0.650896688,-7.788719022
O=COc1c[nH]c(=O)c2ccccc12,,,,,,,,,,,,,,csd_XATRUF,7.834182632,7.625917053,0.31206107,0.134684729,7.084215876,4.0499,2.8482,0.432282423,0.224016844,0.208265579,0.37106031,0.177376341,0.19368397,-0.168438566,-7.252654442
O=COc1c2ccccc2c2c3c(cccc13)C(c1ccccc1)=C2c1ccccc1,,,,,,,,,,,,,,csd_LAYGEX,6.868282805,6.666418571,-1.469099404,-1.617471739,5.210710986,2.2652,1.3854,0.406253413,0.204389179,0.201864233,0.296148469,0.148372335,0.147776134,-1.582615024,-6.79332601
O=COc1c2c(c(OC=O)c3ccccc13)C1C=CC2CC1,,,,,,,,,,,,,,csd_RAKPUQ,7.647477897,7.440867532,0.024271045,-0.128423005,7.056188134,4.1592,2.6986,0.437147195,0.230536831,0.206610364,0.308881989,0.15269405,0.156187939,-0.276739938,-7.332928072
O=COc1c2c(c(-c3ccccc3)c3ccccc13)C(=O)OC2,,,,,,,,,,,,,,csd_CUFHIW,7.917870313,7.680993171,-0.700649468,-0.896218616,6.696181312,3.7844,2.5107,0.447025614,0.210148472,0.236877142,0.385948538,0.195569148,0.19037939,-0.96056242,-7.656743732
O=COc1c(O)cccc1C=Cc1ccc(O)c(O)c1,,,,,,,,,,,,,,csd_SEBTAU,6.994167993,6.795532528,-0.111613544,-0.351084939,6.238757678,3.7344,2.2576,0.395712152,0.197076687,0.198635465,0.461486595,0.239471395,0.2220152,-0.388578792,-6.62733647
O=COc1c(O)cccc1-c1cccc(O)c1O,,,,,,,,,,,,,,csd_ZIZDOB,7.570620712,7.408827606,0.83004109,0.408575878,7.516060794,4.4013,3.4742,0.334024289,0.172231182,0.161793107,0.792366607,0.421465211,0.370901396,0.48300235,-7.033058444
O=COc1c(O)ccc2[nH]c3ccc(Br)cc3c12,,,,,,,,,,,,,,csd_ECIXUK,7.271825418,7.0999691,0.152699492,-0.007754433,6.6803987,3.6596,2.8971,0.354876657,0.183020339,0.171856318,0.319901028,0.160453925,0.159447103,-0.182860608,-6.863259308
O=COc1c(O)cc2ccccc2c1-c1cc(O)c(O)cc1O,,,,,,,,,,,,,,csd_WAVMUD,7.003335976,6.801210513,0.305432727,0.05966426,6.543797472,3.6982,2.7211,0.412461966,0.210336503,0.202125463,0.491159239,0.245768467,0.245390773,-0.000816342,-6.544613814
O=COc1c(O)cc(Oc2cc(C(=O)O)ccc2O)c(C(=O)O)c1O,,,,,,,,,,,,,,csd_CAMKUX,7.809813571,7.426486307,0.035079848,-0.180325866,7.04231032,4.0036,3.2972,0.848150222,0.464822958,0.383327264,0.4560149,0.215405715,0.240609185,-0.348033806,-7.390344126
O=COc1ccc2c(c1-c1c(OC=O)ccc3c1CCCO3)CCCO2,,,,,,,,,,,,,,csd_GOKSOP,7.824861476,7.475118522,0.810409915,0.386234258,8.7484651,4.7021,3.4692,0.738771823,0.389028869,0.349742954,0.846013311,0.424175657,0.421837654,0.94015387,-7.80831123
O=COc1ccc2c3c(c(O)c4c2c1OC(=O)C4=O)CCO3,,,,,,,,,,,,,,csd_FOLVOR,7.880255178,7.722266878,-1.24877795,-1.482137746,5.852083684,3.2016,2.0487,0.320553829,0.16256553,0.1579883,0.490585895,0.233359796,0.257226099,-1.660711742,-7.512795426
O=Cc1c(O)c2c(c(O)c1-c1c(O)c3c(c(O)c1C=O)OCO3)OCO2,,,,,,,,,,,,,,csd_BERCEJ,7.364139548,6.955248806,-0.591386717,-0.887081572,6.16882438,3.1332,2.5618,0.832549926,0.423659185,0.408890742,0.576478679,0.295694855,0.280783824,-0.877839764,-7.046664144
O=Cc1c(-c2ccc(O)cc2)oc2ccc3ccccc3c12,,,,,,,,,,,,,,csd_NIBCIN,7.40873525,7.212116041,-0.318402986,-0.689916666,7.140543474,3.7264,2.6066,0.393498885,0.196879676,0.196619209,0.682517015,0.37151368,0.311003336,-0.277284166,-7.41782764
O=Cc1c(-c2ccccc2)nc2ccccn12,,,,,,,,,,,,,,csd_MIXZUP,8.019951594,7.894353758,-0.338444781,-0.591449303,6.901083154,3.5499,2.8075,0.257459056,0.13186122,0.125597836,0.458905376,0.253004522,0.205900854,-0.727360722,-7.628443876
O=Cc1c(-c2ccccc2)nc(-c2ccccc2)n1-c1ccccc1,,,,,,,,,,,,,,csd_HUWLAO,7.580238065,7.36835541,-0.482100564,-0.75414191,6.613186542,3.3312,2.6265,0.388428041,0.176545386,0.211882655,0.537482294,0.272041346,0.265440948,-0.743415448,-7.35660199
O=Cc1c(-c2ccccc2)ccn(-c2ccccc2)c1=O,,,,,,,,,,,,,,csd_WEDCEP,7.964502897,7.662856664,-0.895083737,-1.171740571,6.027052986,2.5429,2.1985,0.664197648,0.362551414,0.301646233,0.523414327,0.276656834,0.246757492,-1.195396802,-7.222449788
O=Cc1c(-c2ccccc2)ccn(-c2ccc(O)cc2)c1=O,,,,,,,,,,,,,,csd_IQOREM,7.678780694,7.54766825,-0.830631795,-1.099735506,6.046645194,2.5648,2.2154,0.288125732,0.157013288,0.131112444,0.505727488,0.269103712,0.236623776,-1.126007732,-7.172652926
O=Cc1c(-c2ccccc2)c2ccccc2oc1=O,,,,,,,,,,,,,,csd_WIPHEL,8.62206363,8.45447806,-1.261377617,-1.478985033,6.026508758,2.5388,2.1969,0.453684434,0.286098864,0.16758557,0.420024612,0.217607416,0.202417196,-1.631595544,-7.658104302
O=Cc1c(-c2ccccc2)c2ccccc2n1-c1ccccn1,,,,,,,,,,,,,,csd_FAZZOY,7.399009841,7.237425147,-0.410452921,-0.657226767,6.437945126,3.3494,2.4382,0.338586607,0.177001912,0.161584695,0.493211251,0.246773846,0.246437405,-0.720013644,-7.15795877
O=Cc1c(-c2ccccc2)c(C=O)n2ccc(-c3ccccc3)cc12,,,,,,,,,,,,,,csd_FIYZIW,7.47305236,7.361956649,-0.681633869,-0.909707579,6.383522326,3.4536,2.5372,0.221375351,0.110279641,0.111095711,0.413780086,0.22807371,0.185706376,-0.878383992,-7.261906318
O=Cc1c(-c2ccccc2)c(C=O)c(-c2ccccc2)c(C=O)c1-c1ccccc1,,,,,,,,,,,,,,csd_WASTAL,7.657914094,7.241791651,-1.072076098,-1.350285451,6.129095736,2.8844,2.4885,0.80807817,0.391955727,0.416122443,0.467610766,0.278209354,0.189401412,-1.243288866,-7.372384602
O=Cc1c(-c2ccccc2)c(-c2ccccc2)nn1-c1ccccc1,,,,,,,,,,,,,,csd_HUVTUO,7.684139625,7.532212937,-0.498162909,-0.880786214,6.654003642,3.3074,2.775,0.292169346,0.140242658,0.151926688,0.646669669,0.382623305,0.264046364,-0.83538998,-7.489393622
O=Cc1c(-c2ccccc2)[nH]c2ccccc12,,,,,,,,,,,,,,csd_BISPUR,7.653045893,7.493887721,-0.207026699,-0.554289742,6.7348215,3.4447,2.7836,0.318722965,0.159564792,0.159158172,0.623726023,0.347263043,0.27646298,-0.533887668,-7.268709168
O=Cc1c(-c2ccccc2)[nH]c(-c2ccc(Cl)cc2)c1C(=O)c1ccc(O)cc1,,,,,,,,,,,,,,csd_EZEDUK,7.404664125,7.136938236,-0.281380026,-0.672071783,7.127482002,3.6133,2.9218,0.519769849,0.25204396,0.26772589,0.728297611,0.390691757,0.337605853,-0.305311908,-7.43279391
O=Cc1c(-c2ccc(O)cc2)sc2cc(O)ccc12,,,,,,,,,,,,,,csd_KARBIP,7.596346125,7.320748521,-0.253962091,-0.636123075,7.376466312,3.5924,2.6156,0.544501475,0.268903871,0.275597603,0.723182139,0.382160983,0.341021156,-0.200548018,-7.57701433
O=Cc1c(-c2ccc(O)cc2)oc2cc(O)cc(O)c12,,,,,,,,,,,,,,csd_GEJKAI,7.179625058,6.950831689,-0.277745644,-0.496459285,6.886116884,3.5556,2.287,0.464010045,0.235216675,0.22879337,0.437556727,0.218713641,0.218843086,-0.261501554,-7.147618438
O=Cc1c(-c2ccco2)oc(-c2cc(O)c(O)c(O)c2)c1I,,,,,,,,,,,,,,csd_GESMEY,6.912736708,6.709253124,-0.514840232,-0.730514795,5.77289851,3.2154,2.2017,0.383791218,0.180307634,0.203483584,0.409575108,0.215674563,0.193900545,-0.844097628,-6.616996138
O=Cc1c(-c2ccc(O)cc2)nc2scnn12,,,,,,,,,,,,,,csd_LIBYUR,7.729871104,7.521112046,-0.351159035,-0.55864596,6.519307212,3.3804,2.7275,0.411546574,0.202787516,0.208759058,0.390192156,0.207486925,0.182705231,-0.77144319,-7.290750402
O=Cc1c(-c2ccc(O)cc2)[nH]c(-c2ccccc2)c1C(=O)O,,,,,,,,,,,,,,csd_EWOHAB,7.342032462,7.087800978,0.047359809,-0.348343472,6.80557114,3.5394,2.9589,0.494316306,0.240084822,0.254231484,0.756454879,0.395703281,0.360751598,-0.277828394,-7.083399534
O=Cc1c(-c2ccc(Cl)cc2Cl)cc2[nH]c3ccccc3c2c1O,,,,,,,,,,,,,,csd_FOQLII,7.76818149,7.661497564,-0.403051719,-0.698606708,6.491551584,3.5649,2.783,0.211735985,0.105052059,0.106683926,0.562061535,0.295554988,0.266506547,-0.68300614,-7.174557724
O=Cc1c(-c2ccc(Cl)cc2)nc2ccccn12,,,,,,,,,,,,,,csd_RUJNEQ,8.487268314,8.228953215,-0.285370578,-0.695473587,9.565895556,4.3416,2.2455,0.51413328,0.255818181,0.258315099,0.773550985,0.410103009,0.363447976,0.329802168,-9.236093388
O=Cc1c(-c2cc3ccccc3oc2=O)nc2scnn12,,,,,,,,,,,,,,csd_LEZSUF,7.920698666,7.73098269,-0.932874548,-1.165471881,6.419441374,3.3076,2.4641,0.393683923,0.203967947,0.189715976,0.446771459,0.232597333,0.214174127,-1.203560222,-7.623001596
O=Cc1c(-c2cc3ccccc3[nH]2)[nH]c2ccccc12,,,,,,,,,,,,,,csd_MIWTIX,7.506143518,7.299306727,-0.350481308,-0.696265194,7.246940048,3.7062,2.6153,0.401952841,0.195116051,0.20683679,0.600868937,0.345783886,0.255085051,-0.30612825,-7.553068298
O=Cc1c(-c2[nH]c(-c3ccc[nH]3)c(-c3ccccc3)c2C=O)[nH]c(-c2ccc[nH]2)c1-c1ccccc1,,,,,,,,,,,,,,csd_LUNYIE,6.278244141,6.114892474,-0.778860746,-0.934727373,5.531805506,2.6841,1.8903,0.331101784,0.167750118,0.163351667,0.313478049,0.155866627,0.157611422,-0.757021148,-6.288826654
O=Cc1[se]c(-c2ccccc2)nc1-c1ccccc1,,,,,,,,,,,,,,csd_DAPQER,7.883805994,7.72058086,-1.10052997,-1.255828423,6.188416588,2.9949,2.223,0.326744151,0.163519017,0.163225134,0.301125434,0.155298453,0.145826981,-1.409822634,-7.598239222
O=Cc1[nH]ccc1-c1ccc(Br)cc1,,,,,,,,,,,,,,csd_FESMIC,8.292079853,7.985595406,0.050859467,-0.323137552,8.408050486,3.9262,2.9066,0.593520907,0.28703646,0.306484447,0.667547888,0.373997019,0.293550869,0.069116956,-8.33893353
O=Cc1[nH]cc(-c2ccc(Cl)cc2)c1-c1ccccc1,,,,,,,,,,,,,,csd_FESMEY,7.782939049,7.520461422,-0.087011717,-0.396879085,6.932920492,3.6797,2.9339,0.501991553,0.239513926,0.262477627,0.58745086,0.309867368,0.277583491,-0.521642538,-7.45456303
O=Cc1[nH]c2ccccc2c1Cl,,,,,,,,,,,,,,csd_TECGAK,7.979397384,7.816786928,-0.317346612,-0.486111769,6.494272724,3.4157,2.3671,0.337710454,0.175099998,0.162610456,0.336594378,0.168765157,0.167829221,-0.911309786,-7.40558251
O=Cc1[nH]c2ccccc2c1C(=O)O,,,,,,,,,,,,,,csd_DODRIY,8.417275749,8.217405431,-0.617879899,-0.906248574,7.759874938,3.5591,2.5188,0.418532965,0.218662647,0.199870318,0.573627768,0.288368675,0.285259093,-0.647359206,-8.407234144
O=Cc1c(-c2ccccc2O)[nH]c2ccccc12,,,,,,,,,,,,,,csd_MEYYOG,7.449699482,7.261896876,-0.020233227,-0.345955617,6.751692568,3.4885,2.7951,0.376342179,0.188539573,0.187802606,0.602557867,0.32572239,0.276835477,-0.336877132,-7.0885697
O=Cc1c(-c2cccs2)oc(-c2ccccc2)c1C(=[PH3])C(=O)c1ccccc1,,,,,,,,,,,,,,csd_CIVMEC,6.629602363,6.374208408,-0.722071098,-1.041265174,5.522825744,2.6527,2.1137,0.488604089,0.233210134,0.255393955,0.647648735,0.319194076,0.328454659,-0.962739332,-6.485565076
O=Cc1[nH]c(-c2ccccc2)c2ccccc12,,,,,,,,,,,,,,csd_MULZID,7.15955061,7.064802365,-0.472679297,-0.687225676,5.981609948,3.4501,1.9693,0.188283731,0.093535487,0.094748244,0.396504548,0.214546379,0.181958169,-0.821512166,-6.803122114
O=Cc1c(Cl)nc2c(cnn2-c2ccccc2)c1-c1ccccc1,,,,,,,,,,,,,,csd_XAQLUY,7.993599095,7.839306919,-0.985833919,-1.27647725,6.48311605,2.9872,2.5419,0.336269774,0.181977598,0.154292175,0.561020971,0.290643331,0.270377641,-1.242472524,-7.725588574
O=Cc1c(O)c(O)cc2ccc(-c3ccc4cc(O)c(O)c(C=O)c4c3O)c(O)c12,,,,,,,,,,,,,,csd_BEMLOU23,7.449574636,7.187730491,-0.876933624,-1.131692193,6.245288414,3.4089,2.3736,0.491489858,0.229645712,0.261844146,0.458379298,0.254758569,0.203620729,-1.10342227,-7.348710684
O=Cc1c(O)c(O)cc(-c2ccccc2-c2ccccc2)c1O,,,,,,,,,,,,,,csd_MIBNIX,7.126394907,6.902251612,-0.190426738,-0.340282911,6.078482532,3.0149,2.2287,0.455049167,0.230905872,0.224143295,0.299374108,0.149856173,0.149517935,-0.615521868,-6.6940044
O=Cc1c(O)c(O)c(O)c2c(-c3ccccc3)c(-c3ccccc3)[nH]c12,,,,,,,,,,,,,,csd_KIMCUH,7.195003282,6.654104052,-0.191194371,-0.423936469,6.194130982,3.3793,2.4209,0.726107909,0.18520868,0.540899229,0.445765182,0.232742097,0.213023084,-0.42585841,-6.619989392
O=Cc1c(O)c(Cl)cc2c1Oc1ccc(O)cc1OC2=O,,,,,,,,,,,,,,csd_KOHLOI,8.468342241,8.008564821,-0.826497022,-1.193756499,7.418643982,3.7718,2.9537,0.874076427,0.414299007,0.45977742,0.937458037,0.367259476,0.57019856,-0.94151444,-8.360158422
O=Cc1c(O)c(Cl)cc2c1Oc1cc(Cl)c(O)cc1OC2=O,,,,,,,,,,,,,,csd_COWYAO,8.201514599,7.838270437,-0.95410842,-1.306282441,6.32937164,3.4182,2.7602,0.719222064,0.355977902,0.363244162,0.868712244,0.352174021,0.516538224,-1.475674222,-7.805045862
O=Cc1c(O)c(Br)cc2cc(C(=O)O)oc12,,,,,,,,,,,,,,csd_LEPMIE,8.393917157,8.186580167,-0.881280918,-1.109129861,7.521503074,3.753,2.562,0.423867352,0.216530362,0.20733699,0.454168878,0.227848943,0.226319935,-0.885186842,-8.406689916
O=Cc1c(O)c(Br)c2ccccc2c1-c1c(-c2ccccc2)ccc2ccccc12,,,,,,,,,,,,,,csd_PIDKAR,7.470759255,7.279524067,-1.090309913,-1.305084595,6.58924051,3.0777,2.1105,0.396670918,0.20543573,0.191235188,0.433887134,0.214774682,0.219112451,-0.977161374,-7.566401884
O=Cc1c(O)c(-c2ccc(O)cc2)cc(-c2ccc(O)cc2)c1-c1ccc(O)cc1,,,,,,,,,,,,,,csd_KIKCUF,7.67846877,7.323422586,-0.474313478,-0.830912888,8.65186463,4.2505,2.2665,0.718067757,0.363021573,0.355046184,0.727198542,0.356599411,0.370599132,0.353203972,-8.298660658
O=Cc1c(Nc2c[nH]n(-c3ccccc3)c2=O)c2ccccc2oc1=O,,,,,,,,,,,,,,csd_EFUQUU,7.644315197,7.204721017,-0.825652653,-1.062510202,6.265152736,3.2307,2.5666,0.843771635,0.404177455,0.43959418,0.474948864,0.23685755,0.238091314,-1.08981657,-7.354969306
O=Cc1c(F)cccc1-c1cccc2ccccc12,,,,,,,,,,,,,,csd_DIWBIX,8.387135586,8.189591027,0.071747618,-0.465149331,9.166976432,3.7443,2.1455,0.416794021,0.219249461,0.19754456,0.853352524,0.53689695,0.316455575,0.309665732,-8.8573107
O=Cc1c(F)ccc2c1N(c1cc(Cl)cnc1Cl)C(=O)CO2,,,,,,,,,,,,,,csd_UMUPIC,8.116166315,7.934235249,-0.923942406,-1.152669734,6.429509592,3.2019,2.6673,0.396619489,0.214688422,0.181931067,0.460194299,0.228727327,0.231466971,-1.346147958,-7.77565755
O=Cc1c(Cl)nc2ccccc2c1-c1ccccc1,,,,,,,,,,,,,,csd_UNADIY,8.318540763,8.195109852,-0.950233245,-1.162945847,6.388420378,2.9564,2.5094,0.311199094,0.187768184,0.12343091,0.426094061,0.212712602,0.213381458,-1.293085728,-7.681506106
O=Cc1c(Cl)nc2c(cnn2-c2ccccc2)c1-c1ccc(O)cc1,,,,,,,,,,,,,,csd_XAQMOT,7.845121723,7.702634942,-0.829024689,-1.093694467,6.530191772,3.1592,2.6719,0.306138318,0.163651537,0.142486782,0.541123996,0.264669777,0.276454218,-1.064237854,-7.594429626
O=Cc1c(C(=CC(=O)O)C(=O)O)c2ccccc2oc1=O,,,,,,,,,,,,,,csd_PESFUR,8.585191258,8.439278561,-1.453975852,-1.859463535,6.277397866,2.7621,2.397,0.354261679,0.208348982,0.145912697,0.820490378,0.405487684,0.415002694,-1.786700524,-8.06409839
O=Cc1c(Cl)nc2c(cnn2-c2ccccc2)c1-c1ccc(Cl)cc1,,,,,,,,,,,,,,csd_XAQMEJ,8.029713793,7.888795476,-1.138922807,-1.426348117,6.406379902,2.9677,2.526,0.31876468,0.177846363,0.140918317,0.557568117,0.287425311,0.270142806,-1.370910332,-7.777290234
O=Cc1c(Cl)nc(Cl)nc1Nc1ccc(I)cc1,,,,,,,,,,,,,,csd_GIVLIH,7.9007206,7.704350076,-1.265146151,-1.490595321,5.849362544,3.2041,2.5878,0.408920674,0.21255015,0.196370524,0.454866851,0.22544917,0.229417681,-1.703977868,-7.553340412
O=Cc1c(Cl)ccc2ccc(O)cc12,,,,,,,,,,,,,,csd_WOLWUQ,8.533881986,8.369127844,-0.69251979,-0.865105917,6.336990832,3.0879,2.4023,0.304896118,0.140141975,0.164754142,0.343285417,0.172586128,0.170699289,-1.179886304,-7.516877136
O=Cc1c(C=Cc2ccccc2)c2ccccc2oc1=O,,,,,,,,,,,,,,csd_DIZNEI,7.945326588,7.681677946,-1.465481349,-1.829473307,5.863512472,2.4923,2.0511,0.556327739,0.292679097,0.263648642,0.622898879,0.363991959,0.25890692,-1.717583568,-7.58109604
O=Cc1c(C=CC(=O)O)[nH]c2ccccc12,,,,,,,,,,,,,,csd_EZIYAP,8.106478921,7.928743499,-1.06565067,-1.366705735,7.085032218,3.5327,2.1222,0.357388949,0.179653527,0.177735422,0.595199469,0.301055065,0.294144404,-1.048727356,-8.133759574
O=Cc1c(C(=O)c2ccccc2O)c2ccccc2oc1=O,,,,,,,,,,,,,,csd_NAQFIW,8.26346761,8.011787195,-1.618612985,-1.989617839,5.792490718,2.6942,2.3719,0.568046683,0.316366267,0.251680416,0.853501344,0.371004854,0.48249649,-1.96738422,-7.759874938
O=Cc1c(C(=O)c2ccccc2)cc(-c2ccccc2)oc1=O,,,,,,,,,,,,,,csd_DIPLOF,8.276535613,8.103325528,-1.570901333,-1.885674644,6.067053744,2.7504,2.0868,0.375261533,0.202051448,0.173210085,0.647677307,0.314773312,0.332903995,-1.852007884,-7.919061628
O=Cc1c(C(=O)O)cn2c1-c1ccccc1CC2,,,,,,,,,,,,,,csd_NUWLAT,7.72770358,7.548105211,-0.224195106,-0.443523752,6.723392712,3.1747,2.6839,0.371157782,0.191559412,0.179598369,0.429577909,0.219328646,0.210249263,-0.607086334,-7.330479046
O=Cc1c(C(=O)O)cc(-c2ccccc2)n1-c1ccc(O)cc1,,,,,,,,,,,,,,csd_QEMSEJ,7.637592077,7.458238202,-0.386433717,-0.708673021,6.517674528,3.007,2.54,0.392383762,0.213029887,0.179353875,0.626282072,0.322239304,0.304042768,-0.752667324,-7.270341852
O=Cc1c(C(=O)O)c(C(=O)O)n2ccccc12,,,,,,,,,,,,,,csd_FEPVED,7.983883999,7.828086135,-0.370155749,-0.82780268,6.736454184,3.4273,2.6903,0.327679624,0.17188176,0.155797864,0.821633502,0.457646931,0.363986571,-0.80001516,-7.536469344
O=Cc1c(C(=O)O)c(C(=O)O)c2c3ccccc3ccn12,,,,,,,,,,,,,,csd_ZAPZIB,7.882041607,7.708500631,-0.688893054,-1.0008157,6.51849087,3.3581,2.7363,0.366838244,0.193297268,0.173540976,0.582777302,0.311922646,0.270854656,-1.054169636,-7.572660506
O=Cc1c(C(=O)O)[nH]c2cc(Cl)ccc12,,,,,,,,,,,,,,csd_HUSYUR,8.435252634,8.212791004,-0.702896857,-1.007932297,7.773752752,3.5617,2.5342,0.452809125,0.230347494,0.222461631,0.606465914,0.30503544,0.301430474,-0.676475404,-8.450228156
O=Cc1[nH]c(-c2ccccc2)nc1Cl,,,,,,,,,,,,,,csd_RETSEO,8.173007665,7.998475922,-0.490606304,-0.654288317,6.697269768,3.5692,2.6196,0.354894344,0.180362601,0.174531743,0.330401907,0.163682013,0.166719894,-0.984236338,-7.681506106
O=Cc1[nH]c(-c2[nH]c(C=O)c(O)c2O)c(O)c1O,,,,,,,,,,,,,,csd_FIYTOY,7.306734514,6.680841729,-0.355453402,-0.597612658,6.076033506,3.6521,2.228,0.721781977,0.095889191,0.625892786,0.503470221,0.242159256,0.261310965,-0.79457288,-6.870606386
O=COc1ccc2c3c4c(oc13)CCCC4=C(O)C2=O,,,,,,,,,,,,,,csd_IBULAT,7.511591539,7.221653093,-0.843185856,-1.051326072,6.678493902,3.2318,1.6692,0.585296833,0.295358386,0.289938447,0.421670684,0.208140216,0.213530468,-0.836478436,-7.514972338
O=COc1ccc2ccccc2c1-c1c(O)ccc2ccccc12,,,,,,,,,,,,,,csd_EROBIX,7.278285948,7.111390541,-0.014359184,-0.266713626,6.797135606,3.8468,2.6203,0.317764933,0.150869526,0.166895408,0.445071835,0.252354442,0.192717393,-0.224221936,-7.021357542
O=COc1cccc2[nH]c3ccc(O)cc3c12,,,,,,,,,,,,,,csd_TATSOY,7.159303204,6.995558196,0.313275868,0.180188421,6.637948916,3.6904,2.9062,0.340587189,0.176842181,0.163745008,0.268577089,0.133087447,0.135489642,-0.052518002,-6.690466918
O=COc1cccc(O)c1-c1cc(O)cc(Cl)c1O,,,,,,,,,,,,,,csd_BENFOS,7.614224015,7.338007352,0.889195353,0.405360334,8.312266358,4.3973,3.3425,0.562188885,0.285972222,0.276216663,0.821853125,0.483835019,0.338018106,0.886003184,-7.426263174
O=COc1cccc(I)c1C(=O)Nc1cccc2cccnc12,,,,,,,,,,,,,,csd_FIMPEZ,7.672497228,7.300674944,-0.259213892,-0.615119956,6.673867964,3.691,2.5534,0.657575182,0.285752898,0.371822284,0.6134587,0.355906064,0.257552636,-0.634569848,-7.308437812
O=COc1cccc(C=Cc2cnc3ccccc3n2)c1,,,,,,,,,,,,,,csd_KEJWUT,7.727297042,7.574423451,-0.956028402,-1.124953209,6.237124994,3.0748,2.2518,0.307539488,0.154665897,0.152873591,0.342842442,0.168924807,0.173917636,-1.21771015,-7.454835144
O=COc1cccc(C=Cc2ccc3ccccc3n2)c1,,,,,,,,,,,,,,csd_KEJSID,7.543240466,7.388919228,-0.808533226,-0.967174681,6.251547036,3.4988,2.2226,0.310166177,0.15584494,0.154321237,0.325550142,0.158641455,0.166908687,-1.034849542,-7.286396578
O=COc1cccc(C(=O)Nc2ccccc2)c1,,,,,,,,,,,,,,csd_HEJBIK,8.047778652,7.813141934,-0.07784787,-0.38138437,7.08176685,4.1683,3.3523,0.498996748,0.26436003,0.234636718,0.596140303,0.3035365,0.292603803,-0.45715152,-7.53891837
O=COc1ccc2onc(-c3c(Cl)cccc3Cl)c2c1OC=O,,,,,,,,,,,,,,csd_IBEGUR,8.514606519,8.233724734,-0.302056608,-0.539952273,7.500550296,4.4381,3.2076,0.609660532,0.328778747,0.280881785,0.471267706,0.237895665,0.233372041,-0.644093838,-8.144644134
O=COc1ccc2oc(=O)ccc2c1,,,,,,,,,,,,,,csd_GASXON,8.77195047,8.432545835,-0.43812237,-0.727949332,8.38655348,4.3187,2.7163,0.700440212,0.361035576,0.339404636,0.57871298,0.289826962,0.288886019,-0.398102782,-8.784656262
O=COc1ccc2nc(O)ccc2c1,,,,,,,,,,,,,,csd_GOVMIN,8.118312914,7.875464312,0.001522151,-0.188592798,7.055643906,3.9793,2.9377,0.496941689,0.254093087,0.242848602,0.384410903,0.19011495,0.194295954,-0.49252634,-7.548170246
O=COc1ccc2ccccc2c1N=Nc1c(OC=O)c2c(c3ccccc13)C(=O)c1ccccc1-2,,,,,,,,,,,,,,csd_ODIDOU,7.146772708,6.837336096,-2.037527862,-2.28191535,4.945944064,1.8999,1.1712,0.698732969,0.389296357,0.309436612,0.465386234,0.244387488,0.220998746,-2.130380506,-7.07632457
O=COc1ccc2ccccc2c1-c1cc2nc3ccccc3nc2c2ccccc12,,,,,,,,,,,,,,csd_ZIVQOK,7.655564934,7.355217746,-1.191340126,-1.317143871,6.134265902,2.8355,2.2224,0.512096779,0.211749591,0.300347188,0.249478197,0.125803744,0.123674452,-1.394312136,-7.528578038
O=COc1ccc2ccccc2c1-c1c(OC=O)c(OC=O)c(-c2c(OC=O)ccc3ccccc23)c2ccccc12,,,,,,,,,,,,,,csd_NADJUX,7.542998992,7.311212286,-0.439887519,-0.729110415,6.936457974,4.0595,2.6716,0.431287629,0.199500923,0.231786705,0.558884876,0.289222896,0.269661981,-0.50885318,-7.445311154
O=COc1ccc2ccccc2c1-c1c(O)c(C=O)cc2ccccc12,,,,,,,,,,,,,,csd_GIPNIE,7.419715295,7.216236065,-0.916799686,-1.153972344,5.908683396,2.901,2.1331,0.383218963,0.179739733,0.20347923,0.46227842,0.237172658,0.225105762,-1.308596226,-7.217279622
O=COc1cccc2c1-c1c(OC=O)cc3c(OC=O)ccc(OC=O)c3c1C2=O,,,,,,,,,,,,,,csd_GUBGUF,7.826815798,7.552685978,-1.661668223,-1.93994751,5.706774808,2.7062,1.9144,0.557896014,0.283766194,0.274129821,0.548985641,0.278279287,0.270706354,-1.902621088,-7.609395896
O=COc1ccc2ccccc2c1-c1c(O)c(C(=O)O)cc2ccccc12,,,,,,,,,,,,,,csd_LEBHUV,7.306686758,7.105855742,-0.612608071,-0.862896624,6.165559012,3.1602,2.2573,0.384519395,0.183688379,0.200831017,0.477894226,0.250288552,0.227605674,-0.927092398,-7.09265141
O=COc1ccc2ccccc2c1,,,,,,,,,,,,,,csd_KUMLAG,8.007332008,7.856917457,0.166581959,0.044615158,7.189796108,4.2382,2.7566,0.311254034,0.160839483,0.150414551,0.246627558,0.121966801,0.124660757,-0.298509058,-7.488305166
O=COc1ccc2ccc3occc3c2c1-c1c(OC=O)ccc2ccc3occc3c12,,,,,,,,,,,,,,csd_KEGQAP,7.57395849,7.391039377,0.063224599,-0.201833757,7.716608812,4.2889,2.6744,0.37774158,0.194822467,0.182919113,0.535072997,0.265058356,0.27001464,0.113743652,-7.60286516
O=COc1ccc2ccc3cccc4ccc1c2c34,,,,,,,,,,,,,,csd_JENYEJ,7.216753354,7.087078842,-0.534408821,-0.647226169,6.04229137,3.568,2.0579,0.26525104,0.135576528,0.129674512,0.225866049,0.112817349,0.1130487,-0.843281286,-6.885572656
O=COc1ccc2ccc(OC=O)c(Br)c2c1Br,,,,,,,,,,,,,,csd_LUBFAP,7.883737965,7.632973214,-0.51045702,-0.730699561,6.691011146,3.8691,2.499,0.497610246,0.246845494,0.250764752,0.456202114,0.220242541,0.235959573,-0.837294778,-7.528305924
O=COc1ccc2ccc(O)cc2c1,,,,,,,,,,,,,,csd_HECKAB,7.991009522,7.769488943,0.351783074,0.101873985,8.38247177,4.3354,2.6708,0.416328134,0.194807555,0.221520579,0.459117408,0.249909089,0.209208318,0.388850906,-7.993620864
O=COc1ccc2ccc(O)c(I)c2c1,,,,,,,,,,,,,,csd_ZUHLET,7.810827713,7.610810644,-0.00801822,-0.228876881,7.893482912,4.1838,2.575,0.374391476,0.174374406,0.200017069,0.401069641,0.220858661,0.18021098,0.05850451,-7.834978402
O=COc1ccc2ccc(=O)oc2c1C=O,,,,,,,,,,,,,,csd_OCARIV,8.75882067,8.534258265,-1.078668005,-1.260168669,6.622982646,3.1745,2.6592,0.537604228,0.313041823,0.224562405,0.362821134,0.181500664,0.18132047,-1.547240204,-8.17022285
O=COc1ccc2ccc(=O)[nH]c2c1,,,,,,,,,,,,,,csd_LENQAW,8.334928311,8.151919347,-0.139568631,-0.387491261,8.268728118,4.2595,2.7782,0.37406649,0.191057525,0.183008965,0.496592812,0.24792263,0.248670182,-0.089525506,-8.358253624
O=COc1ccc2cc3ccccc3cc2c1-c1ccccc1,,,,,,,,,,,,,,csd_ICIGUZ,7.15186826,7.014282796,-0.640674181,-0.779148452,5.99875313,3.26,1.8322,0.258393849,0.120808385,0.137585464,0.272888409,0.13847427,0.134414139,-0.892261806,-6.891014936
O=COc1ccc2cc(OC=O)ccc2c1,,,,,,,,,,,,,,csd_YABBAE,7.926635921,7.707894252,-0.156717201,-0.291213573,6.929110896,4.0375,2.6014,0.457302516,0.238560847,0.218741669,0.275408403,0.134496372,0.140912031,-0.557017358,-7.486128254
O=COc1ccc2cc(C(=O)c3ccccc3)c(=O)oc2c1,,,,,,,,,,,,,,csd_MESXAM,8.290480911,8.049161236,-1.230212972,-1.499638758,6.394134772,3.0864,2.4343,0.581160945,0.33984127,0.241319675,0.502253055,0.269425786,0.232827269,-1.528464338,-7.92259911
O=COc1cccc2[nH]c3cccc(OC=O)c3c12,,,,,,,,,,,,,,csd_TATSUE,7.684862578,7.509731613,0.272698746,-0.022427337,7.175101952,4.0347,3.2293,0.333863796,0.158732831,0.175130965,0.463962697,0.295126082,0.168836614,-0.0952399,-7.270341852
O=COc1cccc2c1-c1c(ccc(O)c1O)CC2,,,,,,,,,,,,,,csd_DAPVAR,8.000054918,7.680365921,0.661920706,0.316216223,9.821682716,4.992,2.491,0.647994238,0.328305242,0.319688997,0.698024275,0.345704483,0.352319792,1.192131434,-8.629551282
O=COc1csc(N(C=O)c2ccc(O)cc2)n1,,,,,,,,,,,,,,csd_MEWRAJ,7.802034921,7.513567686,0.472767326,0.269176801,7.39469795,4.47,3.2125,0.544855495,0.25638826,0.288467235,0.408896728,0.203590525,0.205306203,0.020136436,-7.374561514
O=COc1ccccc1-n1c(O)n[nH]c1=O,,,,,,,,,,,,,,csd_IYIFAX,8.443922622,8.00833834,0.911354385,0.624756628,9.577324344,5.3035,3.3781,0.954195415,0.518611134,0.435584281,0.5543326,0.286597757,0.267734842,1.123014478,-8.454309866
O=COc1cnc(-c2ccccc2)c(C(=O)O)c1,,,,,,,,,,,,,,csd_RUCXIY,8.310202618,8.059039002,-0.329806168,-0.684150107,7.216191166,3.9099,3.1295,0.506513299,0.255349682,0.251163617,0.650866402,0.354343939,0.296522463,-0.696067612,-7.912258778
O=COc1cn(-c2ncccn2)c2ccccc12,,,,,,,,,,,,,,csd_TANFIA,7.459861634,7.244039857,0.10256744,-0.031479916,6.707337986,3.8279,2.9715,0.468347705,0.252525928,0.215821777,0.278089134,0.134047356,0.144041777,-0.365449102,-7.072787088
O=COc1cn(-c2ccccc2)ccc1=O,,,,,,,,,,,,,,csd_MIWXAT,7.903165817,7.7429904,0.180460943,-0.11759382,7.074964,3.8014,3.1536,0.377056614,0.216881198,0.160175416,0.568845283,0.298054764,0.270790519,-0.239732434,-7.314696434
O=COc1cn(-c2ccc(O)cc2)ccc1=O,,,,,,,,,,,,,,csd_MIWXEX,7.925952371,7.722757772,0.611095934,0.356065849,8.626285914,4.2635,3.2477,0.414155032,0.210960433,0.203194599,0.547816585,0.255030084,0.292786501,0.675386948,-7.950898966
O=COc1ccoc(=O)c1-c1cc(C(=O)O)nn1-c1ccccc1,,,,,,,,,,,,,,csd_PANDEN,8.195709047,7.996422822,-0.74070492,-0.99337828,6.752236796,3.8472,2.498,0.396533501,0.197247275,0.199286225,0.514334917,0.252673359,0.261661557,-1.16328735,-7.915524146
O=COc1cccn2c(C(=O)O)cnc12,,,,,,,,,,,,,,csd_EWIJUP,8.404647265,8.163475756,0.468930492,-0.052947371,8.664653988,4.6115,2.9075,0.497660369,0.25648886,0.241171509,0.813231302,0.521877862,0.291353439,0.26259001,-8.402063978
O=COc1ccccc1C=c1sc2n(c1=O)CC(C(=O)O)=CN=2,,,,,,,,,,,,,,csd_KUSQUL,8.168011652,7.830316001,-1.194479234,-1.572281767,7.728853942,3.787,2.0551,0.77080726,0.433111609,0.337695651,0.737893983,0.377802533,0.360091449,-0.80817858,-8.537032522
O=COc1ccccc1C1=Nc2ccccc2NC(=O)C1,,,,,,,,,,,,,,csd_GESFOC,7.822257535,7.412149301,-0.489476922,-0.786329975,6.705705302,3.5658,2.7516,0.835082192,0.424973958,0.410108234,0.57439747,0.296853054,0.277544416,-0.774980672,-7.480685974
O=COc1ccccc1C1=NN(C=O)CO1,,,,,,,,,,,,,,csd_KUTMES,7.968975336,7.672399593,-0.228367593,-0.476634175,6.664888202,3.9664,2.6223,0.653247726,0.356671983,0.296575742,0.495491213,0.248266582,0.24722463,-0.68980899,-7.354697192
O=COc1ccccc1C(=O)Oc1ccccc1O,,,,,,,,,,,,,,csd_EVANEV,8.507588127,8.132767174,0.20026921,-0.224753837,9.284257566,5.168,3.1955,0.769971244,0.395150291,0.374820953,0.842092746,0.425023047,0.417069699,0.52654059,-8.757716976
O=COc1ccccc1C(=O)Nc1cccc2cccnc12,,,,,,,,,,,,,,csd_FIMPID,7.712368514,7.452196455,-0.330125385,-0.481020027,7.360955814,3.8696,2.5181,0.526947509,0.26677545,0.260172059,0.322878173,0.150894642,0.171983531,-0.370891382,-7.731847196
O=COc1ccccc1C#Cc1ccccc1C(=O)O,,,,,,,,,,,,,,csd_ZIWGIX,7.744045359,7.569715144,-0.638893141,-0.834873916,6.464340184,3.6915,2.5276,0.35276097,0.178430755,0.174330215,0.391468779,0.195980775,0.195488004,-0.937976958,-7.402317142
O=COc1ccccc1-c1nc2ccccc2s1,,,,,,,,,,,,,,csd_REFVUW,8.724484237,8.058466447,-0.324309003,-0.597082879,8.746288188,4.6638,2.7279,0.959835059,0.293817268,0.666017791,0.544732227,0.272773876,0.271958351,0.027755628,-8.71853256
O=COc1cccc2c1C(=O)c1ccccc1C2=O,,,,,,,,,,,,,,csd_SANPEF,8.728088306,8.601485118,-1.547679505,-1.741700161,6.18651179,2.6844,2.2577,0.330409907,0.203806719,0.126603188,0.40180658,0.194020656,0.207785924,-1.955955432,-8.142467222
O=COc1ccccc1-c1nc2ccccc2nc1-c1ccccc1OC=O,,,,,,,,,,,,,,csd_ZIJKOU,8.071577171,7.859472472,-0.854031694,-1.028002337,6.760400216,3.1956,2.6306,0.477969057,0.265864358,0.2121047,0.36800398,0.173970644,0.194033337,-1.111041462,-7.871441678
O=COc1ccccc1-c1c2ccccc2c(OC=O)c2ccccc12,,,,,,,,,,,,,,csd_GAKSOA,7.099589773,6.94460153,-0.747066129,-0.893886871,5.897798836,3.1562,1.7386,0.322537541,0.167549297,0.154988243,0.294370748,0.146820741,0.147550007,-0.972263322,-6.870062158
O=COc1cccc2ccccc12,,,,,,,,,,,,,,csd_PARPEE,7.932066283,7.763355521,0.110508597,-0.01292468,7.064351554,4.1956,2.6883,0.350757068,0.182046307,0.168710762,0.248753367,0.123433278,0.125320089,-0.353476086,-7.41782764
O=COc1cccc2ccc(O)nc12,,,,,,,,,,,,,,csd_NUWMOH,8.226238306,7.952183807,0.002559559,-0.201584419,7.15115592,4.0524,2.9013,0.591104834,0.317050335,0.274054499,0.40980284,0.204143977,0.205658863,-0.518921398,-7.670077318
O=COc1cccc2ccc(C=Cc3cccc(F)c3)nc12,,,,,,,,,,,,,,csd_LEFMEQ,7.680992219,7.52090475,-0.885917767,-1.072563726,6.287466084,3.6948,2.2815,0.326827309,0.16673984,0.160087469,0.379259976,0.186645959,0.192614017,-1.12383082,-7.411296904
O=COc1cccc2ccc(C=Cc3ccc(O)cc3)nc12,,,,,,,,,,,,,,csd_FOGKES,7.229270951,7.060956986,-0.648649734,-0.819100338,6.046100966,3.5929,2.2173,0.340425281,0.172111316,0.168313965,0.347646969,0.170450604,0.177196365,-0.879744562,-6.925845528
O=COc1cccc2ccc(C=Cc3ccc(C=Cc4ccc5cccc(OC=O)c5n4)cc3)nc12,,,,,,,,,,,,,,csd_MOBKOD,7.036027208,6.902338144,-1.358819219,-1.535013034,5.505682562,3.0804,1.87,0.271676985,0.137987921,0.133689064,0.362497209,0.176193815,0.186303394,-1.43540135,-6.941083912
O=COc1cccc2ccc(C=Cc3c(F)cc(F)cc3F)nc12,,,,,,,,,,,,,,csd_QENNAB,7.789317129,7.572852346,-0.825459996,-1.014033637,7.067616922,3.8227,2.2145,0.43797864,0.221513857,0.216464782,0.388753489,0.188573641,0.200179848,-0.760014402,-7.827631324
O=COc1cccc2ccc(=O)[nH]c12,,,,,,,,,,,,,,csd_BIMSIZ,8.322940656,8.119103378,-0.090253874,-0.359207623,8.31036156,4.2219,2.8284,0.435728529,0.231891251,0.203837278,0.53837276,0.26895375,0.26941901,-0.038912302,-8.349273862
O=COc1cccc2cc(C(=O)O)ccc12,,,,,,,,,,,,,,csd_UQAJON,8.247764455,8.022129513,-0.271992474,-0.51581636,7.994437206,4.2229,2.54,0.467386272,0.241751329,0.225634942,0.495943085,0.243823886,0.252119199,-0.260957326,-8.255394532
O=COc1cccc2c1c1c(n2-c2ccccc2)-c2ccccc2C1=O,,,,,,,,,,,,,,csd_RENBAP,7.266822874,7.08036247,-0.891080831,-1.159857353,5.871948006,2.7283,2.031,0.379155484,0.19269508,0.186460404,0.532480567,0.268776522,0.263704045,-1.169001744,-7.04094975
O=COc1cccc2c1N(c1ncccn1)CC2,,,,,,,,,,,,,,csd_NERKAZ,7.339398181,7.120179387,0.622179953,0.249256179,7.00013265,3.8734,3.2693,0.50893778,0.289718987,0.219218794,0.966278392,0.372923774,0.593354618,0.03401425,-6.9661184
O=Cc1ccc(-c2ccc(-c3ccc(-c4ccc(-c5ccc(C=O)cc5)o4)cc3)o2)cc1,,,,,,,,,,,,,,csd_WULVEF,6.925105106,6.798560395,-1.254189753,-1.392874286,5.414252258,3.0426,2.0302,0.261439512,0.134894801,0.126544711,0.289979645,0.138684533,0.151295112,-1.394856364,-6.809108622
O=Cc1ccc(-c2ccc(-c3ccc(C=O)cc3)s2)cc1,,,,,,,,,,,,,,csd_GEQPOK,7.688013168,7.510598922,-1.272411595,-1.517443993,5.926098692,3.3575,2.2487,0.317816363,0.140402116,0.177414246,0.433874888,0.245032398,0.18884249,-1.523566286,-7.449664978
O=Cc1ccc(-c2ccc(-c3ccc(C=O)s3)n2-c2ccccc2)s1,,,,,,,,,,,,,,csd_VEJQUW,7.121164331,6.852104811,-1.010851264,-1.264043817,5.65588949,3.1751,2.0843,0.439174581,0.17011506,0.26905952,0.470547148,0.253192553,0.217354595,-1.260159934,-6.916049424
O=Cc1cn(-c2ccccc2)nc1-c1ccc(Oc2ccccc2)cc1,,,,,,,,,,,,,,csd_ELULUU,7.513328769,7.296973377,-0.1624858,-0.407551124,6.744889718,3.5227,2.9699,0.44522694,0.228871548,0.216355392,0.452000674,0.245065324,0.20693535,-0.517832942,-7.26272266
O=Cc1cn(-c2ncccn2)nc1-c1ccc(Cl)cc1,,,,,,,,,,,,,,csd_PIFLUM,7.870922757,7.686800084,-0.623904068,-0.795757936,6.48311605,3.637,3.0311,0.376376384,0.192253711,0.184122673,0.35133727,0.171853869,0.179483401,-0.992127644,-7.475243694
O=Cc1cn(-c2ncc(Br)cn2)nc1-c1ccccc1,,,,,,,,,,,,,,csd_TIGLUR,7.971002204,7.801965804,-0.780201995,-0.935310241,6.511415906,3.605,3.0617,0.351148967,0.182112567,0.1690364,0.315627206,0.155108245,0.16051896,-1.109136664,-7.62055257
O=Cc1cn(-c2nc3ccc(F)cc3s2)nc1-c1ccccc1,,,,,,,,,,,,,,csd_OCEFOT,8.004725564,7.829047949,-0.747097967,-0.907624818,6.722032142,3.4307,2.8939,0.357115067,0.181437452,0.175677615,0.322525023,0.160526851,0.161998172,-0.999746836,-7.721778978
O=Cc1cn(-c2ccnc3ccccc23)nn1,,,,,,,,,,,,,,csd_NIQMIK,8.652855234,8.483489439,-0.907295098,-1.131099992,6.906525434,3.5371,2.7273,0.363960774,0.19459498,0.169365794,0.431552967,0.223804894,0.207748073,-1.28301751,-8.189542944
O=Cc1cn(-c2ccccc2)nn1,,,,,,,,,,,,,,csd_QILLAA,9.051023514,8.772375948,-0.247980862,-0.47610992,7.264627458,3.5474,2.9611,0.554157413,0.275509847,0.278647566,0.406883629,0.228129058,0.178754571,-0.774980672,-8.03960813
O=Cc1cn(-c2ccccc2)nc1C=O,,,,,,,,,,,,,,csd_ULIDOJ,9.107861053,8.782532956,-0.150443613,-0.498111698,9.134322752,3.6487,3.0027,0.606153146,0.280825049,0.325328097,0.674075739,0.347668085,0.326407655,-0.093335102,-9.227657854
O=Cc1cn(-c2ccccc2)nc1C(=O)O,,,,,,,,,,,,,,csd_XEWNIZ,8.539669116,8.353325313,-0.124554768,-0.369560663,7.202041238,3.4672,2.8946,0.41752266,0.231178857,0.186343803,0.439507077,0.245005894,0.194501182,-0.575248996,-7.777290234
O=Cc1cn(-c2ccccc2)nc1-c1cn(-c2ccccc2)nn1,,,,,,,,,,,,,,csd_TANXEO01,7.860218064,7.713627803,-0.191235461,-0.363808255,7.063263098,3.4235,2.8605,0.309255384,0.162665123,0.146590261,0.29449973,0.172572794,0.121926936,-0.422048814,-7.485311912
O=Cc1cn(-c2ccccc2)nc1-c1ccccc1,,,,,,,,,,,,,,csd_MIKNIG,7.976719346,7.805024202,-0.161628396,-0.340538562,7.113604188,3.5166,2.9617,0.350597746,0.178902601,0.171695145,0.346132763,0.178910166,0.167222597,-0.542595316,-7.656199504
O=Cc1cn(-c2ccccc2)nc1-c1cccc(Cl)c1O,,,,,,,,,,,,,,csd_AZUVUN,7.728186174,7.453142051,-0.260592693,-0.609965028,7.58245661,3.9312,3.0832,0.646579055,0.371534932,0.275044124,0.684428208,0.349372335,0.335055873,-0.182860608,-7.765317218
O=Cc1cn(-c2ccccc2)nc1-c1ccc2ccc3cccc4ccc1c2c34,,,,,,,,,,,,,,csd_HITJOM,7.066635135,6.949463118,-0.68841114,-0.87957177,5.97698401,3.4661,2.0432,0.233444968,0.116272952,0.117172016,0.377493684,0.191160629,0.186333055,-0.876751308,-6.853735318
O=Cc1cn(-c2ccccc2)nc1-c1ccc2[nH]c3ccc(-c4nn(-c5ccccc5)cc4C=O)cc3c2c1,,,,,,,,,,,,,,csd_REPQOT,7.124956784,7.019142262,-0.250016438,-0.365218077,6.54025999,3.5119,2.9614,0.215824226,0.110009704,0.105814522,0.208793344,0.115201639,0.093591706,-0.445722732,-6.985982722
O=Cc1cn(-c2ccccc2)nc1-c1ccc(O)cc1,,,,,,,,,,,,,,csd_YAGTUX,7.829177612,7.544908171,0.033762272,-0.190102187,7.779467146,3.7036,3.0979,0.549377104,0.265107663,0.284269441,0.429335755,0.22386446,0.205471295,0.01496627,-7.764500876
O=Cc1cn2c(nc3ccc(Br)cc32)s1,,,,,,,,,,,,,,csd_FAQPAQ,7.966275312,7.807863875,-0.743347147,-0.97143147,6.21916547,3.3887,2.5281,0.33453423,0.176122793,0.158411437,0.459644628,0.228084322,0.231560306,-1.320297128,-7.539462598
O=Cc1cn(-c2ccccc2)nc1-c1ccc(O)c(O)c1,,,,,,,,,,,,,,csd_MIKNEC,7.391254674,7.19125317,-0.099809646,-0.303857187,6.475224744,3.5038,2.9573,0.41436456,0.214363055,0.200001504,0.383223725,0.20404754,0.179176184,-0.469668764,-6.944893508
O=Cc1cn(-c2ccccc2)nc1-c1ccc(Cl)cc1,,,,,,,,,,,,,,csd_EVEQUS,7.982908552,7.783947775,-0.241920503,-0.443832084,7.048841056,3.5209,2.9633,0.39558219,0.196621413,0.198960777,0.37508221,0.201911581,0.173170628,-0.625045858,-7.673886914
O=Cc1cn(-c2ccccc2)nc1-c1ccc(Br)cc1,,,,,,,,,,,,,,csd_AZUGIM01,7.952724579,7.773212606,-0.281559621,-0.465013438,7.009928754,3.5169,2.9592,0.366878245,0.187366272,0.179511973,0.352327765,0.183453817,0.168873948,-0.646542864,-7.656471618
O=Cc1cn(-c2ccccc2)cn1,,,,,,,,,,,,,,csd_NUCMAB,8.951192207,8.693701722,0.417452536,0.067577008,9.602086718,3.8743,3.2139,0.531862677,0.274372192,0.257490485,0.626858654,0.349875528,0.276983126,0.518105056,-9.083981662
O=Cc1cn(-c2ccccc2)cc1-c1ccccc1,,,,,,,,,,,,,,csd_LOTGAE,7.727870223,7.510502512,0.126605365,-0.110957858,7.1293868,3.5517,2.9943,0.441912265,0.224544554,0.217367711,0.434842063,0.237563223,0.19727884,-0.228303646,-7.357690446
O=Cc1cn(-c2ccccc2)cc(C(=O)O)c1=O,,,,,,,,,,,,,,csd_BIBSAJ,8.370985403,8.267141448,-0.699728988,-0.928116417,6.092088232,2.4889,2.2945,0.212857231,0.109013277,0.103843954,0.458103184,0.22838743,0.229715754,-1.176620936,-7.268709168
O=Cc1cn(-c2ccccc2)c2ccccc12,,,,,,,,,,,,,,csd_MOFFUL,7.881987837,7.730766522,0.259881442,-0.058317132,8.199339048,3.7735,2.9642,0.331305979,0.180084664,0.151221315,0.655498,0.318198574,0.337299426,0.294699462,-7.904639586
O=Cc1cn(-c2ccccc2)c2c1C(=O)c1ccccc1C2=O,,,,,,,,,,,,,,csd_LEWDOH,8.78520049,8.551900559,-1.488606168,-1.727848797,7.271430308,3.1257,2.619,0.473051141,0.23975121,0.233299931,0.472270174,0.239242629,0.233027545,-1.401931328,-8.673361636
O=Cc1cn(-c2ccccc2)c(=NN=Cc2ccccc2O)s1,,,,,,,,,,,,,,csd_KOHNEB,7.011484702,6.83148891,-0.669470101,-0.826181098,5.81235504,3.1797,2.1437,0.380691023,0.200695232,0.179995792,0.336004735,0.156710997,0.179293738,-0.967637384,-6.779992424
O=Cc1cn(-c2ccccc2)c(=NN=Cc2cccc(O)c2O)s1,,,,,,,,,,,,,,csd_KOHNOL,7.08541345,6.85320524,-0.459426665,-0.699413798,6.686929436,3.4326,2.2283,0.491787823,0.259579613,0.23220821,0.650714372,0.239987133,0.410727239,-0.457967862,-7.144897298
O=Cc1cn(-c2ccccc2)c(=NN=Cc2ccc(O)cc2O)s1,,,,,,,,,,,,,,csd_PANZUB,6.932446742,6.673387683,-0.438702191,-0.700790967,6.451006598,3.4128,2.2083,0.542854096,0.283795038,0.259059059,0.677196778,0.262088776,0.415108002,-0.501778216,-6.952784814
O=Cc1cn(-c2ccccc2)c(-c2ccccc2)c1-c1c[nH]c2ccccc12,,,,,,,,,,,,,,csd_XETLAL,7.365212765,6.912117649,0.642214619,0.265142711,8.82465702,3.9395,2.9797,0.817011945,0.363916828,0.453095117,0.751478186,0.377071907,0.374406279,1.007093914,-7.817563106
O=Cc1cn2c(c1-c1ccccc1)c(=O)[nH]c1ccccc12,,,,,,,,,,,,,,csd_AZEJIY,7.677625733,7.509317836,-0.03220676,-0.433914209,6.839857504,3.4982,2.9422,0.334357492,0.166049596,0.168307897,0.546413565,0.401707449,0.144706116,-0.575793224,-7.415650728
O=Cc1cn2ccccc2c1-c1ccccc1,,,,,,,,,,,,,,csd_GIVCIZ,7.15139704,6.979227084,-0.1699928,-0.400325681,6.21508376,3.145,2.2503,0.336175513,0.164005557,0.172169956,0.466551317,0.230332882,0.236218435,-0.592664292,-6.807748052
O=Cc1cn(-c2ccc(O)cc2)cc1-c1ccccc1,,,,,,,,,,,,,,csd_MODFOC,7.718155971,7.442580218,0.447842255,0.119243484,7.749534606,3.6528,3.0702,0.525254634,0.249678881,0.275575753,0.577555951,0.328598771,0.24895718,0.196738422,-7.552796184
O=Cc1cnc2c(=O)oc3ccccc3c2c1,,,,,,,,,,,,,,csd_IQULOX,8.670829534,8.525365444,-1.265721999,-1.510465031,6.44502009,2.9485,2.5794,0.307211373,0.161747283,0.14546409,0.491026312,0.244743032,0.246283279,-1.770917912,-8.215938002
O=Cc1cncn1-c1ccc(Cl)cc1,,,,,,,,,,,,,,csd_IKARES,9.054848321,8.680180541,0.036303817,-0.391035165,9.23690973,3.8922,3.1716,0.741042614,0.366374834,0.37466778,0.833537972,0.427338982,0.40619899,0.11700902,-9.11990071
O=Cc1cncc(C=O)c1C#Cc1cc(O)cc(O)c1,,,,,,,,,,,,,,csd_NUVLEX,8.521937324,8.305717554,-1.264411879,-1.489018638,7.349254912,3.3068,2.6024,0.440888327,0.224668557,0.216219771,0.449411346,0.22460676,0.224804586,-1.183423786,-8.532678698
O=Cc1cnc2ncccn12,,,,,,,,,,,,,,csd_WOCNAG,8.835486014,8.677532082,-0.303062478,-0.47775904,7.177550978,3.6259,2.9568,0.314265901,0.156311969,0.157953932,0.372609074,0.174696562,0.197912512,-0.96056242,-8.138113398
O=Cc1cnc2cnccn12,,,,,,,,,,,,,,csd_BECXAI,8.919124715,8.793908165,-0.392078505,-0.542123334,7.151428034,3.5748,2.8936,0.251655871,0.126439321,0.12521655,0.305355365,0.15004483,0.155310535,-1.083557948,-8.234985982
O=Cc1cnc2ccccn2c1=O,,,,,,,,,,,,,,csd_XAXZOO,8.395318136,8.277862005,-0.875329213,-1.084514429,6.238757678,2.9596,2.4714,0.2430067,0.12555057,0.117456131,0.42709125,0.209185216,0.217906034,-1.40410824,-7.642865918
O=Cc1cnc2ccccn12,,,,,,,,,,,,,,csd_KAPCOW,8.360775032,8.255691817,0.017257932,-0.10897246,7.088297586,3.6814,2.8831,0.213628157,0.108544941,0.105083216,0.253455823,0.126230392,0.127225431,-0.63130448,-7.719602066
O=Cc1cnc2ccccc2c1,,,,,,,,,,,,,,csd_FASSUP,9.250722618,8.825761041,-0.610294286,-0.821367728,8.39607747,3.611,2.6607,0.910497281,0.485535704,0.424961577,0.420854941,0.211073442,0.209781499,-0.60953536,-9.00561283
O=Cc1cnc2ccc(Cl)cc2c1-c1ccccc1Cl,,,,,,,,,,,,,,csd_DUSXEV,8.685751531,8.483737635,-0.966545118,-1.189618189,7.817290992,3.3722,2.6392,0.409360955,0.207347058,0.202013896,0.449211233,0.223073071,0.226138163,-0.897704086,-8.714995078
O=Cc1cnc2cc(Br)ccc2n1,,,,,,,,,,,,,,csd_SEHFET,9.074262294,8.731792403,-1.269449906,-1.465494437,7.35115971,2.9581,2.4289,0.729828252,0.387358361,0.342469891,0.39278513,0.196044531,0.196740599,-1.414720686,-8.765880396
O=Cc1cnc2c(O)cccn12,,,,,,,,,,,,,,csd_FERTED,7.991279867,7.868080199,0.111417159,-0.048237758,6.83550368,3.6759,2.8053,0.251971387,0.128771719,0.123199668,0.319650982,0.159654917,0.159996066,-0.540690518,-7.376194198
O=Cc1cnc2c(F)cc(F)cc2n1,,,,,,,,,,,,,,csd_COJCAH,9.305645999,9.082859981,-1.234963348,-1.500480216,8.138113398,3.1603,2.5727,0.446329274,0.223543256,0.222786018,0.531109683,0.265516868,0.265592815,-1.215533238,-9.353646636
O=Cc1cnc2c(Br)cc(Br)cc2c1,,,,,,,,,,,,,,csd_AZUJEL,8.688288449,8.53311789,-1.118062003,-1.316631752,7.428984314,3.4079,2.5719,0.314225546,0.159054987,0.155170559,0.39836646,0.198569749,0.199796711,-1.185872812,-8.614857126
O=Cc1cnc(Nc2ncccn2)s1,,,,,,,,,,,,,,csd_ILOKUQ,8.058692247,7.898956376,-0.29800445,-0.469050358,6.744617604,3.4003,2.6898,0.351310766,0.191574896,0.15973587,0.347761665,0.171045908,0.176715757,-0.789402714,-7.534020318
O=Cc1cn2ccccc2nc1=O,,,,,,,,,,,,,,csd_TIBLAR,8.446667544,8.354108457,-1.079939866,-1.258150345,5.899975748,2.4509,2.2223,0.19332682,0.100767733,0.092559087,0.3579353,0.178210479,0.179724821,-1.616629274,-7.516605022
O=Cc1cnc(Nc2ccccc2F)s1,,,,,,,,,,,,,,csd_LAVVAG,7.912708038,7.794787436,-0.230034563,-0.446450093,7.700281972,3.7421,2.558,0.240159653,0.122239051,0.117920602,0.436851816,0.21641553,0.220436286,-0.248440082,-7.948722054
O=Cc1cnc(Nc2ccccc2)s1,,,,,,,,,,,,,,csd_WAMMIH,7.68773817,7.594258412,-0.260784289,-0.464603253,6.453455624,3.4508,2.5187,0.187905139,0.094425381,0.093479758,0.528624412,0.203818964,0.324805447,-0.77416433,-7.227619954
O=Cc1cnc(NC(=O)c2cccs2)s1,,,,,,,,,,,,,,csd_ROLJOU,8.366205067,8.123140869,-0.726223013,-0.87608354,6.698630338,3.3686,2.7493,0.528721039,0.285656842,0.243064198,0.313942276,0.149860527,0.164081749,-1.13471538,-7.833345718
O=Cc1cnc(NC(=O)c2ccco2)s1,,,,,,,,,,,,,,csd_ROLKAH,8.354153954,8.129121663,-0.576622627,-0.716765147,6.799584632,3.3729,2.7526,0.49236933,0.267337039,0.225032291,0.283128903,0.14014252,0.142986383,-1.025053438,-7.82463807
O=Cc1cnc(NC(=O)c2ccc(O)cc2)s1,,,,,,,,,,,,,,csd_ROLJUA,8.179227919,7.973037073,-0.505035693,-0.65473921,6.817544156,3.3851,2.7632,0.468340303,0.262149457,0.206190846,0.299289753,0.149703517,0.149586236,-0.904234822,-7.721778978
O=Cc1cnc(C(=O)O)cc1-c1ccc(Br)cc1,,,,,,,,,,,,,,csd_IQULIR,9.214307397,9.001127031,-1.039495072,-1.368811789,8.694314414,3.5503,2.93,0.427941443,0.214761076,0.213180366,0.653923956,0.329316717,0.32460724,-0.752667324,-9.446981738
O=Cc1cnc(-c2ccccc2)nc1-c1ccccc1,,,,,,,,,,,,,,csd_ZAHNII,8.509877504,8.237306026,-1.054564582,-1.221580427,6.600397184,3.051,2.6791,0.711234702,0.438663224,0.272571478,0.324643866,0.167015845,0.157628021,-1.392135224,-7.992532408
O=Cc1cnc(-c2ccc3c(c2)c2ccccc2n3-c2ccccc2)s1,,,,,,,,,,,,,,csd_NUGCOJ,7.552172499,7.429270306,-0.639438512,-0.892712427,7.700554086,3.851,2.4067,0.286171953,0.163269761,0.122902193,0.507628939,0.253273915,0.254355024,-0.288985068,-7.989539154
O=Cc1cnc(-c2ccc(N(c3ccccc3)c3ccccc3)cc2)s1,,,,,,,,,,,,,,csd_NUGCEZ,7.240616935,7.154210128,-0.699269033,-1.122077317,8.018927466,4.1317,1.9548,0.174160307,0.0877535,0.086406807,0.819486005,0.422808284,0.396677721,-0.073742894,-8.09267036
O=Cc1cnc(-c2ccc(Cl)cc2)o1,,,,,,,,,,,,,,csd_HEXSOV,8.717761389,8.488578815,-0.641106026,-0.881939434,8.133759574,3.7189,2.6539,0.475212815,0.24603024,0.229182574,0.482780033,0.240833407,0.241946626,-0.61089593,-8.744655504
O=Cc1cn[nH]c1Oc1ccccc1,,,,,,,,,,,,,,csd_OCEPOD,8.416569015,8.24153446,0.410903133,0.197803041,7.539734712,3.7079,3.103,0.313936616,0.138902061,0.175034555,0.40531734,0.213100093,0.192217248,-0.18503752,-7.724772232
O=Cc1cn[nH]c1Oc1ccc(Cl)cc1Cl,,,,,,,,,,,,,,csd_OBUGUP,8.897437719,8.655581979,0.309929138,0.006966391,9.355007206,3.9398,3.2707,0.482769965,0.240914225,0.24185574,0.596275245,0.302962748,0.293312497,0.383952854,-8.971054352
O=Cc1cn(-c2cccc(-n3ccc4ccccc43)n2)c2ccccc12,,,,,,,,,,,,,,csd_FITRIL,7.499658851,7.446095659,-0.397244262,-0.611768327,6.62733647,3.5833,2.9408,0.131901819,0.078338627,0.053563192,0.418855556,0.214524065,0.204331491,-0.626406428,-7.253742898
O=Cc1cn(-c2ccc(F)cc2)cc1-c1ccccc1,,,,,,,,,,,,,,csd_NIHHIX,7.769782228,7.553595328,0.12633902,-0.136979739,7.159047226,3.5542,2.9948,0.438467492,0.222280593,0.216186899,0.47908331,0.263318759,0.215764551,-0.245718942,-7.404766168
O=Cc1cnn(-c2ccc3ccccc3n2)c1,,,,,,,,,,,,,,csd_LOLVOZ,8.411724324,8.241610761,-0.685363328,-0.798051585,6.767747294,3.6194,2.8297,0.351346685,0.181233121,0.170113564,0.226062161,0.112688258,0.113373903,-1.040019708,-7.807767002
O=Cc1ccccc1-c1cccc2nc(-c3ccccc3)oc12,,,,,,,,,,,,,,csd_AVIFUI,7.967260664,7.819481727,-0.611075661,-0.746668979,6.81509513,3.3476,2.8079,0.313011265,0.165232328,0.147778936,0.287331105,0.135593318,0.151737787,-0.86396195,-7.67905708
O=Cc1ccccc1NC(=O)c1ccc(Cl)cc1,,,,,,,,,,,,,,csd_QEGZIO,8.181821437,8.012160807,-0.780855069,-0.92906985,6.592505878,3.5286,2.7465,0.374487369,0.204826739,0.16966063,0.321011525,0.148214781,0.172796744,-1.20002274,-7.792528618
O=Cc1ccccc1NC(=O)C=Cc1ccc(O)cc1,,,,,,,,,,,,,,csd_CEGQAJ,8.013629597,7.756491717,-0.398599526,-0.660927844,8.176481472,4.0674,2.3917,0.529275254,0.272137375,0.257137879,0.571981016,0.262328318,0.309652698,-0.141227166,-8.317708638
O=Cc1ccccc1NC(=O)C(=O)c1ccccc1,,,,,,,,,,,,,,csd_FOKKAU,8.384442773,8.053145774,-1.116377427,-1.326169185,6.275220954,2.6561,2.1997,0.557714188,0.226417188,0.331296999,0.463268479,0.209791758,0.253476722,-1.477306906,-7.75252786
O=Cc1ccccc1NC(=O)C(=O)Nc1ccccc1C=O,,,,,,,,,,,,,,csd_HISGAS,8.599590986,8.483859814,-0.671278027,-0.913086418,7.965593122,3.72,2.9301,0.235899164,0.120167991,0.115731173,0.590591328,0.241808392,0.348782936,-0.641372698,-8.60696582
O=Cc1ccccc1C=C(c1ccc(O)cc1)c1ccc(Cl)cc1,,,,,,,,,,,,,,csd_MOFVOV,7.331002321,7.114576996,-0.521868121,-0.931706907,6.366379144,3.2436,2.5341,0.443479424,0.227054099,0.216425326,0.752282555,0.409838787,0.342443768,-0.747497158,-7.113876302
O=Cc1ccccc1C(=O)c1ccccc1,,,,,,,,,,,,,,csd_HOBRUL,8.91685289,8.629820702,-0.337270963,-0.814271621,8.63689836,3.7149,3.0979,0.768219238,0.48118705,0.287032187,0.907398419,0.477000658,0.430397761,-0.281910104,-8.918808464
O=Cc1ccccc1C(=O)c1ccc(Cl)cc1,,,,,,,,,,,,,,csd_HOBSAS,8.431276232,8.130115695,-0.629070152,-1.069862722,6.809108622,3.3467,2.8742,0.893475979,0.592315442,0.301160537,0.802195882,0.440792571,0.361403311,-1.093354052,-7.902462674
O=Cc1ccccc1C#Cc1ccccc1NC(=O)Nc1ccccc1,,,,,,,,,,,,,,csd_LIYLIQ,7.787024024,7.458001463,-1.205610601,-1.568891771,7.772392182,4.0215,1.9891,0.631280534,0.302257973,0.329022561,0.72900293,0.36328117,0.36572176,-0.560282726,-8.332674908
O=Cc1ccccc1C#Cc1ccccc1,,,,,,,,,,,,,,csd_JACLEH,7.918915258,7.798818642,-0.706449904,-0.870716282,6.466517096,3.2244,2.5655,0.240684588,0.120587972,0.120096616,0.327701829,0.164266378,0.163435451,-1.074033958,-7.540551054
O=Cc1ccccc1-n1ccc(C=O)c1-c1ccccc1,,,,,,,,,,,,,,csd_GITVEN,8.126232846,7.82809985,-0.617238717,-0.866506706,7.616198746,3.5289,2.9192,0.576950226,0.278817229,0.298132996,0.501270887,0.249267989,0.252002898,-0.634841962,-8.251040708
O=Cc1ccccc1-c1ccccc1C=Cc1ccccc1,,,,,,,,,,,,,,csd_NAYFOL,7.339625124,7.089357116,-0.41673636,-0.658463716,6.255084518,3.1433,2.6783,0.51287546,0.262607453,0.250268008,0.463208941,0.241727356,0.221481585,-0.839199576,-7.094284094
O=Cc1ccccc1-c1ccccc1,,,,,,,,,,,,,,csd_IPANAQ,8.838987224,8.529540788,-0.065698905,-0.335435799,8.96751687,3.6649,3.0305,0.568343205,0.25889677,0.309446435,0.544104624,0.269736894,0.27436773,0.040544986,-8.926971884
O=Cc1ccccc1-c1cccc2ccccc12,,,,,,,,,,,,,,csd_DIJXIF,7.826853404,7.70646628,-0.271325196,-0.497433562,6.735909956,3.3088,2.6973,0.257543656,0.137156531,0.120387125,0.448599739,0.226108366,0.222491373,-0.73198666,-7.467896616
O=Cc1ccccc1NC(=O)c1ccccc1,,,,,,,,,,,,,,csd_XAMNEH,8.1615078,7.968393366,-0.649263351,-0.808656494,6.62189419,3.5348,2.7472,0.414197454,0.221083019,0.193114435,0.343013221,0.159393143,0.183620078,-1.100973244,-7.722867434
O=Cc1ccccc1-c1ccc(N(c2ccccc2)c2ccccc2)cc1,,,,,,,,,,,,,,csd_ZIXYOX,6.724431099,6.675021999,-0.312558848,-0.604767106,5.86269613,3.2663,2.752,0.097727566,0.048318467,0.0494091,0.579756564,0.292208258,0.287548306,-0.701237778,-6.563933908
O=Cc1ccccc1-c1ccc(C(=C(c2ccccc2)c2ccccc2)c2ccccc2)cc1,,,,,,,,,,,,,,csd_FOBTAU,6.991516432,6.780095011,-0.610807493,-0.984664101,6.185423334,3.3009,2.4224,0.426636928,0.215215507,0.211421421,0.740299471,0.373856608,0.366442862,-0.763823998,-6.949247332
O=Cc1ccccc1-c1c(C=Cc2ccc(F)cc2)ccc2ccccc12,,,,,,,,,,,,,,csd_QAQDEU,7.190105502,7.042039839,-0.790167354,-0.945002125,6.099979538,3.2098,2.1589,0.298087553,0.15002189,0.148065663,0.320323349,0.154834771,0.165488578,-0.915935724,-7.015915262
O=Cc1ccccc1-c1c(-c2ccc3ccccc3c2)ccc2ccccc12,,,,,,,,,,,,,,csd_RIVNAO,7.402700006,7.28024789,-0.542574635,-0.679984858,6.525565834,3.282,2.592,0.244812258,0.122360142,0.122452116,0.296732426,0.137410223,0.159322203,-0.72382324,-7.249389074
O=Cc1cccc2sc(-c3ccccc3)nc12,,,,,,,,,,,,,,csd_HUJBIZ,8.405491254,8.211858197,-0.769826016,-0.967523368,7.638512094,3.4149,2.7609,0.392270291,0.198637233,0.193633057,0.400918346,0.197697352,0.203220994,-0.775797014,-8.414309108
O=Cc1cccc2ncoc12,,,,,,,,,,,,,,csd_KOJROT,9.204770264,8.97318495,-0.407451476,-0.564953808,7.041221864,3.3702,2.8273,0.424457132,0.192871818,0.231585314,0.315879455,0.157502332,0.158377124,-1.08981657,-8.131038434
O=Cc1cccc2ccccc12,,,,,,,,,,,,,,csd_NOJNAE,8.469854405,8.339904269,-0.447966149,-0.660102903,8.166957482,3.6728,2.3649,0.260360036,0.1304099,0.129950136,0.42146483,0.212136755,0.209328076,-0.375789434,-8.542746916
O=Cc1cccc2cccc(O)c12,,,,,,,,,,,,,,csd_IBIZIE,7.54988217,7.375120654,-0.82626578,-1.025830514,5.5647313,2.5291,1.7937,0.378711476,0.20394996,0.174761516,0.405730083,0.199564734,0.206165349,-1.394040022,-6.958771322
O=Cc1cccc2ccc3ccc4ccc5ccc6ccccc6c5c4c3c12,,,,,,,,,,,,,,csd_FHXHLB,7.161712583,7.038992706,-0.76902328,-0.925789516,6.050182676,3.008,2.2651,0.264689914,0.141970037,0.122719877,0.301849802,0.156766236,0.145083566,-0.954031684,-7.00421436
O=Cc1cccc2ccc(O)cc12,,,,,,,,,,,,,,csd_RUVLUR,7.922827631,7.796545619,-0.445848177,-0.61918942,6.398216482,3.3267,2.4329,0.255509032,0.12922702,0.126282012,0.344987245,0.173341244,0.171646001,-0.969814296,-7.368030778
O=Cc1cccc2cc3ccccc3cc12,,,,,,,,,,,,,,csd_PEPGIA01,7.427456067,7.352704882,-0.984021912,-1.105402416,5.72255742,2.9748,1.735,0.150363448,0.075612263,0.074751185,0.241678539,0.121380504,0.120298035,-1.34560373,-7.06816115
O=Cc1cccc2cc3c(C=O)cccc3cc12,,,,,,,,,,,,,,csd_MENHUJ,7.659053572,7.576348521,-1.35725274,-1.483090063,5.657522174,2.9381,1.6999,0.168894656,0.086189606,0.08270505,0.250919258,0.125837323,0.125081935,-1.681120292,-7.338642466
O=Cc1ccccc1NC(=O)c1ccc2ccccc2c1,,,,,,,,,,,,,,csd_XAFCAL,8.077605639,7.928150943,-0.608195797,-0.81190793,7.447488066,3.8447,2.5858,0.306005853,0.156551157,0.149454696,0.458447272,0.203712132,0.25473514,-0.632937164,-8.08042523
O=Cc1ccccc1NC(=O)c1ccccc1NC(=O)c1cccc(C(=O)Nc2ccccc2C(=O)Nc2ccccc2C=O)n1,,,,,,,,,,,,,,csd_ZAZBOR,7.577118005,7.45937591,-1.209798163,-1.339247419,6.158484048,3.3708,2.731,0.443842968,0.326100873,0.117742095,0.440424945,0.129449256,0.310975689,-1.301521262,-7.46000531
O=Cc1cn(-c2ccc(Cl)cc2)nn1,,,,,,,,,,,,,,csd_ISOBUO,8.849334767,8.625063578,-0.447490929,-0.664717086,7.207755632,3.5345,2.9504,0.478998192,0.254727004,0.224271189,0.389858816,0.217226157,0.172632659,-0.92246646,-8.130222092
O=Cc1ccn(-c2ccccc2Cl)c1,,,,,,,,,,,,,,csd_EJEDAY,8.533675724,8.273314599,0.433007933,0.145889023,9.201807024,3.9708,3.3136,0.522804193,0.262443068,0.260361124,0.565888274,0.28711891,0.278769364,0.54558857,-8.656218454
O=Cc1cn(-c2ccc(Cl)cc2)cc1-c1ccccc1,,,,,,,,,,,,,,csd_WIJDUQ,7.781227724,7.570876255,-0.066956099,-0.292139141,7.056188134,3.5392,2.9836,0.42788838,0.217536911,0.210351469,0.412297337,0.225183043,0.187114294,-0.382592284,-7.438780418
O=Cc1cn(-c2ccc(Cl)cc2)cc1-c1cc2ccccc2oc1=O,,,,,,,,,,,,,,csd_FIBGOO,7.924790444,7.623967601,-0.296961546,-0.652779717,7.707084822,3.8271,2.6626,0.61388864,0.313065796,0.300822843,0.690481112,0.355818171,0.33466294,-0.259596756,-7.966681578
O=Cc1cn(-c2ccc(Br)cc2)nn1,,,,,,,,,,,,,,csd_ISOCAV,9.023218878,8.729435624,-0.359737157,-0.61009401,8.395261128,3.7072,3.0703,0.559730335,0.26594708,0.293783254,0.447206298,0.250356853,0.196849445,-0.452525582,-8.84778671
O=Cc1cn(-c2cc3c(cn2)CCC3)c2ccccc12,,,,,,,,,,,,,,csd_PEFGIT,7.689341003,7.577494883,0.033714081,-0.23136052,7.778106576,3.8093,2.9275,0.260811745,0.148965626,0.111846119,0.508384436,0.265074601,0.243309835,0.075103464,-7.703003112
O=Cc1ccnc2ccc(O)cc12,,,,,,,,,,,,,,csd_MESCET,8.361207993,8.172595684,-0.785345875,-1.036284889,7.607218984,3.5054,2.4458,0.376111182,0.187498873,0.188612309,0.499083961,0.250939014,0.248144947,-0.776613356,-8.38383234
O=Cc1ccnc2c(-c3ccccc3)ccnc12,,,,,,,,,,,,,,csd_KEMVAC,8.214690767,8.029725929,-1.211021724,-1.39129861,6.04773365,2.556,2.1986,0.396645176,0.211680338,0.184964838,0.365937138,0.180276886,0.185660253,-1.625064808,-7.672798458
O=Cc1ccn2ccccc12,,,,,,,,,,,,,,csd_WITNOC,7.630124071,7.51448158,0.23398838,0.081835673,6.716317748,3.5907,2.5287,0.23624932,0.12060683,0.115642491,0.311904115,0.152152706,0.159751408,-0.328169484,-7.044487232
O=Cc1ccn2cccc2c1,,,,,,,,,,,,,,csd_FOLQAB,7.641635963,7.508517195,-0.154090131,-0.33066564,6.283656488,3.458,2.2099,0.271937969,0.138819202,0.133118767,0.352364555,0.176575509,0.175789045,-0.773620102,-7.05727659
O=Cc1ccn2c1ccc1ccc(C=Cc3cccnc3N(C=O)C=O)nc12,,,,,,,,,,,,,,csd_RACTUM,7.314397109,7.149758342,-1.414494831,-1.661045082,5.507859474,2.922,1.9552,0.341571915,0.176933149,0.164638766,0.476207391,0.24655025,0.229657141,-1.570369894,-7.078229368
O=Cc1ccn2c1Cc1ccccc1C=C2c1ccccc1,,,,,,,,,,,,,,csd_YAQBIE,7.88021632,7.618032277,-0.205838594,-0.628501053,8.17022285,3.9567,2.73,0.563247109,0.301063066,0.262184043,0.922016955,0.422662458,0.499354497,0.063130448,-8.107092402
O=Cc1ccn2c1-c1cccc(F)c1Oc1c(Cl)cc(Cl)cc1-2,,,,,,,,,,,,,,csd_BIRQOL,8.030926061,7.825051955,-0.613731902,-0.860336303,6.781625108,3.4459,2.8333,0.442344981,0.236470876,0.205874105,0.496350086,0.246604401,0.249745685,-0.870220572,-7.65184568
O=Cc1ccn2c(-c3ccc(Cl)cc3)ccc2c1,,,,,,,,,,,,,,csd_FOLQEF,7.361631201,7.176350955,-0.434218568,-0.693730425,6.905164864,3.5061,2.1524,0.364208262,0.178928016,0.185280246,0.500942826,0.259511856,0.24143097,-0.488988858,-7.394153722
O=Cc1ccn(-c2ccc(Cl)cc2)c1-c1c[nH]c2ccccc12,,,,,,,,,,,,,,csd_GEZKOO,7.276826329,7.007820143,0.119470563,-0.140288917,6.832238312,3.5915,2.9736,0.533970663,0.264964477,0.269006186,0.546676754,0.25975948,0.286917274,-0.142587736,-6.974826048
O=Cc1ccccc1NN=C1C=CC=N1,,,,,,,,,,,,,,csd_CINHAK,7.722536217,7.621388341,-1.140664799,-1.341270369,6.185695448,3.2339,1.7156,0.205320761,0.104172886,0.101147876,0.416269031,0.20060557,0.215663461,-1.343698932,-7.52939438
O=Cc1cccn2c(C(=O)O)cnc12,,,,,,,,,,,,,,csd_BAXXIK,8.492160243,8.342598225,-0.72513004,-0.945192469,6.625431672,3.1127,2.5199,0.307172297,0.157610279,0.149562018,0.441059759,0.220062429,0.220997331,-1.308324112,-7.933755784
O=Cc1cccn2c(C(=O)O)c(-c3ccc(Br)cc3)nc12,,,,,,,,,,,,,,csd_BAXXUW,8.1016923,7.938098451,-0.992446289,-1.178860162,6.394679,3.1103,2.5399,0.338478251,0.174884402,0.163593848,0.365747067,0.186413873,0.179333194,-1.394856364,-7.789535364
O=Cc1cccn2c(-c3ccccc3)ccc12,,,,,,,,,,,,,,csd_FOLQUV,7.207728829,7.020598725,-0.416274174,-0.682812313,6.729651334,2.9794,2.0046,0.366826924,0.17969682,0.187130104,0.533622928,0.266538139,0.267084789,-0.49252634,-7.222177674
O=Cc1cccn2c(-c3ccc(Cl)cc3)ccc12,,,,,,,,,,,,,,csd_FOLQOP,7.189176232,7.013863795,-0.572616021,-0.821357333,5.81235504,2.7025,1.935,0.341898452,0.166586014,0.175312438,0.497458678,0.248741312,0.248717366,-1.035937998,-6.848293038
O=Cc1cccn(-c2ccccc2)c1=O,,,,,,,,,,,,,,csd_NOLBIA,8.187468456,8.083812668,-0.644381517,-0.91198471,6.462435386,2.8928,2.3481,0.211781972,0.108126185,0.103655787,0.525907299,0.267603193,0.258304106,-1.151314334,-7.61374972
O=Cc1ccccc1Oc1nc(O)cc(O)n1,,,,,,,,,,,,,,csd_GAQLOB,9.018924184,8.547652288,-0.068187251,-0.396544331,9.038538624,3.6844,3.0466,0.87446721,0.403195314,0.471271896,0.619821786,0.328357079,0.291464707,-0.007347078,-9.045885702
O=Cc1ccccc1OC1=NCc2ccccc2O1,,,,,,,,,,,,,,csd_WIGHUP,7.947707096,7.679149925,-0.193777713,-0.496628186,6.665704544,3.4342,2.896,0.601469275,0.332912104,0.268557171,0.617788033,0.302850474,0.31493756,-0.809267036,-7.47497158
O=Cc1ccccc1OC(=O)c1cccc2ccccc12,,,,,,,,,,,,,,csd_TEHCUE,7.941302975,7.748999575,-0.622808101,-0.802588379,6.59060108,3.3964,2.5415,0.384851184,0.192547785,0.192303399,0.38453447,0.179780278,0.204754193,-0.913486698,-7.504087778
O=Cc1ccccc1OC(=O)C=Cc1ccc(O)cc1,,,,,,,,,,,,,,csd_CEGQEN,7.923289654,7.646656139,-0.2911813,-0.652527685,7.49265899,3.6,2.5143,0.60501122,0.328377706,0.276633514,0.905408123,0.361346385,0.544061738,-0.314019556,-7.806678546
O=Cc1ccccc1OC(=O)C=Cc1ccc(F)cc1,,,,,,,,,,,,,,csd_CEGYOE,8.341160293,8.209599542,-0.912845625,-1.204919812,6.606383692,3.3738,2.5619,0.260217475,0.128656724,0.131560752,0.61795756,0.292074188,0.325883373,-1.258255136,-7.864638828
O=Cc1ccccc1Nc1n[nH]c2ccccc12,,,,,,,,,,,,,,csd_GOZGAF,6.951679677,6.824457702,-0.215214745,-0.405792696,5.933989998,3.0818,2.3417,0.277899606,0.150677631,0.127221975,0.40663674,0.190577952,0.216058788,-0.672937922,-6.60692792
O=Cc1ccccc1Nc1c(C(=O)c2ccccc2)[se][nH]c1=O,,,,,,,,,,,,,,csd_DATFAI,7.201826268,7.045594736,-1.266263723,-1.492452227,5.327720006,2.3784,1.6841,0.323554158,0.167322626,0.156231532,0.460471583,0.226188504,0.234283079,-1.512409612,-6.840129618
O=Cc1cnn(-c2ccc(F)cc2)n1,,,,,,,,,,,,,,csd_NAFMAL,8.689065308,8.467574036,-0.366037902,-0.589041448,7.139999246,3.5358,2.9324,0.455934245,0.234442973,0.221491272,0.452532657,0.223003546,0.229529111,-0.974712348,-8.114711594
O=Cc1cnn(-c2ccccc2)c1,,,,,,,,,,,,,,csd_YAXBEG,8.544841976,8.367103125,-0.032261863,-0.236647614,7.29401577,3.5942,3.0283,0.367750914,0.190012063,0.177738851,0.385552694,0.204385751,0.181166943,-0.546677026,-7.840692796
O=Cc1cccc2c1cc(-c1ccccc1)c1ccccc12,,,,,,,,,,,,,,csd_ZAVYUQ,7.581965227,7.39886241,-0.760531065,-0.928855751,6.301616012,3.2582,2.465,0.351566363,0.168463546,0.183102817,0.331486227,0.168324686,0.163161541,-1.060428258,-7.36204427
O=Cn1c2ccccc2c2c(=O)c3ccccc3oc21,,,,,,,,,,,,,,csd_GOYSIY,8.095871455,7.859153364,-0.25236734,-0.403886075,7.804773748,3.8967,3.1824,0.485089383,0.248371292,0.236718091,0.332375659,0.151518735,0.180856924,-0.29660426,-8.101378008
O=Cn1cc(CC2CC=CCC2)c2ccccc21,,,,,,,,,,,,,,csd_CUMMOM10,7.832568316,7.633369929,0.443081594,0.277360167,7.344084746,4.3052,3.0871,0.437617245,0.238418858,0.199198387,0.335927046,0.165721426,0.17020562,-0.041361328,-7.385446074
O=Cn1cc(C2=CCCCC2=Cc2ccccc2)c2ccccc21,,,,,,,,,,,,,,csd_VAVXOH,7.249013611,7.024499425,-0.033205935,-0.325649327,6.800400974,4.1816,2.4049,0.44221023,0.217696044,0.224514186,0.577829943,0.292443392,0.285386551,-0.23809975,-7.038500724
O=Cn1cc(C(=Cc2ccc(Cl)cc2)c2ccccc2)c2ccccc21,,,,,,,,,,,,,,csd_LIPDEV,7.228385139,6.975050542,-0.568315531,-0.859059816,6.361753206,3.6822,2.3562,0.492800631,0.239466034,0.253334597,0.554208325,0.290744285,0.26346404,-0.709945426,-7.071698632
O=Cn1cc(-c2ccccc2)c2cc(Cl)ccc21,,,,,,,,,,,,,,csd_HERVOS,7.807494344,7.594875349,-0.107924222,-0.338731589,7.021085428,4.1717,2.91,0.42498057,0.212361575,0.212618995,0.449362801,0.230807367,0.218555434,-0.46123323,-7.482318658
O=Cn1cc(-c2ccccc2)c(-c2ccccc2)c1N1CCOC1=O,,,,,,,,,,,,,,csd_HUYLIY,7.84049116,7.438565176,-0.145493641,-0.338597165,7.064351554,3.9366,2.9058,0.943487539,0.541561555,0.401925984,0.390586993,0.193103523,0.19748347,-0.528173274,-7.592524828
O=Cn1cc(-c2ccccc2)c(-c2ccccc2)c1,,,,,,,,,,,,,,csd_WIBJOH,7.864776953,7.61045861,0.103330149,-0.056938603,7.178095206,4.0829,2.9662,0.525821502,0.271503158,0.254318343,0.320478563,0.160268751,0.160209811,-0.350210718,-7.528305924
O=Cn1cc(-c2c[nH]c3ccc(O)cc23)c2ccccc21,,,,,,,,,,,,,,csd_EZEMED,7.143270437,6.88846667,0.392892289,0.189917395,7.477420606,4.2725,2.8377,0.514204601,0.259400834,0.254803767,0.437712267,0.202974894,0.234737373,0.339598272,-7.137822334
O=Cn1c2ccsc2c2sccc21,,,,,,,,,,,,,,csd_UPICIG,8.200017428,8.100225877,0.130141786,-0.005806096,6.778903968,3.8563,2.6381,0.211145226,0.111353675,0.099791551,0.274212815,0.135947882,0.138264933,-0.34422421,-7.123128178
O=Cn1c2ccccc2oc2cccc3nc(-c4ccccc4)c1n32,,,,,,,,,,,,,,csd_RONZEB,7.298561706,7.061001014,0.005997393,-0.159157574,6.809924964,3.7959,2.7768,0.49027759,0.252716898,0.237560692,0.327577636,0.165154966,0.16242267,-0.254698704,-7.064623668
O=Cn1c2ccccc2n2c3ccccc3cc12,,,,,,,,,,,,,,csd_REMFIB,7.290041817,7.123098572,0.463373706,0.314252894,7.691846438,4.3282,3.0738,0.348534795,0.18159155,0.166943245,0.313225146,0.149120812,0.164104334,0.39184416,-7.300002278
O=Cn1c2ccccc2c2ccccc21,,,,,,,,,,,,,,csd_KIJCUD,8.069692237,7.953577765,0.190365213,0.048505899,7.434698708,4.2829,3.1983,0.264438235,0.148323763,0.116114472,0.285684679,0.141859314,0.143825365,-0.197826878,-7.632525586
O=Cn1c2ccccc2c2cc(Br)ccc21,,,,,,,,,,,,,,csd_HIGPUL,8.027801376,7.896355347,-0.088000035,-0.23947828,7.204490264,4.1262,3.1683,0.28048858,0.149042552,0.131446028,0.305666473,0.151478245,0.154188228,-0.426130524,-7.630620788
O=Cn1c2ccccc2c(=O)n1-c1ccccc1,,,,,,,,,,,,,,csd_DEWDUH,7.813888206,7.609732882,-0.148242047,-0.425966222,6.879314034,3.958,3.086,0.438870221,0.234714897,0.204155324,0.586163897,0.277724174,0.308439722,-0.53334344,-7.412657474
O=Cn1cc2c(=O)c(O)ccc3c2c1CCc1cc(O)c(O)c(O)c1-3,,,,,,,,,,,,,,csd_CAYSUQ,6.798561483,6.57015008,-0.678953002,-0.873306617,5.516295008,2.7303,1.6299,0.454835558,0.226424155,0.228411403,0.386225278,0.194353615,0.191871663,-1.011991966,-6.528286974
O=Cn1c2ccc(Br)cc2c2ccc(O)cc21,,,,,,,,,,,,,,csd_DARXAY,7.74271298,7.579786083,0.117384809,-0.038352019,7.134284852,4.1906,3.0715,0.331149404,0.168222507,0.162926897,0.316231571,0.155736829,0.160494742,-0.211160464,-7.345445316
O=Cn1c2c(c3ccccc31)OC(=O)CC2,,,,,,,,,,,,,,csd_HOFROL,7.852010861,7.555288721,0.086102638,-0.080035258,7.0069355,4.0376,2.8643,0.634914344,0.338192205,0.29672214,0.343510727,0.166137897,0.177372831,-0.373068294,-7.380003794
O=Cn1c2c(c3ccccc31)C(=O)CCC2,,,,,,,,,,,,,,csd_TEQZIB,8.080485177,7.898227655,-0.276019326,-0.467846172,6.888838024,3.4801,2.8145,0.383290501,0.20103298,0.182257522,0.385688832,0.191826846,0.193861987,-0.748857728,-7.637695752
O=Cn1c(=O)n2c3c(cccc31)CCC2,,,,,,,,,,,,,,csd_DOKCAK,7.921909111,7.724542758,0.71819448,0.573916671,7.497012814,4.3237,3.4559,0.408406977,0.211040625,0.197366352,0.293041852,0.144277809,0.148764044,0.126260896,-7.370751918
O=Cn1c(-c2ccccn2)nc2ccccc21,,,,,,,,,,,,,,csd_FURKIO,8.110031124,7.917644023,-0.675140494,-0.869997085,6.66815357,3.6967,2.753,0.386058717,0.193671616,0.192387101,0.386491705,0.19485659,0.191635114,-1.028318806,-7.696472376
O=Cn1c(-c2ccccc2)ccc1-c1ccccc1,,,,,,,,,,,,,,csd_NIXXOJ,7.431967717,7.158469093,0.030201008,-0.33122712,6.814006674,3.7083,2.735,0.501748338,0.228249713,0.273498625,0.670423752,0.361428128,0.308995624,-0.296332146,-7.11033882
O=Cn1c(-c2ccccc2)cc(C(=O)O)c1-c1ccccc1,,,,,,,,,,,,,,csd_NIXXUP,7.659979304,7.341616645,-0.387014517,-0.732013817,6.698630338,3.6731,2.6829,0.573895936,0.255533278,0.318362659,0.646562239,0.3449993,0.301562939,-0.677019632,-7.37564997
O=Cn1c(-c2ccccc2)c(-c2ccccc2)c2cc3[nH]c4ccccc4c3cc21,,,,,,,,,,,,,,csd_ROFNEH,6.831347683,6.721711864,-0.325299498,-0.599017882,6.255356632,3.5462,2.5489,0.243093858,0.133458039,0.109635819,0.521347022,0.273718384,0.247628638,-0.422865156,-6.678221788
O=Cn1c(-c2ccccc2)c(-c2ccccc2)c2cc3[nH]c4ccc(Br)cc4c3cc21,,,,,,,,,,,,,,csd_ROFNAD,6.90263502,6.807456074,-0.468539491,-0.724801762,6.20283863,3.4983,2.5415,0.212103611,0.116924665,0.095178946,0.494751688,0.256262271,0.238489417,-0.554024104,-6.756862734
O=Cn1c(-c2cccc3nsnc23)cc2ccccc21,,,,,,,,,,,,,,csd_NANPUQ,7.692808361,7.453444097,-1.17514635,-1.331948777,5.727183358,3.0472,2.1776,0.458829375,0.219465111,0.239364264,0.307648823,0.156802427,0.150846396,-1.637037824,-7.364221182
O=Cn1c(-c2ccc(Cl)cc2)c(-c2ccc(Cl)cc2)c2cc3[nH]c4ccccc4c3cc21,,,,,,,,,,,,,,csd_ROFMUW,6.952057453,6.839582125,-0.564322258,-0.852451528,6.181613738,3.5125,2.531,0.248613963,0.136138634,0.112475329,0.542015169,0.288129269,0.253885899,-0.633753506,-6.815367244
O=Cc1sc2sc3scc(Br)c3c2c1-c1c(C=O)sc2sc3scc(Br)c3c12,,,,,,,,,,,,,,csd_FEXFEU,7.606700879,7.540606565,-0.779717905,-1.115568351,6.493456382,3.2856,2.6534,0.165266533,0.099172219,0.066094314,0.612872838,0.335850446,0.277022392,-0.928452968,-7.42190935
O=Cn1cc(NC(=O)c2ccccc2)c(O)n1,,,,,,,,,,,,,,csd_FACQIJ,8.063756778,7.745978974,-0.063795767,-0.260721975,7.055099678,4.2583,3.221,0.682508008,0.364730204,0.317777804,0.4042906,0.196926208,0.207364392,-0.46531494,-7.520414618
O=Cn1ccc(-c2ccccc2)c1-c1ccccc1,,,,,,,,,,,,,,csd_KEHVUQ,7.536799772,7.319367597,0.005459967,-0.295785932,6.894280304,3.8649,2.8002,0.416600874,0.199168699,0.217432175,0.565013156,0.301245899,0.263767257,-0.335244448,-7.229524752
O=Cc1sc(Nc2ccccc2)nc1-c1ccccc1,,,,,,,,,,,,,,csd_FUHJEX,8.038642942,7.799527118,-0.32822309,-0.773542822,9.038810738,4.2255,2.2282,0.588411422,0.349295599,0.239115824,0.850358971,0.445319731,0.40503924,0.310482074,-8.728328664
O=c1[nH][nH]c2ccc3c(=O)[nH]c(=O)c4ccc1c2c34,,,,,,,,,,,,,,csd_HIPPIF,7.976633222,7.568749575,-1.143175676,-1.532886136,7.68313879,3.7807,1.7471,0.610620496,0.202736849,0.407883648,0.766174492,0.38971046,0.376464032,-0.758653832,-8.441792622
O=c1[nH]c(-c2ccccc2)c(-c2ccccc2)c2cc3c(=O)[nH]c(-c4ccccc4)c(-c4ccccc4)c3cc12,,,,,,,,,,,,,,csd_KEYTIT,6.733414126,6.58536343,-0.51174548,-0.765247426,6.293180478,3.3846,2.2982,0.300288956,0.152238259,0.148050697,0.483957742,0.253501947,0.230455796,-0.473206246,-6.766386724
O=c1[nH]c(-c2ccccc2)c(-c2ccccc2)[nH]1,,,,,,,,,,,,,,csd_MAQQUT,7.080750531,6.873892244,0.31680184,-0.126760361,7.573748962,3.9885,2.6011,0.416119477,0.20926119,0.206858287,0.801472303,0.443562201,0.357910102,0.438919882,-7.13482908
O=c1[nH]c(-c2cccc3cccc(-c4nc5ccccc5c(=O)[nH]4)c23)nc2ccccc12,,,,,,,,,,,,,,csd_QEFCAI,7.522298735,7.409202987,-1.03222337,-1.318066065,6.201205946,3.5803,2.4464,0.225365359,0.11226961,0.113095749,0.573471547,0.285842696,0.287628852,-1.18097476,-7.382180706
O=c1[nH]c(-c2ccc(O)cc2)nc2ccccc12,,,,,,,,,,,,,,csd_QIBZIL,7.885637076,7.659343047,-0.124709275,-0.422592062,7.84368605,4.3408,2.8794,0.455584225,0.229290195,0.22629403,0.569083927,0.297882788,0.271201139,-0.045170924,-7.888856974
O=c1[nH]c(-c2ccc(O)cc2)cn2nc(-c3ccc(O)cc3)cc12,,,,,,,,,,,,,,csd_IVAMOI,6.911357362,6.752087133,0.044898538,-0.253886988,6.467605552,3.8091,2.7682,0.321877936,0.162607707,0.159270229,0.53596417,0.298785526,0.237178644,-0.173608732,-6.641214284
O=c1[nH]c(-c2ccc(F)cc2)no1,,,,,,,,,,,,,,csd_HOLSOS01,8.721475146,8.443475865,0.018687837,-0.254665343,7.422181464,4.7155,3.0912,0.580766978,0.302767697,0.277999282,0.537556935,0.27335318,0.264203755,-0.586677784,-8.008859248
O=c1[nH]c(-c2ccc(F)cc2)nc2sccc12,,,,,,,,,,,,,,csd_HITGID,8.069404613,7.799837056,-0.433291748,-0.746941501,7.812665054,4.178,2.7194,0.538304622,0.268737065,0.269567557,0.590849836,0.313649753,0.277200083,-0.30476768,-8.117432734
O=c1[nH]c(-c2ccc(F)cc2)nc2ccccc12,,,,,,,,,,,,,,csd_KAJJAJ,8.132304907,7.910275693,-0.338352507,-0.642553618,7.772664296,4.3314,2.9023,0.444611146,0.222581932,0.222029214,0.573133038,0.304201111,0.268931926,-0.319189722,-8.091854018
O=c1[nH]c(-c2cc3ccccc3[nH]2)nc2ccccc12,,,,,,,,,,,,,,csd_KISFOK,7.650843212,7.437408936,-0.397221704,-0.689110501,7.292383086,4.0326,2.6046,0.39577101,0.182336734,0.213434276,0.559756675,0.291888796,0.267867879,-0.354020314,-7.6464034
O=c1[nH][se]c2ccccc12,,,,,,,,,,,,,,csd_GOBZEF,8.140283235,7.990640127,0.565254249,0.182393388,8.86139241,3.556,2.8619,0.314125136,0.164482028,0.149643108,0.822083061,0.382860861,0.439222201,0.713755022,-8.147637388
O=c1[nH][se]c2ccc(O)cc12,,,,,,,,,,,,,,csd_IJARIW,7.906061926,7.73389431,0.534974219,0.13339763,8.614312898,3.4794,2.7894,0.350061055,0.177893439,0.172167616,0.86602539,0.401576589,0.464448801,0.706680058,-7.90763284
O=c1[nH][nH]c2ccccc12,,,,,,,,,,,,,,csd_FICPUD01,8.324118909,7.744404822,0.732472003,0.359869241,9.173507168,4.6929,3.3691,0.935043977,0.35532989,0.579714087,0.72861378,0.372602761,0.356011018,0.844097628,-8.32940954
O=c1[nH][nH]c2c1c(=O)[nH]c1ccccc12,,,,,,,,,,,,,,csd_RUKCIK,8.762868774,8.128147223,-0.260042696,-0.600533883,8.80696961,4.3912,3.0352,0.947571371,0.31284982,0.634721552,0.671840949,0.340491187,0.331349762,0.026667172,-8.780302438
O=Cn1ccc(NC(=O)c2ccccc2)n1,,,,,,,,,,,,,,csd_PAVQAG,8.459226803,8.150776958,-0.188804503,-0.381412996,7.26272266,4.2662,3.3292,0.684737275,0.37628743,0.308449845,0.402542458,0.192608493,0.209933965,-0.620964148,-7.883686808
O=c1[nH][nH]c(=O)c2cn(-c3ccccc3)cc12,,,,,,,,,,,,,,csd_XAPHAZ,7.944486926,7.488499428,0.203731235,-0.116590917,7.008023956,4.3026,3.4954,0.932357613,0.476370115,0.455987498,0.566407958,0.320322152,0.246085806,-0.158642462,-7.166666418
O=c1[nH][nH]c(=O)c2cc3ccccc3cc12,,,,,,,,,,,,,,csd_BIXLID,8.043226294,7.758876198,-0.469443699,-0.627677418,6.601213526,3.7161,2.5333,0.69059295,0.406242855,0.284350096,0.309152335,0.15823372,0.150918615,-0.866955204,-7.46816873
O=Nc1c(-c2ccccc2)cc2ccccn12,,,,,,,,,,,,,,csd_ROLKIM,7.062157662,6.671814401,-0.807890901,-0.998909079,5.045809902,1.4252,0.6186,0.914441546,0.524098285,0.390343261,0.34053712,0.191018178,0.149518942,-1.255533996,-6.301343898
O=NNc1ccc2ccc(=O)oc2c1,,,,,,,,,,,,,,csd_GIJXEF,8.985281234,8.629685978,-0.809083495,-0.994811396,6.390053062,2.9309,1.9189,0.910664767,0.555069512,0.355595255,0.370326691,0.1857279,0.184598791,-1.361658456,-7.751711518
O=Cn1ncn(N=Cc2ccc(Cl)cc2)c1=O,,,,,,,,,,,,,,csd_WADPUN,8.290618329,8.096672068,-0.659297664,-0.857521284,6.791693326,4.0784,2.6954,0.406827573,0.212881313,0.19394626,0.398805652,0.19822362,0.200582032,-1.070224362,-7.861917688
O=Cn1ncc2ccccc21,,,,,,,,,,,,,,csd_MUVFEP,8.71424339,8.585559374,0.115393261,-0.050625068,7.550619272,4.4847,3.2243,0.277843714,0.149159697,0.128684017,0.334680737,0.16601833,0.168662407,-0.515111802,-8.065731074
O=Cn1nc(F)c(-c2ccc(O)cc2)n1,,,,,,,,,,,,,,csd_MEKPUQ,8.366872345,8.123913074,-0.233517568,-0.469830645,8.146004704,4.6536,3.0203,0.495522288,0.252563017,0.242959271,0.480029532,0.236313077,0.243716455,-0.237011294,-8.383015998
O=Cn1nc(-c2ccccc2)cc1-c1ccccc1,,,,,,,,,,,,,,csd_SEFHOC,8.71937946,8.403257198,0.092822194,-0.300105388,10.099239,5.125,2.334,0.651235796,0.335113534,0.316122263,0.797433614,0.392927582,0.404506033,0.67892443,-9.420314566
O=Cn1nc(-c2ccccc2)c(I)c1-c1ccc(Cl)cc1,,,,,,,,,,,,,,csd_MOJYUG,8.148597406,7.928837868,-0.514918329,-0.793094213,7.020813314,4.0222,3.1328,0.40308655,0.183327011,0.219759539,0.549163604,0.278175884,0.27098772,-0.825321762,-7.846135076
O=Cn1ccnc1-c1nccn1C=O,,,,,,,,,,,,,,csd_TELWOW,8.570263329,8.139220113,-0.344943924,-0.695570296,7.11714167,3.8704,3.0133,0.846626329,0.415583113,0.431043216,0.636747223,0.350626372,0.28612085,-0.855526416,-7.972668086
O=Cn1ccc2cccnc21,,,,,,,,,,,,,,csd_ICUSAA,8.777249809,8.475714979,0.376726595,0.181349777,9.139220804,4.7758,3.1249,0.610714593,0.309179764,0.30153483,0.396638319,0.195376818,0.201261501,0.357557796,-8.781663008
O=Cn1ccc2cccc(C=CC(=O)O)c21,,,,,,,,,,,,,,csd_WIGMAD,7.956158603,7.7684431,-0.221025168,-0.659841919,6.899994698,3.9688,2.6857,0.326712613,0.13899711,0.187715503,0.687442632,0.438816751,0.248625881,-0.635658304,-7.535653002
O=Cc1sc2ccccc2c1-c1csc2ccccc12,,,,,,,,,,,,,,csd_DUZCOR,7.726884381,7.561308998,-0.709427865,-0.911164205,6.329099526,3.2012,2.4547,0.329219572,0.163644189,0.165575382,0.396649693,0.20173634,0.194913353,-1.105599182,-7.434698708
O=Cc1sc(Nc2ccccc2)c(C(=O)O)c1-c1ccccc1,,,,,,,,,,,,,,csd_WAZBEH,7.267654998,7.154100193,-0.388298515,-0.643529474,6.32937164,3.4442,2.5079,0.22786527,0.114310465,0.113554805,0.562428345,0.255230959,0.307197386,-0.678380202,-7.007751842
O=Cc1cnn(-c2ccccc2)c1N=NN=[PH3],,,,,,,,,,,,,,csd_WUQMIG,7.58533993,7.195798126,-0.618990505,-1.014883721,6.22732889,2.7801,2.1254,0.901067687,0.511525884,0.389541803,0.68067249,0.395893216,0.284779274,-0.98097097,-7.20829986
O=Cc1coc2c(-c3ccccc3)cnc(C(=O)O)c12,,,,,,,,,,,,,,csd_DEPDEK,8.267148469,7.972731842,-0.636361093,-0.95941897,6.86543622,3.5702,2.924,0.548718044,0.254301418,0.294416627,0.612343223,0.323057877,0.289285346,-1.02586978,-7.891306
O=Cc1coc2cc(F)ccc2c1=O,,,,,,,,,,,,,,csd_UNOYEC,9.320179961,9.198380809,-0.493756078,-0.785617663,7.901374218,3.3262,2.8477,0.265483425,0.143684274,0.121799152,0.61423632,0.291861585,0.322374735,-0.670488896,-8.571863114
O=Cc1coc2cc(Cl)c(Cl)cc2c1=O,,,,,,,,,,,,,,csd_RURVUX,9.306834865,9.08178543,-0.688332499,-0.983474419,8.730505576,3.5544,2.9963,0.474123542,0.249074108,0.225049435,0.65237073,0.295141919,0.35722881,-0.572527856,-9.303033432
O=Cc1coc2c3ccccc3c3ccccc3c12,,,,,,,,,,,,,,csd_HUDDIT,7.658916263,7.553530865,-0.072960512,-0.251194365,6.78108088,3.7197,2.8803,0.212130686,0.106745288,0.105385398,0.42226207,0.178233854,0.244028216,-0.562731752,-7.343812632
O=Cc1coc2c3c(c(O)cc12)C(=O)c1ccccc1C3=O,,,,,,,,,,,,,,csd_URAYAO,8.328025568,8.052787155,-1.825509423,-2.019740586,6.46814978,2.9178,2.0961,0.591678151,0.316439738,0.275238413,0.388791585,0.194231164,0.194560422,-1.828061852,-8.296211632
O=Cc1coc2c1CCC=C2c1ccccc1,,,,,,,,,,,,,,csd_HAPJEQ,7.615917026,7.410226625,0.224938657,-0.104108776,7.861917688,3.7354,2.3915,0.420895949,0.215205547,0.205690401,0.631318848,0.329047433,0.302271415,0.204357614,-7.657560074
O=Cc1coc2c1CCC(c1ccccc1)=C2c1ccccc1,,,,,,,,,,,,,,csd_KEFBOP,7.113410769,6.909411611,-0.167638197,-0.519311229,6.549239752,3.6732,2.2833,0.395854467,0.191855309,0.203999158,0.702548687,0.351673031,0.350875656,-0.34830592,-6.897545672
O=Cc1coc2c(O)c(O)cc(C(=O)O)c12,,,,,,,,,,,,,,csd_IRIDIY,7.900522692,7.707170864,-0.153537739,-0.368483282,6.70080725,3.3272,2.6834,0.395745975,0.202394148,0.193351827,0.43356008,0.214945543,0.218614537,-0.635930418,-7.336737668
O=Cc1coc2c(I)cc(I)cc2c1=O,,,,,,,,,,,,,,csd_HOFDUD,9.085568631,8.901492217,-0.787026615,-0.995428659,8.84506557,3.6841,3.0397,0.38389571,0.199819297,0.184076413,0.461446839,0.208402044,0.253044795,-0.449804442,-9.294870012
O=Cc1coc2c(Cl)cc(Cl)cc2c1=O,,,,,,,,,,,,,,csd_NIPQAG,8.903044356,8.758927067,-0.636181035,-1.048687627,6.653459414,3.0087,2.6385,0.30639084,0.162273551,0.144117289,0.658134376,0.412506592,0.245627784,-1.335263398,-7.988722812
O=Cc1coc2c(Cl)c(Cl)ccc2c1=O,,,,,,,,,,,,,,csd_HUPPUF,9.435320293,9.232869926,-0.648893385,-0.976117545,8.968333212,3.601,3.0256,0.436947872,0.234497505,0.202450367,0.699398015,0.32722416,0.372173855,-0.484907148,-9.45324036
O=Cc1coc2c(Br)cccc2c1=O,,,,,,,,,,,,,,csd_CURPUC,8.893586762,8.783016231,-0.69002777,-0.902995343,6.663799746,3.0035,2.6374,0.236118488,0.125547957,0.110570531,0.467420014,0.212967573,0.254452441,-1.201111196,-7.864910942
O=Cc1coc2c(Br)cc(Br)cc2c1=O,,,,,,,,,,,,,,csd_MIZKIR,8.804347792,8.673941239,-0.69629265,-1.106789681,6.639309486,3.003,2.6347,0.27611843,0.145711877,0.130406553,0.645443796,0.41049703,0.234946765,-1.360297886,-7.999607372
O=Cc1coc2c(-c3ccccc3)cc(C(=O)c3cc(Br)ccc3O)cc12,,,,,,,,,,,,,,csd_KEFBIJ,8.391205813,8.040250047,-0.740283688,-1.141718234,8.872004856,4.3224,2.4628,0.757198838,0.406243072,0.350955766,0.825907623,0.401434546,0.424473078,-0.081362086,-8.953366942
O=Cc1coc2cc3ccccc3c(OC(=O)c3ccc(Br)cc3)c12,,,,,,,,,,,,,,csd_BIKYAY,7.566303107,7.342183213,-0.709649094,-0.860968696,6.316854396,3.5525,2.2923,0.485976556,0.261856663,0.224119893,0.318455558,0.151319602,0.167135956,-0.954848026,-7.271702422
O=Cc1coc2c(-c3ccccc3)c3[nH]c4ccccc4c3cc12,,,,,,,,,,,,,,csd_LIPLAA,7.082323051,7.006099022,-0.309588452,-0.484513943,6.270595016,3.5406,2.5975,0.156532762,0.080308733,0.076224029,0.338422195,0.174925492,0.163496704,-0.578514364,-6.84910938
O=Cc1coc2c(-c3ccccc3)c3[nH]c4ccccc4c3c(C(=O)O)c12,,,,,,,,,,,,,,csd_LIPJOM,7.271102955,7.178673176,-0.497507387,-0.829848651,6.783257792,3.6142,2.5653,0.188266697,0.095836918,0.092429779,0.673560247,0.332341264,0.341218983,-0.48164178,-7.264899572
O=Cc1coc(C(=O)c2ccccc2O)c1,,,,,,,,,,,,,,csd_RADKOZ,8.385080418,8.059540154,-0.924415313,-1.130404686,7.22326613,3.6155,2.7107,0.887140512,0.561600248,0.325540264,0.4317158,0.205989373,0.225726427,-0.985324794,-8.208590924
O=Cc1coc(=O)c2ccc(Br)cc12,,,,,,,,,,,,,,csd_WANYIW,8.840190103,8.711725356,-0.600355594,-0.841839354,7.216735394,3.5933,2.9186,0.27620986,0.147745113,0.128464747,0.552748434,0.24148376,0.311264674,-1.118660654,-8.335396048
O=Cc1coc(=Nc2ccccc2)c2c1cc(-c1ccccc1)n2-c1ccccc1,,,,,,,,,,,,,,csd_ZEVRIE,6.925635184,6.71835697,-0.414874801,-0.714440749,6.142157208,3.3718,2.4477,0.368399634,0.161121421,0.207278214,0.557821455,0.299565949,0.258255506,-0.637290988,-6.779448196
O=Cc1cnoc1Nc1ccccc1,,,,,,,,,,,,,,csd_ZIZQUX,7.855864267,7.761752797,0.0657053,-0.124023765,6.87768135,4.0537,2.9689,0.196805607,0.102694136,0.09411147,0.398055543,0.189729065,0.208326478,-0.489533086,-7.367214436
O=Cc1cnoc1-c1cccc(O)c1,,,,,,,,,,,,,,csd_TESKIO,8.353896698,8.208990687,-0.652715117,-0.836454191,6.567199276,3.4624,2.7389,0.300800013,0.155894002,0.144906011,0.36746729,0.183739074,0.183728216,-1.173083454,-7.74028273
O=Cc1cnoc1-c1ccc(O)c(O)c1,,,,,,,,,,,,,,csd_TESKOU,7.904006894,7.706964412,-0.46625338,-0.675183706,7.119046468,3.7892,2.5907,0.400056887,0.203014405,0.197042482,0.417172069,0.208930326,0.208241742,-0.602460396,-7.721506864
O=Cc1cnn2c(-c3ccccc3)ccnc12,,,,,,,,,,,,,,csd_NILSEJ,8.405487281,8.208163977,-0.770289318,-1.134459919,7.807494888,3.7977,2.7408,0.402120926,0.204797622,0.197323304,0.658631474,0.364170602,0.294460872,-0.649536118,-8.457031006
O=Cc1cnn2c(-c3ccccc3)cc3ccccc3c12,,,,,,,,,,,,,,csd_FEYHAU,7.813830981,7.635037634,-0.253543553,-0.404986831,7.529666494,3.8041,2.7982,0.353469283,0.174675936,0.178793347,0.309351005,0.151443278,0.157907727,-0.287352384,-7.817018878
O=Cc1cnn(C(=O)c2ccc(O)cc2)c1,,,,,,,,,,,,,,csd_HAXDIW,8.654987274,8.381257407,-0.70119424,-0.840920561,6.802033658,3.4597,2.9369,0.569077777,0.29534791,0.273729867,0.280115485,0.139726321,0.140389164,-1.140429774,-7.942463432
O=Cc1cnn(-c2ccccc2)c1O,,,,,,,,,,,,,,csd_LELDIP,8.314616634,7.735585008,0.140347313,-0.496728597,7.292110972,4.2566,3.2262,0.841634561,0.262602935,0.579031626,0.958493211,0.637075909,0.321417302,-0.53198287,-7.824093842
O=Cc1coc2cc(I)ccc2c1=O,,,,,,,,,,,,,,csd_UBADAF,9.05093758,8.506444568,-0.726174523,-0.928606141,6.66407186,3.003,2.6388,0.946584713,0.402091701,0.544493012,0.454299112,0.202431618,0.251867494,-1.196485258,-7.860557118
O=Cc1coc2ccc(F)cc2c1=O,,,,,,,,,,,,,,csd_CIZZOC,9.287488566,9.060665656,-0.416439619,-0.598506933,9.012687794,3.6341,3.0553,0.493504399,0.266681489,0.22682291,0.425759633,0.182067314,0.243692319,-0.31157053,-9.324258324
O=Cc1sc(C=O)c2c1-c1cccc3cccc-2c13,,,,,,,,,,,,,,csd_MUMZEA,8.514062019,8.373087919,-1.073391225,-1.236369279,6.289370882,3.2216,2.2562,0.285706639,0.144732539,0.1409741,0.32579148,0.162978054,0.162813425,-1.601118776,-7.890489658
O=Cc1nn(-c2ccccc2)c(=NNC(=O)c2cc(-c3c[nH]c4ccccc34)n(-c3ccccc3)n2)s1,,,,,,,,,,,,,,csd_COCWEZ,7.002062755,6.773259779,-0.731057391,-1.060593431,5.563642844,2.848,1.9676,0.547127103,0.318324127,0.228802975,0.667330741,0.329536041,0.3377947,-1.225601456,-6.7892443
O=Cc1sc(C=O)c(-c2ccccc2)c1-c1ccccc1,,,,,,,,,,,,,,csd_MUMZAW,8.340174642,8.172579629,-1.236985889,-1.419582547,6.412910638,3.0228,2.5048,0.338291853,0.17069684,0.167595013,0.363494779,0.182596657,0.180898122,-1.632139772,-8.04505041
O=Cc1sc(C#Cc2ccc3c(c2)Sc2cc(C#Cc4sc(C=O)c5c4OCCO5)ccc2N3)c2c1OCCO2,,,,,,,,,,,,,,csd_BUQDAU,6.475957275,6.263837337,-1.090415221,-1.225724724,5.1837717,2.8076,1.9494,0.335431935,0.123311997,0.212119938,0.286619309,0.135309503,0.151309806,-1.224785114,-6.408556814
O=Cc1sc(-c2ccc(N(c3ccccc3)c3ccccc3)cc2)cc1-c1ccccc1,,,,,,,,,,,,,,csd_JEGDOR,6.987356081,6.871099184,-0.58149238,-0.977737984,7.357690446,3.8137,2.3191,0.280006394,0.163749498,0.116256897,0.709828689,0.396245604,0.313583085,-0.159730918,-7.517421364
O=Cc1pcc2ccccn12,,,,,,,,,,,,,,csd_FIQCAJ,7.999679455,7.888634793,-0.274656116,-0.439733149,6.637676802,3.4169,2.6603,0.22581247,0.114767807,0.111044662,0.332161478,0.165077033,0.167084445,-0.835662094,-7.473338896
O=Cc1occc1-c1ccccc1,,,,,,,,,,,,,,csd_PAPTIJ,8.275666943,8.114384241,-0.390504162,-0.550402539,6.808836508,3.4289,2.6139,0.331837281,0.170554579,0.161282703,0.315502332,0.159898377,0.155603955,-0.951854772,-7.76069128
O=Cc1occc1-c1cc2ccccc2[nH]1,,,,,,,,,,,,,,csd_HIRQEF,7.341737327,7.176346792,-0.730578824,-0.888394848,5.706774808,3.0398,2.0653,0.334494964,0.169104429,0.165390535,0.310896286,0.157816025,0.153080261,-1.21362844,-6.920403248
O=Cc1oc2ccccc2c1NC(=O)c1ccccc1,,,,,,,,,,,,,,csd_FONBEQ,7.840326367,7.605094182,-0.879334405,-1.019017977,6.19331464,3.5141,2.1587,0.49719353,0.261961345,0.235232185,0.284918351,0.139683572,0.145234779,-1.241656182,-7.434970822
O=Cc1oc2ccccc2c1-c1ccccc1,,,,,,,,,,,,,,csd_HOFQIF,7.985349415,7.824093869,-0.701911423,-0.968058889,6.474408402,3.2169,2.4047,0.329849625,0.168594079,0.161255546,0.491750026,0.266147465,0.225602561,-1.137164406,-7.611572808
O=Cc1nnn(-c2ccccc2)c1-c1ccc(Br)cc1,,,,,,,,,,,,,,csd_BOMGAN,8.357528984,8.209203453,-0.693472461,-1.075977668,6.94979156,3.4228,2.8901,0.317959223,0.169633691,0.148325532,0.699340599,0.382505207,0.316835392,-0.992127644,-7.941919204
O=Cc1nn[nH]c1-c1ccccc1,,,,,,,,,,,,,,csd_HOBMUJ,8.774893057,8.618814725,-0.507326974,-0.671625543,7.09537255,3.4794,2.9772,0.323284357,0.167206026,0.156078332,0.328027032,0.164298569,0.163728463,-1.034305314,-8.129677864
O=Cc1nn2c(-c3ccccc3)cc3ccccc3c2c1C(=O)O,,,,,,,,,,,,,,csd_ZARVEV,7.754009249,7.57381046,-0.628805657,-0.874465006,6.637132574,3.4337,2.7156,0.353998545,0.173799756,0.180198789,0.48071496,0.245659349,0.235055611,-0.89253392,-7.529666494
O=Cc1nn(-c2ccccc2)nc1NC=CC(=O)O,,,,,,,,,,,,,,csd_HAGTIU,7.713352016,7.587216755,-0.561398883,-0.834749233,6.323657246,3.5627,2.7396,0.263849381,0.13771412,0.126135261,0.567780337,0.27335035,0.294429988,-0.994304556,-7.317961802
O=Cc1nn(-c2ccc(F)cc2)c(=NNC(=O)c2cc(-c3c[nH]c4ccccc34)n(-c3ccccc3)n2)s1,,,,,,,,,,,,,,csd_COCVUO,7.028401757,6.807822611,-0.786069862,-1.11984816,5.53615933,2.8421,1.9529,0.487467469,0.266888323,0.220579146,0.676062879,0.333778298,0.342284581,-1.280024256,-6.816183586
O=Cc1conc1-c1c(Cl)cccc1Cl,,,,,,,,,,,,,,csd_QODRIK,9.111797699,8.882086952,0.229591017,-0.103354612,9.30085652,3.8865,3.2124,0.476815022,0.247104274,0.229710747,0.671378981,0.332945629,0.338433352,0.148030016,-9.152826504
O=Cc1nn(-c2ccc(Cl)cc2)nc1N(C=O)C=O,,,,,,,,,,,,,,csd_NIRNAE,8.674057704,8.424575153,-0.838798752,-1.095953013,6.956866524,3.497,2.8996,0.530852781,0.28137023,0.249482551,0.523499716,0.257154261,0.266345455,-1.29662321,-8.253489734
O=Cc1nc2ccccn2c1Nc1ccccn1,,,,,,,,,,,,,,csd_TAVTIV,6.942238029,6.776924638,-0.312972706,-0.498631326,5.85725385,3.0536,2.0426,0.341825117,0.176511726,0.165313391,0.380602151,0.18565862,0.194943531,-0.722734784,-6.579988634
O=Cc1nc2ccccc2c(=O)n2c3ccccc3c(=O)n12,,,,,,,,,,,,,,csd_UGILAY,8.111934671,7.855678386,-1.430480168,-1.809124895,5.950044724,2.6803,2.2835,0.594691813,0.338435529,0.256256285,0.745872365,0.378644726,0.367227639,-1.824252256,-7.77429698
O=Cc1nc2ccccc2c(=O)[nH]1,,,,,,,,,,,,,,csd_BOYMAD,8.727964249,8.571183645,-0.986334174,-1.28590785,6.464884412,3.297,2.5133,0.32105754,0.164276936,0.156780604,0.584441959,0.299573677,0.284868283,-1.66941939,-8.134303802
O=Cc1nc2ccccc2[nH]1,,,,,,,,,,,,,,csd_MEHPAR,8.77734377,8.566513353,-0.401859887,-0.613862218,6.890198594,3.5265,2.8536,0.415168684,0.204338267,0.210830417,0.416147042,0.21200233,0.204144712,-1.128456758,-8.018655352
O=Cc1nc2c3c(c(-c4ccccc4)cn3n1)C=CC=C2,,,,,,,,,,,,,,csd_XARKEG,7.396278252,7.255256695,-1.228487007,-1.398222931,5.505138334,2.1964,1.5649,0.286592914,0.145571357,0.141021557,0.343428875,0.169735924,0.173692951,-1.555403624,-7.060541958
O=Cc1nc2c(O)cccc2s1,,,,,,,,,,,,,,csd_XELZUK,8.247645133,8.106435328,-0.86769832,-1.105907215,6.090455548,3.2054,2.4343,0.28691175,0.145701945,0.141209805,0.466620897,0.238208895,0.228412002,-1.524926856,-7.615382404
O=Cc1nc(C(=O)O)c(O)cc1-c1nc(C(=O)O)cs1,,,,,,,,,,,,,,csd_WUDLUD,8.684768655,8.318064019,-1.178363282,-1.395577738,6.713868722,3.2683,2.777,0.712454317,0.345749681,0.366704636,0.433989721,0.217214456,0.216775264,-1.52519897,-8.239067692
O=Cc1n[nH]cc1-c1ccccc1,,,,,,,,,,,,,,csd_NAQHOF,8.620926819,8.216526258,0.611069593,0.15754519,10.01134617,4.023,2.9774,0.690963461,0.2865629,0.404400561,0.817879771,0.453524404,0.364355367,0.965732586,-9.045613588
O=Cc1n[nH]c2ccccc12,,,,,,,,,,,,,,csd_ZAQHAD,8.543611449,8.455544393,0.050283266,-0.143838726,7.196598958,3.4922,2.9449,0.170893905,0.082826848,0.088067057,0.397111716,0.194121991,0.202989724,-0.632392936,-7.828991894
O=Cc1csc2ccccc12,,,,,,,,,,,,,,csd_CEWSAB,8.591156214,8.445495277,-0.064723866,-0.266422981,8.57975442,3.7068,2.7768,0.314021706,0.168360769,0.145660937,0.410793662,0.201699115,0.209094547,-0.007074964,-8.586829384
O=Cc1conc1-c1c2ccccc2c(Cl)c2ccccc12,,,,,,,,,,,,,,csd_NOKHAX,7.398690951,7.308285972,-1.076241891,-1.217661714,5.798477226,3.0834,1.688,0.182716932,0.092311953,0.090404978,0.304176376,0.141419823,0.162756554,-1.332270144,-7.13074737
O=Cc1cccc2c1oc1ccccc12,,,,,,,,,,,,,,csd_TEBBOR,8.334549311,8.189055778,-0.391751614,-0.545068615,6.967751084,3.364,2.8247,0.292589844,0.147096311,0.145493533,0.311557305,0.153317001,0.158240305,-0.875390738,-7.843141822
O=Cc1cccc2c1c(O)cc1c3ccccc3c(O)cc21,,,,,,,,,,,,,,csd_RUJQOE,6.968357164,6.772711062,-0.831657338,-1.048266449,5.511396956,2.7696,2.0385,0.375827884,0.180181782,0.195646102,0.414612483,0.216609111,0.198003371,-1.166280604,-6.67767756
O=Cc1ccc(-c2ccc(-c3ccc(N(c4ccccc4)c4ccccc4)cc3)s2)s1,,,,,,,,,,,,,,csd_ROGMOR,6.612480678,6.464981285,-0.924389218,-1.216046989,5.571262036,3.1458,2.0292,0.301341493,0.153842099,0.147499394,0.532264508,0.291657772,0.240606736,-1.049815812,-6.621077848
O=Cc1ccc(C=Cc2ccc(Br)s2)s1,,,,,,,,,,,,,,csd_FIKZUV,7.589741102,7.370796545,-1.089042678,-1.299170197,6.550056094,3.4777,1.7462,0.442015995,0.223071438,0.218944557,0.422356575,0.210127519,0.212229056,-1.06940802,-7.619464114
O=Cc1ccc(Cl)cc1-c1ccc(O)cc1,,,,,,,,,,,,,,csd_PEWSES,8.344349687,8.103589478,-0.265373736,-0.503232121,8.160970974,3.6105,2.9884,0.47093355,0.230173341,0.240760209,0.47747517,0.237858385,0.239616786,-0.207078754,-8.368049728
O=Cc1ccc(Cl)cc1,,,,,,,,,,,,,,csd_MENDIT,9.484589525,9.286084322,-0.15135563,-0.390255858,9.462492236,3.8194,3.0442,0.398552967,0.200047764,0.198505204,0.476314659,0.238900228,0.237414431,-0.076736148,-9.539228384
O=Cc1ccc(C=O)c2ccccc12,,,,,,,,,,,,,,csd_GIQPAX,8.713446668,8.586636183,-1.237488076,-1.477949095,7.504632006,3.4069,2.1285,0.256211359,0.129400874,0.126810485,0.480382491,0.240461019,0.239921472,-1.225601456,-8.730233462
O=Cc1ccc(C=O)c2c1-c1cccc3cccc-2c13,,,,,,,,,,,,,,csd_RAFXOO,8.016446086,7.934734959,-1.026653822,-1.179580774,6.044196168,3.1753,2.3602,0.165488741,0.083777615,0.081711127,0.306341451,0.152926952,0.153414499,-1.657990602,-7.70218677
O=Cc1ccc(C=Nc2cccc3ccccc23)s1,,,,,,,,,,,,,,csd_BICQOU,7.553391297,7.265930884,-1.178022867,-1.468550822,6.357127268,3.2584,2.1228,0.871491344,0.584030931,0.287460413,0.566855095,0.290527954,0.276327141,-1.216621694,-7.573748962
O=Cc1ccc(C=NNc2ccc(I)cc2)s1,,,,,,,,,,,,,,csd_DUMPEH,7.148116135,7.055550843,-0.926566946,-1.141888577,5.59058213,3.2079,1.909,0.186989938,0.094424646,0.092565291,0.434339387,0.215321631,0.219017756,-1.280024256,-6.870606386
O=Cc1ccc(C=Cn2c3ccccc3c3ccccc32)cc1,,,,,,,,,,,,,,csd_GINCIQ,7.149829636,7.060795269,-0.722288272,-0.980696216,5.924738122,3.3995,2.368,0.194923041,0.105888673,0.089034367,0.54345789,0.258407944,0.285049946,-1.044373532,-6.969111654
O=Cc1ccc(C=Cc2nc3ccccc3o2)cc1,,,,,,,,,,,,,,csd_LIJFEQ,7.819760644,7.660796979,-1.288422619,-1.490975573,5.927459262,3.2787,2.125,0.323161552,0.164197887,0.158963665,0.402859063,0.202552954,0.200306109,-1.588329418,-7.51578868
O=Cc1ccc(C=Cc2ccc3c(c2)Sc2ccccc2N3)cc1,,,,,,,,,,,,,,csd_BICJOO,6.652090953,6.406500721,-0.925995779,-1.105450608,5.270576066,2.9424,1.9937,0.362505917,0.116915685,0.245590232,0.360367373,0.179454829,0.180912544,-1.163831578,-6.434407644
O=Cc1ccc(C=Cc2ccc(N(c3ccccc3)c3ccccc3)cc2)cc1,,,,,,,,,,,,,,csd_FAYTUW,6.567375878,6.489292766,-0.926789535,-1.182110292,5.320917156,3.0814,2.016,0.168147676,0.090064564,0.078083112,0.495893479,0.255320757,0.240572722,-1.146688396,-6.467605552
O=Cc1ccc(C=Cc2ccc(I)cc2)cc1,,,,,,,,,,,,,,csd_NARCOB,7.656978512,7.519576452,-1.090429997,-1.267448507,6.005828094,3.3382,2.1563,0.277933158,0.140531098,0.137402059,0.354579182,0.177018511,0.177560671,-1.374447814,-7.380275908
O=Cc1ccc(C=Cc2ccc(C=Cc3ccc(I)cc3)cc2)cc1,,,,,,,,,,,,,,csd_NARCIV,7.108300414,6.971613198,-1.343267903,-1.51074237,5.492348976,3.1708,1.8832,0.277917647,0.141230431,0.136687216,0.340231481,0.167474466,0.172757015,-1.485470326,-6.977819302
O=Cc1ccc(C=Cc2c(-c3ccccc3)c(-c3ccccc3)c(C=Cc3ccc(C=O)cc3)c(-c3ccccc3)c2-c2ccccc2)cc1,,,,,,,,,,,,,,csd_ZUZRAP,7.056859983,6.845558837,-1.29624089,-1.594554026,5.724734332,3.2989,2.1478,0.39654629,0.185245143,0.211301147,0.539912816,0.298313136,0.24159968,-1.35376715,-7.078501482
O=Cc1ccc(F)cc1,,,,,,,,,,,,,,csd_NUQHEN,9.642967166,9.413594303,0.126703734,-0.148827827,10.19964906,3.9658,3.0038,0.460760459,0.231387596,0.229372864,0.551567159,0.275531561,0.276035598,0.32517623,-9.874472832
O=Cc1ccc(C=CC=CC=Cc2ccc(C=O)cc2)cc1,,,,,,,,,,,,,,csd_PAKCIP,7.208825503,7.04573629,-1.662760053,-1.87736529,5.207445618,3.0317,1.4225,0.327872662,0.164783449,0.163089213,0.434626168,0.214605237,0.220020931,-1.829150308,-7.036595926
O=Cc1ccc(C=CC2=NC(=Cc3ccc(O)cc3)C(=O)N2)cc1,,,,,,,,,,,,,,csd_WUWWIW,7.166693629,6.912862969,-1.52357962,-1.748593407,5.690720082,2.9754,1.4163,0.511013493,0.257182833,0.25383066,0.456660898,0.225013788,0.231647111,-1.486830896,-7.177550978
O=Cc1ccc(C2=CC(c3ccccc3)=C(c3ccccc3)C2=O)cc1,,,,,,,,,,,,,,csd_LETVAI,7.439408457,7.215397954,-1.934180598,-2.213538817,5.518744034,2.0458,1.016,0.440468755,0.216458251,0.224010503,0.553681785,0.279358219,0.274323566,-1.947792012,-7.466536046
O=Cc1ccc(C2=C(c3ccccc3)C(c3ccccc3)=C(c3ccc(C=O)cc3)[SiH2]2)cc1,,,,,,,,,,,,,,csd_GALSUJ,7.412883873,7.188932418,-1.494848735,-1.820359121,5.832219362,3.0873,1.8506,0.4285371,0.204585646,0.223951455,0.590566293,0.325510386,0.265055907,-1.543702722,-7.375922084
O=Cc1ccc(C(=O)c2cc(C(=O)O)c3ccccn23)cc1,,,,,,,,,,,,,,csd_NIYKOY,7.795839973,7.630743784,-1.014624397,-1.326598744,6.101884336,3.333,2.6559,0.36184087,0.196744681,0.16509619,0.60361035,0.311974347,0.291636003,-1.350501782,-7.452386118
O=Cc1ccc(C(=CC2=C(c3ccc(Cl)cc3)c3ccc(Cl)cc3C2)c2ccccc2)cc1,,,,,,,,,,,,,,csd_WIXPUP,7.02108434,6.842505717,-1.254242271,-1.554612861,5.795211858,3.2244,1.7617,0.382072274,0.203493652,0.178578622,0.526897604,0.30037059,0.226527014,-1.257710908,-7.052922766
O=Cc1ccc(C(=CC(=O)c2ccc(O)cc2)c2ccc(O)cc2)cc1,,,,,,,,,,,,,,csd_BUFFIT,7.661698928,7.334709058,-0.952839825,-1.345868497,6.26270371,2.8704,2.3861,0.752952772,0.425962902,0.32698987,0.693207422,0.393028672,0.30017875,-1.125463504,-7.388167214
O=Cc1ccc(C(=CC(=O)O)c2ccc(C=O)cc2)cc1,,,,,,,,,,,,,,csd_MAVJAX,8.520675532,8.342470767,-1.294019814,-1.629720216,6.531280228,3.3322,2.5918,0.389515925,0.211311161,0.178204765,0.636943117,0.335700402,0.301242715,-1.565471842,-8.09675207
O=Cc1ccc(C(=C2C=CC(C3=NC(=C(c4ccccc4)c4ccc(C=O)[nH]4)C=C3)=N2)c2ccccc2)[nH]1,,,,,,,,,,,,,,csd_XEQSAO,6.850338519,6.660456009,-2.213482761,-2.329837075,4.63274085,2.3592,1.149,0.389731467,0.199848957,0.18988251,0.23097635,0.116354314,0.114622036,-2.199225348,-6.831966198
O=Cc1ccc(C#Cc2ccccc2)cc1,,,,,,,,,,,,,,csd_HINLOH,8.072316478,7.922993675,-0.736664354,-0.938640862,7.318233916,3.5934,2.5269,0.299874499,0.150551696,0.149322802,0.404107304,0.201976508,0.202130796,-0.77008262,-8.088316536
O=Cc1ccc(C#Cc2ccc(O)cc2)o1,,,,,,,,,,,,,,csd_DOJVII,7.458543949,7.302152387,-0.574826022,-0.750238244,6.062427806,3.3704,2.2569,0.317847901,0.161456338,0.156391562,0.352106101,0.175412222,0.176693879,-0.996481468,-7.058909274
O=Cc1ccc(C#Cc2ccc(I)cc2)cc1,,,,,,,,,,,,,,csd_YEJTOZ,8.020271981,7.876053738,-0.93502561,-1.131490013,7.064895782,3.5578,2.503,0.291274798,0.147056555,0.144218243,0.394478387,0.196464403,0.198013984,-0.952671114,-8.017566896
O=Cc1ccc(Cl)cc1OC(=O)c1cccc2ccccc12,,,,,,,,,,,,,,csd_QABNOZ,8.739925074,8.521416988,-0.670164264,-1.147990461,9.317455474,4.0624,1.5784,0.435966357,0.21745827,0.218508086,0.953923655,0.477826198,0.476097457,-0.039184416,-9.35663989
O=Cc1ccc(F)cc1OC(=O)c1ccc2ccccc2c1,,,,,,,,,,,,,,csd_QABPUH,8.030245231,7.843686866,-0.597832281,-0.783451309,6.714685064,3.4702,2.6353,0.372356172,0.185797807,0.186558365,0.386223917,0.185619028,0.20060489,-0.891445464,-7.606130528
O=Cc1ccc(C#Cc2c(-c3ccc(C=O)cc3)cc3c(c2C(=O)O)CCC3)cc1,,,,,,,,,,,,,,csd_FADVEM,7.582749405,7.401357668,-1.17590065,-1.413422158,6.078210418,3.3343,2.3587,0.311889175,0.130497439,0.181391737,0.432456358,0.237521508,0.19493485,-1.352950808,-7.431161226
O=Cc1ccc(N=Cc2ccc(O)cc2O)cc1,,,,,,,,,,,,,,csd_AYUVOH,7.689045514,7.506067734,-0.8719064,-1.198709327,6.13344956,3.4202,2.4811,0.345651339,0.162673559,0.18297778,0.551297032,0.326802927,0.224494104,-1.19185932,-7.32530888
O=Cc1ccc(O)c2c(O)ccc(O)c12,,,,,,,,,,,,,,csd_NEDXUP,7.20922932,7.001959215,0.127973718,-0.102872725,7.320138714,3.604,2.2209,0.422263811,0.214993707,0.207270105,0.463254357,0.230846442,0.232407914,0.137689684,-7.18244903
O=Cc1ccc(O)c(C(=O)Nc2cc(NC(=O)c3cc(C=O)ccc3O)c(O)cc2O)c1,,,,,,,,,,,,,,csd_CONJOF,6.689004849,6.401697364,-0.1994065,-0.30237988,5.8912681,3.5363,2.8848,0.583630107,0.296322622,0.287307485,0.218992177,0.10297338,0.116018797,-0.500145532,-6.391413632
O=Cc1ccc(Nc2ccnc3ccccc23)cc1,,,,,,,,,,,,,,csd_LIJLUM,7.69666223,7.604913308,-0.454082646,-0.59385011,7.273062992,3.7075,2.5917,0.202410393,0.110661471,0.091748922,0.28361117,0.139767465,0.143843705,-0.4761995,-7.749262492
O=Cc1ccc(Nc2ccccc2)cc1,,,,,,,,,,,,,,csd_VABCAE,7.501802891,7.41737721,0.107398579,-0.248179614,7.44639961,3.7463,2.8421,0.166922456,0.082496774,0.084425681,0.801608768,0.355578194,0.446030575,-0.018775866,-7.465175476
O=Cc1ccc(Nc2ccc(C=O)cc2)cc1,,,,,,,,,,,,,,csd_QAMMAV,7.65951505,7.589158397,-0.640434503,-0.774511384,6.287466084,3.4964,2.6582,0.142797128,0.072440475,0.070356653,0.269458548,0.134076881,0.135381667,-1.016617904,-7.304083988
O=Cc1ccc(Nc2ccc(C=Cc3ccncc3)cc2)cc1,,,,,,,,,,,,,,csd_IFUTAF,7.120827019,6.971857584,-0.841372542,-1.013381924,5.863512472,3.3852,2.2045,0.316422704,0.167453268,0.148969435,0.367894999,0.172009382,0.195885617,-1.047094672,-6.910607144
O=Cc1ccc(NN=Nc2ccccc2)cc1,,,,,,,,,,,,,,csd_WAQQOV,7.619979335,7.514131424,-0.800503387,-1.010122488,6.134538016,3.4497,2.2587,0.218818541,0.112970631,0.105847911,0.431499578,0.209619101,0.221880477,-1.148593194,-7.28313121
O=Cc1ccc(NN=C(C(=O)c2ccccc2)C(=O)c2ccccc2)cc1,,,,,,,,,,,,,,csd_AXANOD,7.829299655,7.555258271,-1.45831607,-1.711047118,5.953310092,2.7893,2.1052,0.594698616,0.320657233,0.274041383,0.5210262,0.252731048,0.268295152,-1.655269462,-7.608579554
O=Cc1ccc(NC=C2C(=O)C=Cc3ccccc32)cc1,,,,,,,,,,,,,,csd_QAKHOB,7.331454439,7.242574578,-1.297565786,-1.440270123,5.565547642,2.9896,1.9056,0.187063681,0.09818382,0.088879861,0.286895369,0.142704337,0.144191032,-1.518668234,-7.084215876
O=Cc1ccc(NC(=O)c2ccccc2)c(C(=O)c2ccccc2)c1,,,,,,,,,,,,,,csd_MIYCAY,8.136095673,7.923565387,-1.124473553,-1.324956808,6.491823698,3.4529,2.7656,0.45210952,0.239579234,0.212530286,0.448022095,0.200483255,0.24753884,-1.35512772,-7.846951418
O=Cc1ccc(NC(=O)Nc2ccc(F)cc2)cc1,,,,,,,,,,,,,,csd_KEWKIJ,7.99070685,7.806016901,-0.01991899,-0.257487628,7.727221258,3.7011,3.0768,0.463069918,0.278379969,0.184689949,0.480693381,0.237568638,0.243124743,-0.173608732,-7.90082999
O=Cc1ccc(N=Cc2ccccc2O)cc1,,,,,,,,,,,,,,csd_KOGVEH01,7.942343865,7.500359272,-1.011303028,-1.335847572,6.178892598,3.4003,2.4868,0.760501268,0.318516675,0.441984593,0.542861852,0.324544545,0.218317307,-1.339617222,-7.51850982
O=Cc1ccc(N=CNc2ccc(C=O)cc2)cc1,,,,,,,,,,,,,,csd_RERGON,7.856068353,7.665671901,-0.713833064,-0.999609691,6.517402414,3.4783,2.8177,0.452105384,0.261708932,0.190396451,0.547490103,0.285776626,0.261713476,-1.040291822,-7.557694236
O=Cc1ccc(I)cc1-c1ccc(O)cc1,,,,,,,,,,,,,,csd_PEWSAO,7.988463379,7.838987349,-0.470675014,-0.658571827,6.641758512,3.2799,2.7588,0.298834697,0.149358667,0.14947603,0.382116928,0.187896812,0.194220116,-0.905867506,-7.547626018
O=Cc1ccc(N2c3ccccc3Sc3ccccc32)cc1,,,,,,,,,,,,,,csd_FECGUR,6.775764589,6.468633054,-0.556266323,-0.753799046,5.395204278,2.7645,2.7272,0.453797715,0.146666181,0.307131534,0.393227588,0.197532723,0.195694865,-1.093626166,-6.488830444
O=Cc1ccc(N2c3ccccc3Oc3ccccc32)cc1,,,,,,,,,,,,,,csd_FECGOL,6.577621215,6.48956224,-0.560232004,-0.753440318,5.163091036,2.4794,2.4649,0.178728149,0.090669174,0.088058975,0.38383277,0.193208314,0.190624456,-1.112674146,-6.275765182
O=Cc1ccc(N2CCCC2)c2c(N3CCCC3)ccc(C=O)c12,,,,,,,,,,,,,,csd_GIBTUI,6.622259911,6.480860769,-0.290395979,-0.610290476,6.348147506,3.1543,2.058,0.28846016,0.147061018,0.141399142,0.741235543,0.319894497,0.421341045,-0.282454332,-6.630601838
O=Cc1ccc(N2C(=O)c3ccccc3C2=O)cc1,,,,,,,,,,,,,,csd_HAMTEV,8.553560073,8.240953224,-1.049967706,-1.38547839,6.392774202,3.4405,2.8957,0.625909112,0.313302263,0.312606849,0.65741975,0.335510684,0.321909066,-1.529552794,-7.922326996
O=Cc1ccc(N(c2ccccc2)c2ccccc2)cc1O,,,,,,,,,,,,,,csd_PEGWAC,6.978615834,6.899614228,-0.079321694,-0.361060012,6.328555298,3.4256,2.6913,0.151616914,0.072615308,0.079001606,0.538422012,0.281738318,0.256683694,-0.432117032,-6.76067233
O=Cc1ccc(N(c2ccccc2)c2ccccc2)cc1,,,,,,,,,,,,,,csd_KOMSUB02,6.996230399,6.920938932,-0.169223397,-0.469332975,6.212090506,3.5137,2.6433,0.141941112,0.066649644,0.075291468,0.56761062,0.300109578,0.267501042,-0.56327598,-6.775366486
O=Cc1ccc(N(c2ccccc2)c2ccc(O)cc2)cc1,,,,,,,,,,,,,,csd_YALMOQ,6.827944788,6.665804791,-0.082596885,-0.407544594,6.1361707,3.5284,2.6176,0.308652597,0.146512599,0.162139998,0.62356036,0.324947709,0.298612652,-0.474022588,-6.610193288
O=Cc1ccc(N(c2ccccc2)c2ccc(-c3cc(-c4ccccc4)nc(-c4ccccn4)c3)cc2)cc1,,,,,,,,,,,,,,csd_KOHYEN,6.901816501,6.816600465,-0.649332305,-0.859752346,6.048822106,3.4456,2.6149,0.164172635,0.078956598,0.085216037,0.41485548,0.210420042,0.204435439,-0.762463428,-6.811285534
O=Cc1ccc(N(c2ccc(O)cc2)c2ccc(O)cc2)s1,,,,,,,,,,,,,,csd_HOJCIU,6.631628524,6.498780565,0.007210749,-0.415837268,6.016712654,3.3678,2.278,0.253065204,0.120217244,0.13284796,0.742696251,0.423048017,0.319648234,-0.375245206,-6.39195786
O=Cc1ccc(N(c2ccc(C=O)cc2)c2ccc(C=O)cc2)cc1,,,,,,,,,,,,,,csd_IDOKUI,7.445630072,7.382964666,-0.918532236,-1.09707249,6.068414314,3.4174,2.6322,0.126014633,0.063349228,0.062665405,0.356494374,0.178540254,0.17795412,-1.218254378,-7.286668692
O=Cc1ccc(N(c2ccc(C=O)cc2)c2ccc(-c3cc(-c4ccccn4)nc(-c4ccccn4)c3)cc2)cc1,,,,,,,,,,,,,,csd_ZAPLIN,7.074992572,6.972146814,-0.760573596,-0.937212318,5.990045482,3.3847,2.5677,0.201586677,0.098740919,0.102845758,0.357844876,0.176638721,0.181206155,-1.015529448,-7.00557493
O=Cc1ccc(N(C(=O)c2ccccc2)C(=O)c2ccccc2)cc1,,,,,,,,,,,,,,csd_MOCWIK,8.408020281,7.967134376,-0.733983705,-0.999510641,7.000404764,3.4369,2.8928,0.919816614,0.478930708,0.440885906,0.565280644,0.265526936,0.299753707,-1.031856288,-8.032261052
O=Cc1ccc(C#Cc2c3ccccc3c(C#Cc3ccc(C=O)cc3)c3ccccc23)cc1,,,,,,,,,,,,,,csd_RAZKUA01,6.790378471,6.713252928,-1.998912981,-2.131114942,4.728797092,2.4128,1.2001,0.154213535,0.077087991,0.077125543,0.267643167,0.132201961,0.135441206,-2.036501176,-6.765298268
O=Cc1ccc(C#CC(=O)c2ccco2)[nH]1,,,,,,,,,,,,,,csd_NAKGUE,8.460316102,8.209755735,-0.916174395,-1.124464084,7.539190484,3.6366,2.5067,0.59916251,0.348602143,0.250560367,0.428309368,0.208289689,0.220019679,-0.928725082,-8.467915566
O=Cc1ccc(O)c2ccc(O)cc12,,,,,,,,,,,,,,csd_NEWGOO,7.845934474,7.689550721,-0.106558128,-0.325490032,7.715248242,3.7907,2.4761,0.316226237,0.159842485,0.156383753,0.438509752,0.218931904,0.219577848,-0.121907072,-7.837155314
O=Cc1ccc(-c2ccc(O)cc2)cc1,,,,,,,,,,,,,,csd_PAZTIU,7.879454973,7.677599801,-0.299774769,-0.529127197,6.592505878,3.4514,2.9016,0.38930618,0.187451008,0.201855172,0.442413771,0.229352428,0.213061344,-0.80001516,-7.392521038
O=Cc1ccc(-c2cccc(O)c2)[nH]1,,,,,,,,,,,,,,csd_ECAQUW,7.894206463,7.663237216,0.083974435,-0.206468293,7.918245286,3.9421,2.7125,0.427457597,0.196488349,0.230969248,0.52053,0.290442728,0.230087272,0.032925794,-7.885319492
O=Cc1ccc(-c2cccc(Cl)c2)cc1,,,,,,,,,,,,,,csd_DAFHEX,8.492097793,8.310564013,-0.584532437,-0.862791043,6.983261582,3.4134,2.8725,0.350023776,0.168489996,0.18153378,0.523043653,0.278258606,0.244785047,-1.047911014,-8.031172596
O=Cc1ccc(-c2cccc(Br)n2)nc1Br,,,,,,,,,,,,,,csd_KETWIQ,8.677272458,8.577445261,-1.326771808,-1.556591129,6.556858944,3.1145,2.6379,0.207062427,0.107235229,0.099827198,0.463086598,0.229819321,0.233267277,-1.703977868,-8.260836812
O=Cc1ccc(-c2cccc(-c3ccc(C=O)cc3)c2O)cc1,,,,,,,,,,,,,,csd_BEHWUJ,8.4173905,8.151795753,-0.527000245,-0.854369061,9.095682564,3.9999,2.4522,0.538211641,0.272616894,0.265594747,0.644311856,0.327368816,0.31694304,-0.022041234,-9.117723798
O=Cc1ccc(-c2cccc(-c3ccc(C=O)cc3)c2)cc1,,,,,,,,,,,,,,csd_HOGBAJ,8.596611556,8.374940253,-0.459952199,-0.808966486,8.355804598,3.714,2.9088,0.435244302,0.213573,0.221671303,0.655761134,0.349014287,0.306746847,-0.436470856,-8.792275454
O=Cc1ccc(-c2cccc(-c3ccc(C=O)[nH]3)c2)[nH]1,,,,,,,,,,,,,,csd_NEJYEH,7.657840351,7.512333104,-0.537863825,-0.697244641,6.526110062,3.6953,2.5541,0.269564292,0.124057045,0.145507247,0.293014042,0.159380816,0.133633226,-0.835934208,-7.36204427
O=Cc1ccc(-c2ccc3c4c(c5ccccc5c3c2)-c2c(c3ccc(-c5ccc(C=O)cc5)cc3c3ccccc23)C4)cc1,,,,,,,,,,,,,,csd_RAGKOC,7.261677742,7.053748904,-0.813026019,-1.118035608,7.763956648,3.8532,1.1085,0.42360449,0.215675652,0.207928838,0.62647228,0.305009589,0.32146269,-0.276467824,-8.040424472
O=Cc1ccc(-c2ccc3c(c2)c2ccccc2n3-c2ccccc2)s1,,,,,,,,,,,,,,csd_ROPLIT,7.614647968,7.352187212,-0.307422968,-0.704893085,8.642884868,4.1913,2.0433,0.557201035,0.294740279,0.262460756,0.720525218,0.397470117,0.323055101,0.31565224,-8.327232628
O=Cc1ccc(-c2ccc3c(c2)[nH]c2cc(-n4c5ccccc5c5ccccc54)ccc23)s1,,,,,,,,,,,,,,csd_KUPTOG,7.083832739,6.972398247,-0.849197044,-1.111587323,6.106782388,3.4846,2.4706,0.228521609,0.117087117,0.111434493,0.463452048,0.262390278,0.201061769,-0.965460472,-7.07224286
O=Cc1ccc(-c2ccc3c(c2)C(F)(F)c2cc4c(cc2-3)C(F)(F)c2cc(-c3ccc(C=O)cc3)ccc2-4)cc1,,,,,,,,,,,,,,csd_CIWFOE,7.728520058,7.581139306,-1.324422376,-1.530150628,6.40964527,3.4882,2.4389,0.296454597,0.149073845,0.147380752,0.409689668,0.205728252,0.203961416,-1.337712424,-7.747357694
O=Cc1ccc(-c2ccc3c(c2)C(=O)c2ccccc2-3)s1,,,,,,,,,,,,,,csd_IROYUL,7.81099509,7.628655309,-1.363103653,-1.533258442,5.910043966,2.9238,2.2069,0.332534737,0.150194955,0.182339782,0.322372095,0.170154789,0.152217306,-1.640031078,-7.550075044
O=Cc1ccc(-c2ccc3c(-c4c(O)ccc5cc(-c6ccc(C=O)cc6)ccc45)c(O)ccc3c2)cc1,,,,,,,,,,,,,,csd_KESNEE,7.107887617,6.935857418,-0.690565739,-0.842755018,6.14161298,3.4403,2.487,0.309219737,0.137189538,0.172030199,0.363010688,0.152189278,0.21082141,-0.899608884,-7.041221864
O=Cc1ccc(-c2ccc(O)cc2)[nH]1,,,,,,,,,,,,,,csd_ECAQOQ,7.432984988,7.219327225,0.121442709,-0.085378706,6.556314716,3.7414,2.5989,0.394721929,0.181064166,0.213657763,0.374574309,0.206821416,0.167752893,-0.39592587,-6.952240586
O=Cc1ccc(-c2cccc3ccccc23)cc1,,,,,,,,,,,,,,csd_RELFUL,7.97737827,7.806126291,-0.325686852,-0.659172872,7.620280456,3.6592,2.6032,0.341299801,0.170047821,0.17125198,0.626719903,0.33348602,0.293233883,-0.37823846,-7.998518916
O=Cc1ccc(-c2ccc(O)c(O)c2)cc1,,,,,,,,,,,,,,csd_COJPAV,7.632042448,7.440089041,-0.314454857,-0.550702925,6.309235204,3.4521,2.8148,0.376373445,0.184420039,0.191953406,0.456260483,0.236248069,0.220012414,-0.808722808,-7.117958012
O=Cc1ccc(-c2ccc(Nc3ccnc4cc(Cl)ccc34)cc2)cc1,,,,,,,,,,,,,,csd_HUHMAZ,7.353600028,7.246461672,-0.81703453,-1.018327868,6.087734408,3.4243,2.5768,0.226324017,0.11918566,0.107138357,0.412076108,0.201293338,0.21078277,-1.074033958,-7.161768366
O=Cc1ccc(-c2ccc(N3CCCCC3)c3ccccc23)c2ccccc12,,,,,,,,,,,,,,csd_WONFIQ,7.020163778,6.680266453,-0.681616182,-0.904796465,5.786776324,3.2466,2.4157,0.600009193,0.260111868,0.339897325,0.438208576,0.223180284,0.215028292,-0.990222846,-6.77699917
O=Cc1ccc(-c2ccc(N(c3ccccc3)c3ccccc3)cc2)s1,,,,,,,,,,,,,,csd_PAYWUJ,6.849101489,6.762603523,-0.54036643,-0.915167546,6.487741988,3.6001,2.3944,0.184761324,0.098263359,0.086497966,0.660527075,0.374801116,0.285725959,-0.53878572,-7.026527708
O=Cc1ccc(-c2ccc(N(c3ccccc3)c3ccccc3)cc2)cc1,,,,,,,,,,,,,,csd_DEHYIB,6.846133541,6.786810512,-0.388499335,-0.755253495,6.618084594,3.6368,2.772,0.118999806,0.059676777,0.059323029,0.694983238,0.366754161,0.328229077,-0.41361328,-7.031697874
O=Cc1ccc(-c2ccc(N(c3ccc(Br)cc3)c3ccc(Br)cc3)cc2)s1,,,,,,,,,,,,,,csd_ZIRMAR,6.843291038,6.765763039,-0.839768838,-1.146766493,5.632487686,3.2683,2.3249,0.154269046,0.076741046,0.077528,0.54585497,0.306997654,0.238857315,-1.11974911,-6.752236796
O=Cc1ccc(-c2ccc(N(c3ccc(-c4ccc(C=O)cc4)cc3)c3ccc(-c4ccc(C=O)cc4)cc3)cc2)cc1,,,,,,,,,,,,,,csd_DEHYUN,6.766013656,6.712952242,-0.928535691,-1.131413277,5.663780796,3.3415,2.6466,0.105314105,0.052252691,0.053061414,0.437085834,0.202877586,0.234208248,-1.115395286,-6.779176082
O=Cc1ccc(-c2ccc(Cl)cc2)o1,,,,,,,,,,,,,,csd_WONXUV,8.016504563,7.861976193,-0.591862372,-0.765760633,6.477129542,3.4174,2.4313,0.313459273,0.158930903,0.15452837,0.34837667,0.173898261,0.174478408,-1.072673388,-7.54980293
O=Cc1ccc(-c2ccc(C(=C(c3ccccc3)c3ccccc3)c3ccccc3)cc2)s1,,,,,,,,,,,,,,csd_KUCYOY02,7.014290741,6.787766177,-0.886261148,-1.189827173,6.00827712,3.4108,2.2965,0.45627368,0.229749116,0.226524565,0.580886926,0.303566025,0.277320901,-1.027774578,-7.036051698
O=Cc1ccc(-c2ccc(C(=C(c3ccccc3)c3ccccc3)c3ccc(-c4ccc(C=O)s4)cc3)cc2)s1,,,,,,,,,,,,,,csd_COPCOC,6.98644205,6.776108541,-1.176444606,-1.472501373,5.740789058,3.2865,2.2138,0.42461757,0.214284061,0.21033351,0.61051878,0.296056767,0.314462013,-1.260704162,-7.00149322
O=Cc1ccc(-c2ccc(-n3c4ccccc4c4ccccc43)cc2)s1,,,,,,,,,,,,,,csd_NUGCAV,7.176450005,7.097370139,-0.887934921,-1.145795862,5.762286064,3.3471,2.4549,0.159817178,0.080737312,0.079079866,0.468187375,0.257860941,0.210326435,-1.224785114,-6.987071178
O=Cc1ccc(-c2ccc(-c3cccs3)s2)s1,,,,,,,,,,,,,,csd_OHEMOF,7.480186917,7.209583694,-0.880161441,-1.132403227,6.619445164,3.5023,2.0494,0.472953996,0.202350773,0.270603223,0.453224643,0.252241787,0.200982856,-0.887363754,-7.506808918
O=Cc1ccc(-c2cccc3c2sc2ccccc23)s1,,,,,,,,,,,,,,csd_CEFDEZ,7.61093198,7.491210527,-0.719725747,-0.966816688,6.26542485,3.3735,2.5231,0.238570779,0.118849327,0.119721452,0.442673967,0.247090941,0.195583026,-1.068319564,-7.333744414
O=Cc1ccc(-c2ccccc2)cc1,,,,,,,,,,,,,,csd_ZOMMIZ,8.40080839,8.199023124,-0.41732048,-0.67206098,7.02734405,3.4337,2.8911,0.379333528,0.177548262,0.201785266,0.484059676,0.254740501,0.229319175,-0.91294247,-7.94028652
O=Cc1ccc(C#CC#Cc2ccc(C=O)cc2)cc1,,,,,,,,,,,,,,csd_HOJVOS,7.92715457,7.803139486,-1.580327879,-1.753834922,5.804735848,3.274,2.1325,0.249470306,0.125455221,0.124015085,0.351447993,0.173507043,0.17794095,-1.841395438,-7.646131286
O=Cc1ccc(-c2nc3ccccc3n2-c2ccccc2)cc1,,,,,,,,,,,,,,csd_CINFEM,7.785074109,7.560587298,-0.732781478,-0.968150645,6.403658762,3.3732,2.7711,0.423047636,0.198560824,0.224486812,0.463786802,0.235369168,0.228417635,-1.082197378,-7.48585614
O=Cc1ccc(Br)cc1-c1ccc(O)cc1,,,,,,,,,,,,,,csd_PEWSIW,8.012704219,7.859889078,-0.409318505,-0.604063692,6.665160316,3.2919,2.77,0.303480581,0.15066544,0.152815141,0.394228151,0.194745187,0.199482964,-0.882193588,-7.547353904
O=Cc1ccc(Br)cc1,,,,,,,,,,,,,,csd_LIJLIA,9.51453676,9.314824676,-0.22882937,-0.486866913,9.93624271,3.9519,2.7806,0.401621488,0.201909404,0.199712084,0.514958874,0.258037543,0.256921331,0.120274388,-9.815968322
O=Cc1ccc(Br)c(NC(=O)c2ccc3ccccc3n2)c1,,,,,,,,,,,,,,csd_YANMOS,8.060207976,7.828892028,-0.962450075,-1.157311182,6.458353676,3.4427,2.7529,0.500740645,0.269424697,0.231315948,0.410443968,0.194861107,0.215582861,-1.26805124,-7.726404916
O=Cc1ccc(=O)n2c1oc1ccccc12,,,,,,,,,,,,,,csd_KUVXUV,7.998117575,7.910766668,-0.217567796,-0.362091569,6.892919734,3.7534,2.9399,0.182203045,0.094852138,0.087350907,0.296085801,0.144523773,0.151562029,-0.625317972,-7.518237706
O=Cc1ccc(=O)n(-c2ccccc2)c1,,,,,,,,,,,,,,csd_NESBAO,8.419478022,8.2847983,-0.124065589,-0.518996991,8.44641856,3.9866,2.7733,0.277447108,0.142767386,0.134679722,0.806943318,0.394931402,0.412011916,-0.00544228,-8.45186084
O=Cc1ccc(-n2ccnn2)s1,,,,,,,,,,,,,,csd_QIRQOX,8.770980166,8.505596879,-0.762084074,-0.919254263,6.84230653,3.3444,2.6332,0.557308602,0.291925314,0.265383287,0.313960643,0.157170189,0.156790454,-1.329549004,-8.171855534
O=Cc1ccc(-n2ccnn2)cc1,,,,,,,,,,,,,,csd_GEFVUL,9.18403447,8.890531574,-0.58843213,-0.782108671,8.208863038,3.6067,3.0087,0.580688119,0.287185224,0.293502895,0.383138498,0.193676541,0.189461958,-0.78232775,-8.991190788
O=Cc1ccc(-n2cccn2)cc1,,,,,,,,,,,,,,csd_BETXIJ,8.545359292,8.374140782,-0.350182092,-0.520667962,7.531027064,3.557,2.9851,0.349593509,0.178374999,0.17121851,0.344409139,0.17048587,0.173923269,-0.700149322,-8.231176386
O=Cc1ccc(-n2cc(C(=O)O)c(C(=O)O)n2)cc1,,,,,,,,,,,,,,csd_XAVFOQ,8.757262981,8.522517308,-0.853850738,-1.038357799,6.93482529,3.3942,2.8575,0.432526564,0.197780891,0.234745673,0.364993882,0.184507061,0.180486822,-1.290908816,-8.225734106
O=Cc1ccc(-c2sc(-c3ccc(C=O)cc3)c3c2OCCO3)cc1,,,,,,,,,,,,,,csd_CUHBAK,8.048190333,7.827927384,-1.187289165,-1.389487011,5.6735769,3.223,2.0705,0.451953598,0.231690649,0.220262949,0.394913878,0.202197845,0.192716033,-1.397577504,-7.071154404
O=Cc1ccc(-c2ncc[nH]2)s1,,,,,,,,,,,,,,csd_LUTXOO,7.918816181,7.728064975,-0.460489298,-0.636099891,6.329099526,3.3457,2.3873,0.384797605,0.194046398,0.190751207,0.347689691,0.175610593,0.172079098,-1.018522702,-7.347622228
O=Cc1ccc(-c2nc3ccccc3nc2-c2ccc(C=O)[nH]2)[nH]1,,,,,,,,,,,,,,csd_AWIXUZ,7.586064297,7.448112023,-1.321039183,-1.474150928,5.831947248,3.1535,2.344,0.283151216,0.145198942,0.137952274,0.315532782,0.153111745,0.162421037,-1.538532556,-7.370479804
O=Cc1ccc(-c2nc3c4cccc5ccc6cccc(c3[nH]2)c6c54)cc1,,,,,,,,,,,,,,csd_ZOHROG,6.96672984,6.892626667,-0.908980762,-1.07000531,5.594935954,3.313,2.221,0.147932871,0.073829698,0.074103173,0.323853484,0.161024548,0.162828936,-1.192403548,-6.787339502
O=Cc1ccc(-c2ccccc2)nc1,,,,,,,,,,,,,,csd_YEPJEI,8.47866943,8.352001941,-0.774581726,-0.939276112,6.732372474,3.1945,2.7603,0.254896585,0.128229097,0.126667489,0.326798764,0.164694386,0.162104378,-1.261520504,-7.993892978
O=Cc1ccc(-c2nc3c(s2)-c2sc(-c4ccc(C=O)cc4)nc2C3=O)cc1,,,,,,,,,,,,,,csd_WUQJEY,7.628995723,7.468313223,-2.140242462,-2.319068435,5.18241113,2.2038,1.4389,0.3208654,0.160182899,0.160682501,0.364567725,0.178825974,0.185741751,-2.29528159,-7.47769272
O=Cc1ccc(-c2nc3[nH]c(=O)[nH]c(=O)c3[nH]2)s1,,,,,,,,,,,,,,csd_LUTXII,7.989619428,7.800536933,-1.17860111,-1.397542129,5.957663916,3.2525,2.2719,0.38746258,0.198380086,0.189082495,0.437071956,0.21894102,0.218130936,-1.601663004,-7.55932692
O=Cc1ccc(-c2cnc[nH]2)cc1,,,,,,,,,,,,,,csd_PAFZIH,8.078479424,7.898409264,-0.471198181,-0.645740481,6.499170776,3.4184,2.6796,0.335426166,0.155356005,0.180070161,0.336268522,0.174542301,0.161726221,-1.01770636,-7.516877136
O=Cc1ccc(-c2cn3ccnc3c(-c3ccc(Cl)cc3)n2)cc1,,,,,,,,,,,,,,csd_NIYVOI,7.787092325,7.646770754,-1.025304327,-1.161085676,6.328555298,3.3808,2.4206,0.285224997,0.144903426,0.140321571,0.264879033,0.135781349,0.129097684,-1.233220648,-7.561775946
O=Cc1ccc(-c2ccsc2C(=O)Nc2cccc3cccnc23)cc1,,,,,,,,,,,,,,csd_NULWUO,7.911413048,7.571709195,-0.431726004,-0.848253625,8.511453806,3.9406,2.2095,0.699342504,0.359638652,0.339703852,0.848249271,0.416527621,0.43172165,-0.015510498,-8.526964304
O=Cc1ccc(-c2ccsc2)cc1,,,,,,,,,,,,,,csd_NARCER,8.241776342,8.028494232,-0.3728358,-0.58487941,6.864619878,3.4333,2.8869,0.382864861,0.169582751,0.21328211,0.392858737,0.21204361,0.180815127,-0.894982946,-7.759602824
O=Cc1ccc(-c2ccoc2C(=O)Nc2cccc3cccnc23)cc1,,,,,,,,,,,,,,csd_NULXAV,7.503922333,7.322745566,-0.799988221,-1.046854395,6.230322144,3.3933,2.4799,0.400886236,0.21970947,0.181176767,0.478081985,0.246866175,0.23121581,-1.022876526,-7.25319867
O=Cc1ccc(-c2ccncc2)c2cn[nH]c12,,,,,,,,,,,,,,csd_HACXOB,8.365815046,8.2539,-1.040244093,-1.323847209,6.456448878,3.4583,2.4842,0.229472729,0.117557683,0.111915046,0.537373748,0.283603116,0.253770632,-1.47077617,-7.927225048
O=Cc1ccc(-c2ccn3ccnc3n2)cc1,,,,,,,,,,,,,,csd_KOGSUX,8.147356566,7.918487794,-0.916717208,-1.121792142,7.10353597,3.5473,2.5349,0.446188673,0.2173199,0.228868772,0.414146841,0.205074934,0.209071907,-0.960834534,-8.064370504
O=Cc1ccc(-c2ccccc2O)cc1,,,,,,,,,,,,,,csd_WURJEY,8.099041447,7.934306216,-0.528171805,-0.740340342,6.53617828,3.4365,2.8866,0.328643969,0.163908739,0.164735231,0.407886505,0.212168538,0.195717967,-1.025597666,-7.561775946
O=Cc1ccc(-c2ccccc2Cl)s1,,,,,,,,,,,,,,csd_ULEJOL,8.254211925,8.048412378,-0.60744362,-0.903717261,6.748971428,3.3717,2.6093,0.398675582,0.192876036,0.205799546,0.544182829,0.296273641,0.247909188,-1.07893201,-7.827903438
O=Cc1ccc(-c2ccccc2-c2cc(-c3ccccc3)on2)cc1,,,,,,,,,,,,,,csd_ROKGOO,8.150513089,7.978636634,-0.60309034,-0.845814939,6.848565152,3.4362,2.8888,0.363137494,0.191261039,0.171876454,0.493390302,0.2427246,0.250665702,-0.973623892,-7.822189044
O=Cc1ccc(O)c2c(O)cccc12,,,,,,,,,,,,,,csd_ODIZAE,7.428294478,7.307338526,-0.079262971,-0.25005263,6.332637008,3.4048,2.34,0.24563124,0.124675288,0.120955952,0.340644686,0.170789658,0.169855028,-0.592120064,-6.924757072
O=Cc1ccc(O)c2cccc(OC(=O)c3ccccc3)c12,,,,,,,,,,,,,,csd_NEDYEA,7.815322465,7.543920152,-0.345838853,-0.558208319,7.474699466,3.5294,2.3384,0.563757731,0.292355418,0.271402313,0.441387276,0.212369467,0.229017809,-0.343407868,-7.818107334
O=Cc1cccc2c1c(O)c(O)c1ccccc12,,,,,,,,,,,,,,csd_LODRIF,7.390086978,7.123037755,-0.614452732,-0.900036729,5.97834458,3.0747,2.2756,0.468661207,0.201611984,0.267049224,0.501881429,0.285583997,0.216297432,-1.011175624,-6.989520204
O=Cc1ccc2ccccc2c1-c1ccc2ccccc2c1-c1ccc2ccccc2c1-c1ccc2ccccc2c1,,,,,,,,,,,,,,csd_GUYSIE,7.221067449,7.054785114,-0.69143732,-0.877340435,6.427060566,3.2866,2.549,0.320295593,0.154013259,0.166282335,0.383107124,0.185903115,0.197204009,-0.774436444,-7.20149701
O=Cc1ccc2nncn2c1,,,,,,,,,,,,,,csd_PEJXUY,8.835174417,8.670700796,-0.618300751,-0.834428547,6.7348215,3.4936,2.6654,0.365405047,0.200931427,0.16447362,0.434505186,0.216127796,0.21837739,-1.32655575,-8.06137725
O=Cc1ccc2ncnn2c1,,,,,,,,,,,,,,csd_PEJYAF,9.258118567,9.097701351,-0.379055537,-0.639047021,8.89404609,3.8907,2.9326,0.325878311,0.165461095,0.160417217,0.524633751,0.259991485,0.264642267,-0.364904874,-9.258950964
O=Cc1ccc2nc1Nc1cccc(c1)Nc1nc(ccc1C=O)Nc1cccc(c1)N2,,,,,,,,,,,,,,csd_KUXTII,7.015833084,6.911095044,-0.461492555,-0.675617429,6.137803384,3.4677,2.5429,0.251772118,0.147034079,0.104738039,0.543361589,0.214124874,0.329236715,-0.694162814,-6.831966198
O=Cc1ccc2nc(C(=O)c3ccccc3)c(C(=O)c3ccccc3)n2c1,,,,,,,,,,,,,,csd_MUGRIR,8.151821685,7.88022062,-1.341141605,-1.654683328,6.354678242,3.0757,2.5258,0.609306784,0.337705719,0.271601065,0.589833218,0.313541724,0.276291494,-1.55377094,-7.908449182
O=Cc1ccc2nc(-c3ccccc3O)sc2c1,,,,,,,,,,,,,,csd_YAGBAL,7.896058199,7.574071145,-1.062126521,-1.205422298,6.089639206,3.4017,2.5625,0.923600087,0.601613033,0.321987054,0.285854669,0.143295777,0.142558892,-1.394312136,-7.483951342
O=Cc1ccc2n1Cc1ccccc1C=C2c1ccccc1,,,,,,,,,,,,,,csd_YAQBOK,7.275536018,7.116679784,-0.558895244,-0.781992642,6.25726143,3.5351,2.2829,0.319892157,0.161035922,0.158856235,0.429251236,0.223097398,0.206153839,-0.785593118,-7.042854548
O=Cc1ccc2ccccc2c1OC(=O)C=Cc1ccccc1,,,,,,,,,,,,,,csd_ENOPIH,7.898652779,7.609280683,-0.844074934,-1.018833511,6.517402414,3.299,2.457,0.691354951,0.401982856,0.289372096,0.418834984,0.174758577,0.244076407,-1.058795574,-7.576197988
O=Cc1ccc2ccccc2c1O,,,,,,,,,,,,,,csd_PAHDAE,8.013346381,7.821443424,-0.345360449,-0.540870195,7.769398928,3.865,2.485,0.390039173,0.198136217,0.191902956,0.384739726,0.195509746,0.18922998,-0.301774426,-8.071173354
O=Cc1ccc2ccccc2c1Br,,,,,,,,,,,,,,csd_FADWIQ,8.250789819,8.140954268,-0.71610908,-0.8824989,6.591145308,3.2756,2.4832,0.219361436,0.109525885,0.109835551,0.332803585,0.16638982,0.166413766,-1.199750626,-7.790895934
O=Cc1ccc2ccccc2c1-c1nccc2ccccc12,,,,,,,,,,,,,,csd_PEQKEE,7.726702582,7.526710084,-0.671985333,-0.941251088,6.447197002,3.1465,2.4788,0.482565879,0.282573382,0.199992497,0.546534166,0.269265756,0.277268411,-0.998930494,-7.446127496
O=Cc1ccc2ccccc2c1-c1cccc2ccccc12,,,,,,,,,,,,,,csd_COFHAI,8.213423886,7.959744494,-0.437105399,-0.675443793,8.51580763,3.7358,2.3017,0.549501488,0.295822096,0.253679392,0.483121754,0.238338394,0.24478336,-0.054694914,-8.570502544
O=Cc1ccc2ccccc2c1-c1ccc2ccccc2c1-c1ccc2ccccc2c1Br,,,,,,,,,,,,,,csd_MIGFOA,7.495975515,7.349449746,-0.669047508,-0.881962291,6.520123554,3.2443,2.5702,0.269045643,0.122519873,0.14652577,0.390021813,0.212914783,0.17710703,-0.859063898,-7.379187452
O=Cc1ccc2ccccc2c1-c1ccc2ccccc2c1-c1ccc2ccccc2c1,,,,,,,,,,,,,,csd_GUYSEA,7.428811522,7.189846993,-0.671154487,-0.83191835,6.42733268,3.2526,2.544,0.42729626,0.188331732,0.238964528,0.409605585,0.160763863,0.248841722,-0.890357008,-7.317689688
O=Cc1ccc2oc3cc(O)cc(O)c3c2c1O,,,,,,,,,,,,,,csd_BETYUW,7.544473196,7.356299508,0.258768523,0.090040781,6.90217161,3.4972,2.9524,0.380346119,0.192172431,0.188173688,0.345425539,0.168727742,0.176697797,-0.215514288,-7.117685898
O=Cc1ccc2ccccc2c1-c1c(C=O)ccc2ccccc12,,,,,,,,,,,,,,csd_ILUTOY,7.611251006,7.425198991,-0.799139633,-1.058138745,6.477945884,3.1397,2.3958,0.525326281,0.339274266,0.186052015,0.520925899,0.258999112,0.261926787,-0.942330782,-7.420276666
O=Cc1ccc2ccccc2c1,,,,,,,,,,,,,,csd_TECTAX,8.317796286,8.217147576,-0.408005255,-0.580378671,6.839041162,3.4555,2.6255,0.202294282,0.101645572,0.10064871,0.344218577,0.172373416,0.171845161,-0.951310544,-7.790351706
O=Cc1ccc2cccc(O)c2c1O,,,,,,,,,,,,,,csd_HEKWAV01,7.534581199,7.405630212,-0.563349505,-0.911938124,5.911404536,3.1241,2.2185,0.262835811,0.133884823,0.128950988,0.541447893,0.348588619,0.192859274,-1.113218374,-7.02462291
O=Cc1ccc2cccc(NC(=O)c3ccc4cccc(NC(=O)C5CCCC5)c4n3)c2n1,,,,,,,,,,,,,,csd_LUHCAU,7.167109147,7.091742005,-1.645918809,-1.738340696,3.486052454,2.1817,2.004,0.155652201,0.080285059,0.075367142,0.185746921,0.092421887,0.093325034,-2.690391118,-6.176443572
O=Cc1ccc2ccc3ccccc3c2n1,,,,,,,,,,,,,,csd_RIQQUE,8.157124098,8.055645767,-0.814619654,-0.999613364,6.50760631,3.1445,2.6217,0.205742838,0.104264506,0.101478331,0.36776784,0.18499371,0.18277413,-1.25308497,-7.76069128
O=Cc1ccc2ccc3c(C=O)ccc4ccc1c2c43,,,,,,,,,,,,,,csd_EFONUK,7.750612422,7.664262405,-1.609328727,-1.755828157,5.520920946,2.9923,1.7608,0.17391037,0.087560353,0.086350017,0.292429841,0.146499429,0.145930412,-1.922213296,-7.443134242
O=Cc1ccc2ccc(N3CCCCC3)nc2n1,,,,,,,,,,,,,,csd_FEQLEV,7.41982678,7.349913428,-0.644223174,-0.892991643,5.956303346,2.9883,2.4437,0.134539774,0.064626422,0.069913352,0.504546214,0.248768469,0.255777745,-1.084918518,-7.041221864
O=Cc1ccc2ccc(N3CCCC3)nc2n1,,,,,,,,,,,,,,csd_FEQNEX,7.461140951,7.393599263,-0.601736437,-0.822975214,5.992222394,2.9882,2.4643,0.13745406,0.069912372,0.067541688,0.446832712,0.221238777,0.225593935,-1.054713864,-7.046936258
O=Cc1ccc2cc[nH]c2c1,,,,,,,,,,,,,,csd_QEGRIG,7.989363341,7.843838271,0.126284271,-0.02622213,6.858361256,3.5217,2.8133,0.299029748,0.153504678,0.145525071,0.305087196,0.1525064,0.152580796,-0.499873418,-7.358234674
O=Cc1ccc2cc3ccccc3cc2c1,,,,,,,,,,,,,,csd_BEZHUL01,7.497970982,7.420856786,-0.95797867,-1.079089129,5.842559694,3.1278,1.7906,0.15436102,0.077246824,0.077114196,0.247285149,0.121110458,0.12617469,-1.305875086,-7.14843478
O=Cc1ccc2cc3cccc(C=O)c3cc2c1,,,,,,,,,,,,,,csd_BEZHEV,7.804680767,7.700217889,-1.312550913,-1.471608077,6.469238236,3.2605,1.6761,0.209709743,0.105246865,0.104462877,0.319519034,0.159057164,0.160461871,-1.339072994,-7.80831123
O=Cc1ccc2cc3ccc(C=O)cc3cc2c1,,,,,,,,,,,,,,csd_BEZGOE,7.825958068,7.717611688,-1.307857192,-1.441692979,6.52937543,3.3389,1.6588,0.218143535,0.109797155,0.10834638,0.266751395,0.133835788,0.132915607,-1.30206549,-7.83144092
O=Cc1ccc2oc(=O)cc(-c3ccccc3)c2c1,,,,,,,,,,,,,,csd_DONXIQ,8.546234411,8.414820002,-0.874189844,-1.147861207,6.925029186,3.5351,2.7189,0.275084369,0.143669961,0.131414409,0.532449736,0.273671363,0.258778373,-1.226417798,-8.151446984
O=Cc1ccc2oc3ccccc3n2c1=O,,,,,,,,,,,,,,csd_KUVYAC,7.95762859,7.871569027,-0.564739899,-0.729249656,6.467877666,3.0983,2.5431,0.180307308,0.094247745,0.086059563,0.336705836,0.164509757,0.172196079,-1.003012204,-7.47088987
O=Cc1ccc2cc(O)ccc2c1,,,,,,,,,,,,,,csd_HEQXOR,8.008756334,7.879237608,-0.231559408,-0.416382421,6.714957178,3.514,2.6399,0.267371951,0.137853225,0.129518726,0.369475791,0.184823013,0.184652778,-0.75783749,-7.472794668
O=Cc1cccc(C=Nc2ccccn2)c1O,,,,,,,,,,,,,,csd_REZNEQ,8.049899128,7.533997379,-1.05810454,-1.386561268,6.227056776,3.1543,2.471,0.74188761,0.225985861,0.515901749,0.557399379,0.328456728,0.228942651,-1.381794892,-7.608851668
O=Cc1cccc2c1[nH]c1c(C=O)cccc12,,,,,,,,,,,,,,csd_CETGAM,7.935020026,7.859492336,-0.619695117,-0.722663,6.558491628,3.5303,2.791,0.152714322,0.077186633,0.07552769,0.206314277,0.102967883,0.103346394,-0.992127644,-7.550619272
O=Cc1cccc2c(C=O)c3cccc(C=O)c3cc12,,,,,,,,,,,,,,csd_KIWRUG,7.926584383,7.831469628,-1.80979922,-1.951603322,5.531533392,2.5611,1.5837,0.203507339,0.108392585,0.095114755,0.284401335,0.141804102,0.142597233,-2.100175852,-7.631709244
O=Cc1cccc(OC(=O)c2ccccc2)c1,,,,,,,,,,,,,,csd_MEXCOJ,8.786648926,8.458806958,-0.42803222,-0.576809352,7.200952782,3.4819,2.9192,0.79246748,0.464625512,0.327841968,0.35141885,0.148777132,0.202641718,-0.849267794,-8.050220576
O=Cc1cccc(O)c1OC(=O)C=Cc1ccccc1,,,,,,,,,,,,,,csd_XEBGIW,8.132008466,7.873382885,-0.682985976,-0.954027194,6.687745778,3.3939,2.5998,0.761298753,0.502673172,0.258625581,0.623866842,0.271041218,0.352825625,-1.028318806,-7.716064584
O=Cc1cccc(O)c1OC(=O)C=Cc1ccc(O)cc1,,,,,,,,,,,,,,csd_CEGQIR,7.809275684,7.664391469,-0.518612576,-0.764939448,6.61781248,3.3955,2.5065,0.298326361,0.153442146,0.144884215,0.59666562,0.246326872,0.350338748,-0.828042902,-7.445855382
O=Cc1cccc(O)c1-c1c(O)cccc1C=O,,,,,,,,,,,,,,csd_GAWHUK,7.970163685,7.834958266,-0.539601137,-0.722731927,6.683391954,3.3091,2.7836,0.280409776,0.145204357,0.135205419,0.369142777,0.18313079,0.186011987,-0.907772304,-7.591164258
O=Cc1cccc(O)c1,,,,,,,,,,,,,,csd_HESRAZ,8.844369121,8.621472245,0.101344669,-0.165396114,8.928604568,3.8067,3.1033,0.449140429,0.226243553,0.222896877,0.531479323,0.266740783,0.264738541,0.090886076,-8.837718492
O=Cc1cccc(NC=C2C(=O)C=Cc3ccccc32)c1,,,,,,,,,,,,,,csd_LEWXIX,7.329159184,7.220528364,-0.987319553,-1.141535727,6.380529072,3.2254,1.9834,0.227772207,0.119141387,0.10863082,0.312099465,0.154216174,0.157883291,-0.962739332,-7.343268404
O=Cc1cccc(NC(=O)c2ccc3ccccc3n2)c1,,,,,,,,,,,,,,csd_YANMIM,8.121634637,7.840363592,-0.848957911,-1.070715827,6.966662628,3.5681,2.7673,0.595702091,0.314431047,0.281271044,0.451725159,0.221757917,0.229967242,-0.982603654,-7.949266282
O=Cc1cccc(N=Cc2ccccc2O)c1,,,,,,,,,,,,,,csd_QOYGOB01,7.925225065,7.488408678,-0.802529112,-1.098156129,6.362569548,3.4541,2.5461,0.769098737,0.332282351,0.436816386,0.479814181,0.295627017,0.184187164,-1.12383082,-7.486400368
O=Cc1cccc(N=Cc2cccc(O)c2O)c1,,,,,,,,,,,,,,csd_NUQXAA03,7.552449484,6.922982453,-0.636051482,-0.912082563,6.071951796,3.1872,2.3566,0.983846344,0.354379314,0.62946703,0.50084364,0.276031081,0.224812559,-0.950222088,-7.022173884
O=Cc1cccc(C=O)c1Oc1ccccc1,,,,,,,,,,,,,,csd_KAGDIH,9.014588728,8.690957289,-0.604573416,-0.858965447,9.535963016,3.916,2.5384,0.654360618,0.330729179,0.323631439,0.513842635,0.254392032,0.259450604,-0.127621466,-9.663584482
O=Cc1cccc(C=Nc2ccccc2)c1O,,,,,,,,,,,,,,csd_INAQAP,8.000405292,7.541420839,-0.878446633,-1.299091393,6.395223228,3.1942,2.5652,0.689348383,0.23036393,0.458984453,0.684119304,0.42064476,0.263474544,-1.216621694,-7.611844922
O=Cc1ccc2ocnc2c1,,,,,,,,,,,,,,csd_BAZTIF,9.229414867,9.031987888,-0.02359261,-0.224476961,7.324220424,3.5614,2.9928,0.403331888,0.205904909,0.197426979,0.402876505,0.200884351,0.201992154,-0.748585614,-8.072806038
O=Cc1cccc(C=Nc2c(F)c(F)c(F)c(F)c2F)n1,,,,,,,,,,,,,,csd_RIRFUU,9.265250675,8.944140917,-1.094441147,-1.417995034,7.497012814,3.4275,2.6602,0.657368919,0.336259161,0.321109758,0.61263365,0.323553886,0.289079764,-1.105871296,-8.60288411
O=Cc1cccc(C=NNc2cccc(C=O)n2)n1,,,,,,,,,,,,,,csd_CIZBIX,7.917594063,7.80556228,-0.683157871,-0.891249406,7.19061245,3.4404,2.428,0.230343521,0.118311739,0.112031783,0.450833414,0.208091535,0.242741879,-0.728449178,-7.919061628
O=Cc1cccc(C=Cc2cccc(C=O)c2)c1,,,,,,,,,,,,,,csd_PAHPIZ,8.314774106,8.031025056,-0.517951148,-0.808005978,9.102757528,4.1292,1.4004,0.570940207,0.287191156,0.28374905,0.598360536,0.29005483,0.308305706,0.041905556,-9.060851972
O=Cc1cccc(C2=Nc3ccccc3NCC2)n1,,,,,,,,,,,,,,csd_LINLUQ,7.104779368,6.8670947,-0.645656072,-0.830295679,5.736435234,2.9923,2.177,0.460758037,0.22307337,0.237684667,0.400736165,0.184639608,0.216096558,-0.975256576,-6.71169181
O=Cc1cccc(C(=O)c2ccccc2)c1,,,,,,,,,,,,,,csd_HEKYOL,8.654454693,8.517771123,-0.692577587,-0.858154003,6.85455166,3.3372,2.7745,0.501235185,0.364551616,0.13668357,0.325718689,0.165576417,0.160142273,-1.10614341,-7.96069507
O=Cc1cccc(-n2nc3cc(C=O)ccc3c2C(=O)O)c1,,,,,,,,,,,,,,csd_KUYRIH,8.366838004,8.210058163,-0.934340154,-1.319830725,7.439868874,3.6229,2.3533,0.319500748,0.162720907,0.156779842,0.734981547,0.38549057,0.349490976,-0.921650118,-8.361518992
O=Cc1cccc(-c2nc3sccc(=O)n3c2Nc2ccccc2)c1,,,,,,,,,,,,,,csd_NARBIU,7.10323474,6.828578107,-0.76437775,-1.122071059,6.143789892,2.9664,2.3845,0.478865401,0.204208768,0.274656633,0.797138371,0.357693309,0.439445062,-0.958657622,-7.102447514
O=Cc1cccc(-c2cccc3c2[nH]c2c(-c4cccc(C=O)n4)cccc23)n1,,,,,,,,,,,,,,csd_CODCEG,7.369502643,7.284341845,-0.844756144,-1.152632454,6.29399682,3.3184,2.703,0.176461847,0.09130105,0.085160797,0.674187469,0.30787631,0.366311159,-1.071040704,-7.365037524
O=Cc1cccc(-c2cccc3c2[nH]c2c(-c4cccc(C=O)c4)cccc23)c1,,,,,,,,,,,,,,csd_CODDAD,7.353718398,7.274198252,-0.692432985,-0.806214733,6.186239676,3.4375,2.8857,0.156894674,0.077374527,0.079520146,0.231414181,0.113781748,0.117632433,-0.973896006,-7.160135682
O=Cc1cccc(-c2ccc(N(c3ccccc3)c3ccccc3)cc2)c1,,,,,,,,,,,,,,csd_ZIYBUH,6.707977998,6.651398695,-0.302991048,-0.541699517,5.835212616,3.4771,2.8062,0.113375754,0.05679645,0.056579303,0.458078068,0.238708469,0.219369599,-0.722734784,-6.5579474
O=Cc1cccc(-c2ccc(N(c3ccc(-c4cccc(C=O)c4)cc3)c3ccc(-c4cccc(C=O)c4)cc3)cc2)c1,,,,,,,,,,,,,,csd_MADJAF,6.601590132,6.541612124,-0.584778156,-0.693246878,5.766367774,3.4712,2.7745,0.118194076,0.058216069,0.059978007,0.292188938,0.108468722,0.183720216,-0.833485182,-6.599852956
O=Cc1cccc(-c2cc(C3=C(c4csc(-c5cccc(C=O)c5)c4)C(F)(F)C(F)(F)C3(F)F)cs2)c1,,,,,,,,,,,,,,csd_WABMUI01,7.742237869,7.565515337,-1.074884858,-1.486575653,6.431958618,3.4519,2.4531,0.352977029,0.176254496,0.176722533,0.72614274,0.411690795,0.314451945,-1.188321838,-7.620280456
O=Cc1ccc2cc3c(C=O)cccc3cc2c1,,,,,,,,,,,,,,csd_BEZHIZ01,7.712604192,7.626548929,-1.370967639,-1.492224413,5.716026684,3.0014,1.7378,0.173064314,0.08700905,0.086055263,0.240191137,0.121256774,0.118934363,-1.682752976,-7.39877966
O=Cc1ccc2cc(O)cc(O)c2c1O,,,,,,,,,,,,,,csd_FAXWIL,7.465714262,7.331759723,-0.401890799,-0.810342539,6.044468282,3.2707,2.3617,0.273619253,0.139664715,0.133954538,0.630630018,0.40845174,0.222178278,-0.942330782,-6.986799064
O=Cc1ccc(O)c2ccccc12,,,,,,,,,,,,,,csd_WOSNEZ,7.88594383,7.769952952,-0.254222722,-0.415762083,6.597948158,3.3718,2.4581,0.236570769,0.12057989,0.115990878,0.32254633,0.16153936,0.161006969,-0.76872205,-7.366670208
O=Cc1ccc2[nH]c3c(O)cccc3c2c1,,,,,,,,,,,,,,csd_EFEWOD,7.866702323,7.659475103,0.378728592,0.102720613,9.113914202,4.0919,2.7028,0.450246518,0.243019299,0.207227219,0.55340665,0.276007979,0.277398672,0.83538998,-8.278524222
O=Cc1ccc2c(C=O)cccc2c1,,,,,,,,,,,,,,csd_ULIVUI,8.723744387,8.589098189,-0.871815269,-1.065999466,7.848311988,3.5654,2.4024,0.271281658,0.13663546,0.134646198,0.387640489,0.194184197,0.193456292,-0.880833018,-8.729145006
O=Cc1ccc2c(C=O)c3ccccc3cc2c1,,,,,,,,,,,,,,csd_KIWROA,7.792010921,7.707705324,-1.544170949,-1.667961648,5.62595695,2.7394,1.637,0.178917431,0.094611834,0.084305598,0.248057354,0.1237907,0.124266654,-1.843844464,-7.469801414
O=Cc1ccc2c(C3=C(c4csc5cc(C=O)ccc45)CCC3)csc2c1,,,,,,,,,,,,,,csd_GAGKOQ,7.404274186,7.059780855,-0.712451868,-0.917728139,6.275493068,3.4402,2.6086,0.644014109,0.299520778,0.344493331,0.405695035,0.205276271,0.200418764,-0.989950732,-7.2654438
O=Cc1ccc2c(C(=O)c3cccc4cccnc34)c(O)ccc2c1,,,,,,,,,,,,,,csd_FOHGIV,7.752091117,7.499485242,-0.998568582,-1.287498683,6.25454029,3.3285,2.4574,0.643255455,0.39064958,0.252605875,0.62111245,0.288930101,0.332182349,-1.218254378,-7.472794668
O=Cc1ccc2c(Br)cccc2c1,,,,,,,,,,,,,,csd_CIDNOU,8.451815397,8.305099964,-0.565282549,-0.780532886,7.950898966,3.7128,2.4632,0.295923159,0.149207725,0.146715433,0.431925192,0.215250337,0.216674854,-0.537969378,-8.488868344
O=Cc1ccc2c(-c3ccccc3)cn3ccccc3c1-2,,,,,,,,,,,,,,csd_VACBOS,6.989449917,6.847765872,-0.539601028,-0.763243824,5.885281592,2.6919,2.325,0.291339997,0.149655952,0.141684045,0.432776582,0.223642796,0.209133786,-0.800831502,-6.686113094
O=Cc1ccc2c(-c3c(-c4csc5cc(C=O)ccc45)c4nsnc4c4nsnc34)csc2c1,,,,,,,,,,,,,,csd_FODMES,7.711007345,7.471632741,-0.89459736,-1.007152146,5.902424774,3.0664,2.4102,0.467183819,0.227809215,0.239374604,0.224712013,0.112554786,0.112157227,-1.718944138,-7.621368912
O=Cc1ccc2[nH]c3ccccc3c2c1,,,,,,,,,,,,,,csd_EQOLAZ,7.763680343,7.695122745,0.082786929,-0.050379322,6.94570985,3.5867,3.0408,0.143434582,0.074876984,0.068557598,0.274111671,0.133166251,0.140945419,-0.384224968,-7.329934818
O=Cc1ccc2[nH]c3ccc(O)c(Br)c3c2c1,,,,,,,,,,,,,,csd_HEXJIE,7.366942322,7.236241614,0.024441824,-0.108198785,6.630873952,3.5833,2.9285,0.279010185,0.148309477,0.130700708,0.267710923,0.132640609,0.135070315,-0.334155992,-6.965029944
O=Cc1ccc2[nH]c3ccc(C=O)cc3c2c1,,,,,,,,,,,,,,csd_LEGFUA,8.115853085,8.045439479,-0.392492798,-0.525900034,6.905709092,3.5823,3.0251,0.142352738,0.071939132,0.070413606,0.268737038,0.133407235,0.135329803,-0.825049648,-7.73075874
O=Cc1ccc2[nH]c3cc(O)ccc3c2c1,,,,,,,,,,,,,,csd_KENCUC,7.580306719,7.408664201,0.193236696,0.026381507,6.819448954,3.5956,3.0283,0.34278187,0.171139352,0.171642518,0.33942752,0.166855189,0.172572331,-0.306672478,-7.126121432
O=Cc1ccc2[nH]c3c(c(-c4ccccc4)c(-c4ccccc4)c4[nH]c5ccc(C=O)cc5c43)c2c1,,,,,,,,,,,,,,csd_MOJDIB,7.096603322,6.974956391,-0.516262844,-0.675690083,6.37018874,3.5679,2.8484,0.246033234,0.124386303,0.121646931,0.328153429,0.159427239,0.168726191,-0.67212158,-7.04231032
O=Cc1ccc(Oc2ccc3ccc(Oc4ccc(C=O)cc4)cc3c2)cc1,,,,,,,,,,,,,,csd_DIWTOT,7.864614882,7.51720068,-0.594351943,-0.729637772,6.831149856,3.5233,2.7138,0.592784566,0.245370364,0.347414202,0.269789874,0.135285829,0.134504045,-0.817158342,-7.648308198
O=Cc1ccc2c(Cl)cc(N3CCCCC3)nc2n1,,,,,,,,,,,,,,csd_FEQMUM,7.836539792,7.740871857,-0.737207167,-1.081091235,8.165869026,3.6442,2.6894,0.194562054,0.098894119,0.095667935,0.700481573,0.343884068,0.356597506,-0.303134996,-8.469004022
O=Cc1ccc(Oc2ccc(F)cc2)cc1Oc1ccc(F)cc1,,,,,,,,,,,,,,csd_KIKPOK,8.130794348,7.831104587,-0.019857791,-0.623665696,7.16476162,3.4751,2.9338,0.462025898,0.162336137,0.299689761,0.990509926,0.603807905,0.386702022,-0.441368908,-7.606130528
O=Cc1ccc(Oc2ccc(F)cc2)cc1Cl,,,,,,,,,,,,,,csd_RIHGEV,8.704009019,8.11192297,-0.099650868,-0.562812298,7.07632457,3.3844,2.8582,0.789929255,0.197843205,0.59208605,0.759774125,0.46316143,0.296612696,-0.659332222,-7.735656792
O=Cc1ccc(Oc2ccc(C=O)cc2)cc1,,,,,,,,,,,,,,csd_JAQDAH01,8.402275574,8.282137896,-0.595953225,-0.735946109,6.98516638,3.4998,2.9477,0.23272041,0.112582732,0.120137678,0.279925468,0.139992884,0.139932584,-1.011175624,-7.996342004
O=Cc1ccc(Oc2ccc(-c3nnn[nH]3)cc2)cc1,,,,,,,,,,,,,,csd_YAHWOV,8.313558519,8.162272767,-0.584133409,-0.726102603,7.009112412,3.5047,2.9524,0.298873936,0.147588184,0.151285751,0.281795245,0.141969194,0.139826051,-0.949949974,-7.959062386
O=Cc1ccc(Oc2cc(C(=O)O)cc(Oc3ccc(C=O)cc3)c2O)cc1,,,,,,,,,,,,,,csd_ROSHUF,8.381109839,7.972646861,-0.291053679,-0.653683952,7.897564622,3.658,3.0601,0.784446974,0.375983996,0.408462978,0.66372904,0.362630273,0.301098767,-0.476471614,-8.374036236
O=Cc1ccc(OC=Nc2ccccc2)c(-c2ccccc2)c1,,,,,,,,,,,,,,csd_PAPIMS,7.897022544,7.549575524,-0.330925699,-0.542509736,6.710603354,3.4942,2.9392,0.838562421,0.491115402,0.347447019,0.414822446,0.211584037,0.203238409,-0.782871978,-7.493475332
O=Cc1ccc(OC=Cc2ccccc2)cc1,,,,,,,,,,,,,,csd_MUMMAJ,7.89486985,7.546398457,-0.099220384,-0.357381657,7.776746006,3.7416,2.7747,0.641682799,0.293211407,0.348471393,0.528569118,0.258161273,0.270407845,-0.158914576,-7.935660582
O=Cc1ccc(OC(=O)c2ccc(O)cc2)cc1O,,,,,,,,,,,,,,csd_TANGOH,8.614701314,8.283226815,-0.251460901,-0.560228684,8.697851896,4.1574,3.009,0.693122822,0.361648322,0.331474499,0.599081829,0.308767783,0.290314046,-0.1088456,-8.806697496
O=Cc1ccc(OC(=O)c2ccc(O)cc2)cc1,,,,,,,,,,,,,,csd_GIKKUI,8.388643642,8.243567369,-0.414338301,-0.576225423,7.076596684,3.4994,2.9487,0.289609624,0.144533351,0.145076273,0.296160769,0.161887122,0.134273646,-0.819607368,-7.896204052
O=Cc1ccc(OC(=O)c2ccc(Cl)cc2)cc1,,,,,,,,,,,,,,csd_TAYLOX,9.216481044,8.731243005,-0.380481768,-0.765828934,9.042892448,3.7881,3.1437,0.978957871,0.493719832,0.485238039,0.765804988,0.385347166,0.380457822,-0.290889866,-9.333782314
O=Cc1ccc(O)cc1OC(=O)c1ccccc1,,,,,,,,,,,,,,csd_XEVROF,8.44720331,8.176301686,-0.358547964,-0.593951282,7.01782006,3.4924,2.9445,0.584203098,0.313301474,0.270901623,0.491192927,0.235403318,0.255789609,-0.725728038,-7.743548098
O=Cc1ccc(O)cc1,,,,,,,,,,,,,,csd_TAYHIM,8.712437642,8.536447178,0.35038849,0.143751731,7.34299629,3.5931,3.0364,0.350824389,0.174833925,0.175990464,0.417338874,0.206636759,0.210702115,-0.442729478,-7.785725768
O=Cc1ccc2c(Cl)c(O)ccc2c1,,,,,,,,,,,,,,csd_SENDAR,7.90177096,7.759328533,-0.421227846,-0.597516901,6.504068828,3.4841,2.4914,0.29105776,0.148615333,0.142442427,0.354394471,0.176289055,0.178105416,-0.909404988,-7.413473816
O=Cc1ccc2c(F)c(F)c(F)c(F)c2c1-c1cccc2ccccc12,,,,,,,,,,,,,,csd_COFHEM,7.878536506,7.700007953,-0.914444267,-1.111013162,6.30624195,3.1368,2.4769,0.352781379,0.174252826,0.178528553,0.39798931,0.196568895,0.201420415,-1.265057986,-7.571299936
O=Cc1ccc2cc(Cl)ccc2c1C(=O)c1ccccc1,,,,,,,,,,,,,,csd_KANLAP,8.132126074,7.935223839,-0.977477026,-1.344871199,6.47359206,3.1668,2.4417,0.439858403,0.242956169,0.196902235,0.7745325,0.367394173,0.407138327,-1.314038506,-7.787630566
O=Cc1ccc2c(c1)Sc1ccccc1N2c1ccc2c(c1)Cc1ccccc1-2,,,,,,,,,,,,,,csd_DAFREK,6.744403178,6.474924602,-0.336898901,-0.488713751,5.973174414,3.0444,2.4276,0.4006846,0.131206024,0.269478576,0.324615675,0.15181485,0.172800826,-0.559738498,-6.532912912
O=Cc1ccc2cc(C(=O)O)ncn12,,,,,,,,,,,,,,csd_BOXWOC,8.240133835,8.096943176,-0.704670306,-0.935974199,6.457809448,3.4859,2.4007,0.290614215,0.147423556,0.143190659,0.465943006,0.231303893,0.234639113,-1.235125446,-7.692934894
O=Cc1ccc2cc(Br)ccc2c1,,,,,,,,,,,,,,csd_ZUQBIY,8.331387809,8.224564016,-0.669134857,-0.832968982,6.736454184,3.4319,2.5975,0.215820688,0.108996895,0.106823793,0.326707688,0.163834125,0.162873563,-1.143967256,-7.88042144
O=Cc1ccc2c3ccccc3n3c2c1OCC3=O,,,,,,,,,,,,,,csd_PIDJOC,7.999299774,7.841194275,-0.665425426,-0.846045257,6.584886686,3.3539,2.8237,0.31151091,0.15340541,0.158105499,0.358965959,0.180619831,0.178346128,-1.043829304,-7.62871599
O=Cc1ccc2c3c(cccc13)C(=O)N2,,,,,,,,,,,,,,csd_KAKNAM,8.149381067,8.013829383,-1.06379556,-1.211407881,6.123109228,3.1339,2.124,0.284312843,0.148761159,0.135551684,0.296058971,0.147612321,0.14844665,-1.530097022,-7.65320625
O=Cc1ccc2c3c(ccc(O)c13)CO2,,,,,,,,,,,,,,csd_XAVBAY,7.293523353,7.1572959,-0.490387333,-0.696955057,5.768272572,2.8834,1.9772,0.282872871,0.146645418,0.136227452,0.434171275,0.206567724,0.227603551,-1.01362465,-6.781897222
O=Cc1ccc2c3c(ccc(O)c13)CC2,,,,,,,,,,,,,,csd_AYARUO,7.190867502,7.023746023,-0.689843685,-0.875620457,5.496974914,2.511,1.7606,0.350680985,0.183559506,0.16712148,0.377581849,0.185776772,0.191805077,-1.185872812,-6.682847726
O=Cc1ccc2c3c(c4c(c2c1)OCC4)COC3=O,,,,,,,,,,,,,,csd_CONPIE,7.862640069,7.723864432,-0.677572404,-0.850761264,6.423523084,3.4349,2.4736,0.272031223,0.133255586,0.138775637,0.346707794,0.17318886,0.173518934,-1.062060942,-7.485584026
O=Cc1ccc2c(cnn2-c2ccccc2)c1,,,,,,,,,,,,,,csd_FIJHUD,8.168472395,8.011264709,-0.027061193,-0.276765734,8.098656868,3.7769,3.0315,0.325998205,0.168790518,0.157207687,0.498129603,0.249704541,0.248425061,-0.09932161,-8.197978478
O=Cc1ccc2c(ccc3ccccc32)n1,,,,,,,,,,,,,,csd_DAVBOU,8.241342647,8.133321144,-0.752165192,-0.939273336,6.638765258,3.1595,2.6349,0.218888774,0.110867271,0.108021503,0.372812997,0.187108144,0.185704852,-1.200839082,-7.83960434
O=Cc1ccc2c(ccc3ccccc32)c1,,,,,,,,,,,,,,csd_LIYRER,8.003297238,7.881739152,-0.527884126,-0.693884904,6.666520886,3.4585,2.7177,0.24202426,0.120466174,0.121558086,0.329638274,0.166000778,0.163637495,-0.959473964,-7.62599485
O=Cc1ccc2c(c1O)Cc1ccccc1-2,,,,,,,,,,,,,,csd_ESULOV,8.061149545,7.946475535,-0.546476805,-0.707501489,6.624887444,3.5943,2.7183,0.23389401,0.119220001,0.11467401,0.315742473,0.161024684,0.154717789,-1.01090351,-7.635790954
O=Cc1ccc2c(c1O)C(=O)C(=CNc1c(-c3ccccc3)cccc1-c1ccccc1)C=C2,,,,,,,,,,,,,,csd_MEBCIH,6.972885875,6.791660944,-1.181029999,-1.46770237,5.48717881,2.8517,1.9092,0.301368976,0.120144045,0.181224931,0.549870012,0.286672371,0.263197641,-1.281112712,-6.768291522
O=Cc1ccc2c(c1)Sc1ccccc1N2c1ccc2[nH]c3ccccc3c2c1,,,,,,,,,,,,,,csd_ZEDPEG,6.691594286,6.407833535,-0.298308238,-0.402594296,5.962289854,3.0367,2.4154,0.426195287,0.142434536,0.283760751,0.223274979,0.104286058,0.118988921,-0.518921398,-6.481211252
O=Cc1ccc2c(O)c(C=O)ccc2c1O,,,,,,,,,,,,,,csd_CUPFEZ,8.009091361,7.836557207,-0.960983843,-1.176818953,6.12392557,3.2631,2.2906,0.35159537,0.179061216,0.172534154,0.429939304,0.21583511,0.214104193,-1.432408096,-7.556333666
O=Cc1ccc2c(c1)Sc1ccccc1N2c1ccc(O)cc1,,,,,,,,,,,,,,csd_UNONOC,6.787213785,6.513299751,-0.170030705,-0.345892813,5.990861824,3.0598,2.4397,0.414217645,0.140303611,0.273914034,0.370669065,0.175862108,0.194806957,-0.538241492,-6.529103316
O=Cc1ccc2c(c1)Sc1ccccc1N2,,,,,,,,,,,,,,csd_LOJHUO,7.211282502,6.880672699,-0.084390987,-0.296835557,7.069249606,3.4973,2.6166,0.48432428,0.153714477,0.330609802,0.423774017,0.21244457,0.211329447,-0.143676192,-7.212925798
O=Cc1ccc2c(c1)Sc1cc(C=O)ccc1N2,,,,,,,,,,,,,,csd_NAXYES,7.28484961,7.029049116,-0.732835656,-0.895685,5.8368453,2.9,2.3099,0.381688593,0.1258881,0.255800494,0.316057146,0.162849344,0.153207801,-1.102878042,-6.939723342
O=Cc1ccc2c(c1)Sc1cc(-c3ccc4[nH]c5ccccc5c4c3)ccc1N2,,,,,,,,,,,,,,csd_MANVAB,6.66225822,6.40271752,-0.293815636,-0.468262479,5.863512472,3.0253,2.3971,0.414512073,0.154971372,0.259540701,0.340987686,0.174446843,0.166540843,-0.61769878,-6.481211252
O=Cc1ccc2c(c1)SC1C2=c2c(c3nsnc3c3nsnc23)=C2c3ccc(C=O)cc3SC21,,,,,,,,,,,,,,csd_FODMIW,7.683102055,7.475652953,-1.972207985,-2.15732986,6.450734484,2.8629,1.4306,0.423402581,0.21595348,0.207449101,0.380775651,0.185121875,0.195653776,-1.594043812,-8.044778296
O=Cc1ccc2c(c1)Nc1ccccc1S2,,,,,,,,,,,,,,csd_IKAGEH,7.040984308,6.753486343,-0.298124561,-0.48530906,5.854260596,2.9516,2.3431,0.411630113,0.124132148,0.287497965,0.377301299,0.187184499,0.1901168,-0.797566134,-6.65182673
O=Cc1ccc2c(c1)Cc1cc(C=O)ccc1-2,,,,,,,,,,,,,,csd_FOKXUZ,8.365052419,8.231389533,-1.044375763,-1.227222548,6.571008872,3.3686,2.6687,0.26919204,0.135529153,0.133662887,0.367068888,0.182846785,0.184222103,-1.432135982,-8.003144854
O=Cc1ccc2c(c1)CCc1ccccc1-2,,,,,,,,,,,,,,csd_BOPHPH,8.164449108,7.997449426,-0.394632458,-0.604207722,7.696200262,3.6236,2.79,0.336844152,0.16984447,0.166999682,0.416732251,0.209575264,0.207156987,-0.47483893,-8.171039192
O=Cc1ccc2c(c1)CC(C=C(c1ccccc1)c1ccccc1)=C2c1ccccc1,,,,,,,,,,,,,,csd_WIXQAW,6.863391283,6.674000484,-1.0724059,-1.317303602,5.639290536,3.1685,1.7907,0.382083703,0.192692903,0.1893908,0.48677004,0.244897702,0.241872338,-1.163559464,-6.80285
O=Cc1ccc2c(c1)CC(C=C(c1ccc(F)cc1)c1ccc(F)cc1)=C2c1ccccc1,,,,,,,,,,,,,,csd_WIXQEA,6.963754546,6.76605665,-1.132451119,-1.376741735,5.647998184,3.2172,1.7822,0.418606844,0.220908948,0.197697896,0.514247024,0.244290616,0.269956408,-1.236486016,-6.8844842
O=Cc1ccc2c(c1)-c1ccc(C=O)c3cccc-2c13,,,,,,,,,,,,,,csd_RAFWUT,8.155906878,8.048176211,-1.55735343,-1.709556232,6.021338592,3.0066,2.1668,0.229056204,0.121325537,0.107730667,0.304034904,0.152202803,0.151832102,-1.839762754,-7.861101346
O=Cc1ccc2c([nH]c3ccccc32)c1O,,,,,,,,,,,,,,csd_NIFCUB,7.42460932,7.300578371,-0.401565378,-0.551417714,6.122565,3.2215,2.3928,0.262478933,0.138447984,0.124030949,0.295460456,0.149852336,0.14560812,-0.882465702,-7.005030702
O=COC(=Cc1ccccc1)c1ccccc1,,,,,,,,,,,,,,csd_XANVOZ,7.619828284,7.38983149,-0.184306595,-0.506866122,6.795502922,4.1705,2.5542,0.45907025,0.229073457,0.229996794,0.587319238,0.322559527,0.264759711,-0.487900402,-7.283403324
O=COC(=Cc1ccccc1)C(=Cc1ccccc1)OC=O,,,,,,,,,,,,,,csd_CUFHUH,7.370602228,7.142616112,-0.784244358,-1.03431296,6.129912078,3.6914,2.0195,0.464270104,0.236283988,0.227986116,0.482998867,0.250068603,0.232930264,-1.003284318,-7.133196396
O=C1Oc2ccccc2C2=C(c3ccccc3)C3(CCCCC3)CC12,,,,,,,,,,,,,,csd_JATFAO,7.819691037,7.47357754,0.124459501,-0.437134542,8.20151596,4.5616,2.8368,0.636412332,0.290298834,0.346113498,0.907940198,0.561594043,0.346346155,0.247079512,-7.954436448
O=COC(=CC(=CC(=O)c1ccccc1)C(=O)c1ccccc1)c1ccccc1C=O,,,,,,,,,,,,,,csd_DIYBUL,7.94044489,7.70136934,-1.576121023,-1.881291432,6.02596453,2.7557,2.0368,0.618903701,0.37982815,0.239075551,0.597862758,0.305170409,0.292692349,-1.724386418,-7.750350948
O=C1c2ccccc2C(=O)N1c1nc(-c2ccc(O)c(O)c2)cs1,,,,,,,,,,,,,,csd_XAFDIU,6.984238199,6.779789699,-1.025403921,-1.31347523,5.085538546,2.8099,2.6397,0.412196927,0.207748427,0.2044485,0.570581697,0.288071309,0.282510387,-1.483565528,-6.569104074
O=C1c2ccccc2C(=O)N1c1ccccc1O,,,,,,,,,,,,,,csd_DUDNAS01,8.214840294,7.803611658,-0.474345506,-0.766413707,7.29129463,3.7105,3.2517,0.811335266,0.400106629,0.411228636,0.583510676,0.292068201,0.291442475,-0.691441674,-7.982736304
O=C1c2ccccc2C(=O)N1c1ccccc1I,,,,,,,,,,,,,,csd_UNUQAW,8.865445276,8.504077884,-0.573322701,-0.933751028,8.684790424,4.213,3.1064,0.761223132,0.39985574,0.361367392,0.713700599,0.360428327,0.353272273,-0.33606079,-9.020851214
O=C1c2ccccc2C(=O)N1c1ccccc1Br,,,,,,,,,,,,,,csd_HUMLEG,8.911324785,8.451523147,-0.596338647,-0.926717697,8.429275378,4.0397,3.212,0.911260261,0.451458623,0.459801638,0.65604182,0.33037905,0.32566277,-0.52926173,-8.958537108
O=C1c2ccccc2C(=O)N1c1ccccc1-c1ccccn1,,,,,,,,,,,,,,csd_FIFSEU,8.244354949,7.863705831,-0.51003723,-0.866154672,7.60422573,3.7738,3.2548,0.746362905,0.365713787,0.380649118,0.698932591,0.356117442,0.342815149,-0.655522626,-8.259748356
O=C1c2ccccc2C(=O)N1c1ccccc1,,,,,,,,,,,,,,csd_IDUYAI,8.33363294,7.980607066,-0.772445549,-1.078028755,6.583526116,3.4838,3.0298,0.690989012,0.337963139,0.353025873,0.607403211,0.305583206,0.301820005,-1.290636702,-7.874162818
O=C1c2ccccc2C(=O)N1c1cccc2cccnc12,,,,,,,,,,,,,,csd_NUNCAB,8.095096284,7.747888997,-0.51512685,-0.826890526,6.783529906,3.5049,2.778,0.677884927,0.33067764,0.347207287,0.616577725,0.311763677,0.304814048,-1.000835292,-7.784365198
O=C1c2ccccc2C(=O)N1c1cccc2ccccc12,,,,,,,,,,,,,,csd_CEXPIF,7.988535679,7.639787928,-0.658967671,-0.983209951,7.21238157,3.7873,2.6366,0.663830947,0.315083195,0.348747751,0.641339364,0.32424228,0.317097084,-0.749401956,-7.961783526
O=C1c2ccccc2C(=O)N1c1cccc2c1N(c1ncccn1)CC2,,,,,,,,,,,,,,csd_FOHBUC,7.137222323,6.930471466,-0.612384938,-0.905534711,5.830314564,2.939,2.8152,0.453204779,0.246453922,0.206750857,0.586644314,0.293149773,0.293494541,-1.035121656,-6.86543622
O=C1c2ccccc2C(=O)N1c1cccc(Br)c1,,,,,,,,,,,,,,csd_ATUTIS,8.339656265,8.052171089,-0.926721234,-1.249180406,6.471143034,3.5225,3.0642,0.572146624,0.284661449,0.287485176,0.632097692,0.322459172,0.309638521,-1.423700448,-7.894843482
O=C1c2ccccc2C(=O)N1c1ccc(Oc2ccc(Cl)cc2)c(Cl)c1,,,,,,,,,,,,,,csd_UJOXEY,8.102013666,7.725212512,-0.990248969,-1.360303873,6.940539684,3.8897,3.1948,0.791237034,0.414435881,0.376801154,0.722418315,0.370054904,0.352363412,-1.057707118,-7.998246802
O=C1c2ccccc2C(=O)N1c1ccc(O)cc1,,,,,,,,,,,,,,csd_DUDDAI,7.783412173,7.404785053,-0.707198299,-1.020367336,6.022971276,3.148,2.8201,0.720777876,0.342150756,0.37862712,0.62203723,0.313169036,0.308868193,-1.21907072,-7.242041996
O=C1c2ccccc2C(=O)N1c1ccc(F)cc1O,,,,,,,,,,,,,,csd_LOBTEE,8.129895338,7.734579085,-0.583145282,-0.863327598,6.529103316,3.396,3.0681,0.786561082,0.391244829,0.395316253,0.557379433,0.280182316,0.277197117,-1.114578944,-7.64368226
O=C1c2ccccc2C(=O)N1c1ccc(F)cc1,,,,,,,,,,,,,,csd_HOKLEZ,8.277173965,7.897176152,-0.8455299,-1.157958895,6.4082847,3.3884,2.9781,0.733898016,0.353900203,0.379997813,0.621232643,0.312428995,0.308803648,-1.364379596,-7.772664296
O=C1c2ccccc2C(=O)N1c1ccc(Cl)cn1,,,,,,,,,,,,,,csd_HUFWOU,8.880551413,8.404515453,-0.721307274,-1.052871108,8.221652396,3.9979,3.219,0.9166522,0.440616241,0.476035959,0.659808421,0.331563834,0.328244587,-0.687632078,-8.909284474
O=C1c2ccccc2C(=O)N1c1ccc(Cl)cc1Cl,,,,,,,,,,,,,,csd_KICHIP,8.490055033,8.135593622,-0.785953397,-1.085332948,6.807475938,3.5105,3.1296,0.714765109,0.360303698,0.354461411,0.588741497,0.299379551,0.289361946,-1.300432806,-8.107908744
O=C1c2ccccc2C(=O)N1c1ccc(Cl)c(Cl)c1,,,,,,,,,,,,,,csd_KICHUB,8.248886381,7.928692831,-1.013910642,-1.343295659,6.318214966,3.4343,3.0221,0.616263107,0.296069556,0.320193551,0.633023424,0.329385017,0.303638407,-1.501525052,-7.819740018
O=C1c2ccccc2C(=O)N1c1ccc(Br)cc1,,,,,,,,,,,,,,csd_BPPHIM,8.167824709,7.843012296,-0.934213077,-1.254214243,6.294268934,3.4118,3.0017,0.626633371,0.301820957,0.324812414,0.626709019,0.320001166,0.306707853,-1.426421588,-7.720690522
O=C1c2ccccc2C(=O)N1c1cc(F)cc(F)c1,,,,,,,,,,,,,,csd_HOKLOJ,8.584699412,8.249658287,-0.984804267,-1.311626515,6.618900936,3.5347,3.0725,0.647641851,0.312600726,0.335041124,0.619489671,0.326822248,0.292667423,-1.49934814,-8.118249076
O=C1c2ccccc2C(=O)N1c1cc(Cl)ccc1O,,,,,,,,,,,,,,csd_BOVSUC,7.996367311,7.691458676,-0.643266884,-0.927695675,6.305425608,3.3652,3.0749,0.619586979,0.314678344,0.304908635,0.569790389,0.284428791,0.285361598,-1.16056621,-7.465991818
O=C1c2ccccc2C(=O)N1c1cc(Cl)c(Cl)cc1Cl,,,,,,,,,,,,,,csd_KICHOV,8.841617613,8.433303209,-0.807434892,-1.144647269,8.130222092,4.0227,3.2182,0.803276991,0.394962586,0.408314404,0.668137287,0.337212376,0.33092491,-0.759742288,-8.88996438
O=C1c2ccccc2C(=O)N1c1c[nH]n(-c2ccccc2)c1=O,,,,,,,,,,,,,,csd_TEVPIU01,7.609358344,7.141879826,-0.630679978,-0.95774604,6.034944292,3.1718,2.9206,0.866123624,0.398645105,0.467478518,0.639370211,0.327066062,0.312304149,-1.137164406,-7.172108698
O=C1c2ccccc2C(=O)N1c1c(F)cc(F)cc1F,,,,,,,,,,,,,,csd_HOKLUP,9.028442922,8.522951983,-0.716703377,-1.004038074,8.307096192,3.9828,3.2287,0.980718992,0.475228053,0.505490939,0.572597789,0.287334697,0.285263093,-0.737973168,-9.04506936
O=C1c2ccccc2C(=O)N1c1c(F)c(F)c(F)c(F)c1F,,,,,,,,,,,,,,csd_HOKMAW,9.105481117,8.535464329,-0.948397564,-1.210587838,6.909246574,3.5501,3.1613,0.948982064,0.378965276,0.570016788,0.52213316,0.262190275,0.259942885,-1.48438187,-8.393628444
O=C1c2ccccc2C(=O)N1N=Cc1cccs1,,,,,,,,,,,,,,csd_KIKHES,7.795143089,7.507384167,-0.901365108,-1.155999865,6.009365576,3.1857,2.4769,0.593287977,0.305529055,0.287758922,0.509022163,0.254634757,0.254387406,-1.35512772,-7.364493296
O=C1c2ccccc2C(=O)N1N=Cc1ccccc1Cl,,,,,,,,,,,,,,csd_OBUFIC,8.043770658,7.744347025,-0.95358841,-1.214780843,6.299166986,3.2192,2.7283,0.762770373,0.463346739,0.299423633,0.523557676,0.261192432,0.262365244,-1.40410824,-7.703275226
O=C1c2ccccc2C(=O)N1N=Cc1cc(Br)cc(Br)c1O,,,,,,,,,,,,,,csd_EDEQEK,7.686881446,7.479087032,-1.320645162,-1.593644621,5.561465932,3.1301,2.5338,0.439020836,0.231226422,0.207794414,0.546125451,0.272999459,0.273125992,-1.745883424,-7.307349356
O=C1c2ccccc2C(=O)N1c1nc(-c2ccc(O)cc2)cs1,,,,,,,,,,,,,,csd_IQUHOT,7.155675461,6.94184828,-1.028116353,-1.312319562,5.288807704,2.8493,2.6549,0.435219404,0.221392223,0.213827181,0.564025654,0.284203209,0.279822445,-1.48846358,-6.777271284
O=C1c2ccccc2C(=O)N1c1nccs1,,,,,,,,,,,,,,csd_HAMKAJ,8.260843615,7.925045415,-0.949396766,-1.218998338,6.200933832,3.2051,2.8697,0.704205725,0.368407525,0.3357982,0.535284701,0.269601571,0.26568313,-1.46669446,-7.667628292
O=C1c2ccccc2C(=O)N1n1c(-c2ccc(O)cc2)cc2c1CCCC=C2,,,,,,,,,,,,,,csd_MUDPAD,6.66921808,6.434022331,-0.989782293,-1.273207528,4.965264158,2.2008,2.1975,0.461662354,0.226466604,0.235195749,0.571367018,0.283425235,0.287941783,-1.44492534,-6.410189498
O=C1c2ccccc2C(=O)c2c(O)cc(O)cc21,,,,,,,,,,,,,,csd_JAYMOM,8.295904443,8.114147556,-1.510850018,-1.693914793,5.885009478,2.7876,2.1641,0.37817054,0.196413654,0.181756886,0.365032577,0.183064775,0.181967802,-1.917315244,-7.802324722
O=C1c2ccccc2C(=O)c2c1c(N1CCCCC1)c1nccnc1c2N1CCCCC1,,,,,,,,,,,,,,csd_ZEFJIG,6.52150426,6.273894398,-1.187396106,-1.356176447,5.076830898,2.2558,1.5452,0.491843334,0.244233472,0.247609862,0.346989705,0.168780341,0.178209363,-1.318936558,-6.395767456
O=C1c2ccccc2C(=O)c2c1c(C(=O)c1ccccc1)n1ncc3ccccc3c21,,,,,,,,,,,,,,csd_HOPJAZ,7.725825857,7.474438237,-1.437185601,-1.625225627,5.943786102,2.9011,2.3736,0.543953165,0.292565544,0.251387621,0.374811728,0.188040026,0.186771703,-1.633500342,-7.577286444
O=C1c2ccccc2C(=O)c2c1c(C(=O)c1ccc(O)cc1)c1ccccn21,,,,,,,,,,,,,,csd_CEGXIX,7.52157464,7.280075642,-1.564511552,-1.764475613,5.52663534,2.672,2.0018,0.546706686,0.305207688,0.241498998,0.394938913,0.199964061,0.194974851,-1.803027364,-7.329662704
O=C1c2ccccc2C(=O)c2c1c(C(=O)O)n1ncccc21,,,,,,,,,,,,,,csd_MOGNUT,8.127169245,7.918047731,-1.481785902,-1.629473327,5.973718642,2.7935,2.244,0.442561039,0.233439526,0.209121514,0.296535415,0.147687424,0.148847991,-1.813367696,-7.787086338
O=C1c2ccccc2C(=O)c2c1c(C(=O)O)n1c2C2OCOC2CC1,,,,,,,,,,,,,,csd_KIGBUA,8.548959279,8.143014715,-1.100468745,-1.320366517,7.50082241,3.1159,2.6129,0.844270693,0.438326129,0.405944563,0.438014831,0.219897772,0.218117058,-1.103694384,-8.604516794
O=C1c2ccccc2C(=O)c2c1c(C(=O)O)c1ccccn21,,,,,,,,,,,,,,csd_ROCQIL,7.991025441,7.780769484,-1.374814896,-1.609361925,7.41646707,3.3552,2.5316,0.429527051,0.219271094,0.210255957,0.469802644,0.23454703,0.235255614,-1.026686122,-8.443153192
O=C1c2ccccc2C(=O)c2c1c(C(=O)O)c1c3ccccc3ccn21,,,,,,,,,,,,,,csd_LIBZUS,7.681727335,7.526463984,-1.562351783,-1.720028784,5.657794288,2.7824,2.2024,0.32398165,0.168718299,0.15526335,0.314620384,0.157677002,0.156943382,-1.822891686,-7.480685974
O=C1c2ccccc2C(=O)c2c1c(-c1ccccc1)c1ccccc1c2-c1ccccc1,,,,,,,,,,,,,,csd_GABLON,7.835959373,7.449474226,-1.400206397,-1.549219833,5.809089672,2.5179,2.1422,0.578718177,0.19223303,0.386485147,0.298604298,0.149013436,0.149590862,-1.571730464,-7.380820136
O=C1c2ccccc2C(=O)c2c1c(-c1ccc(O)c(O)c1)cn2-c1cccc(Br)c1,,,,,,,,,,,,,,csd_XETMIV,7.089294612,6.826102958,-1.487724246,-1.732965084,4.999006294,2.5671,2.1192,0.479735894,0.21654424,0.263191654,0.467088579,0.245240838,0.221847741,-1.723570076,-6.72257637
O=C1c2ccccc2C(=O)c2c1[nH]c1cc(O)c(O)cc21,,,,,,,,,,,,,,csd_INUNUC,7.567436543,7.355517371,-1.292758157,-1.486197877,6.265152736,3.0887,2.1465,0.431201477,0.219282305,0.211919172,0.386915876,0.19343972,0.193476156,-1.28437808,-7.549530816
O=C1c2ccccc2C(=O)c2c1[nH]c1c2CCCC1,,,,,,,,,,,,,,csd_TEKRUZ,7.929666754,7.741083235,-1.059419667,-1.212326511,6.052087474,2.8267,2.2886,0.39180835,0.203224831,0.188583519,0.30533365,0.152906843,0.152426807,-1.472680968,-7.524768442
O=C1c2ccccc2C(=O)c2c1[nH]c(-c1ccccc1)c2C(=O)c1ccc(F)cc1,,,,,,,,,,,,,,csd_ITEHAS,7.797851984,7.539564097,-1.524523583,-1.720226883,5.816980978,2.7971,2.3044,0.515791815,0.257503927,0.258287888,0.392769892,0.1957033,0.197066591,-1.80819753,-7.625178508
O=C1c2ccccc2C(=O)c2c(O)c3c(c(O)c21)CC1OOC3O1,,,,,,,,,,,,,,csd_WINVEU,7.831030028,7.638490325,-1.891432032,-2.066419838,5.248806946,2.5334,1.487,0.392271107,0.199731404,0.192539703,0.3451162,0.174987806,0.170128394,-2.211198364,-7.46000531
O=C1c2ccccc2C(=O)N1n1cnnc1-c1cc(O)c(O)c(O)c1,,,,,,,,,,,,,,csd_KEJPIA,7.628139653,7.300673583,-1.316586581,-1.653547797,6.041475028,3.4487,3.1843,0.642834222,0.315368153,0.327466069,0.665723091,0.336961215,0.328761876,-1.42723793,-7.468712958
O=C1c2ccccc2C(=O)c2c(O)c(O)cc(O)c21,,,,,,,,,,,,,,csd_GEPCOU,7.637179661,7.415666102,-1.510101351,-1.687259048,5.265678014,2.5672,1.463,0.445278778,0.22376522,0.221513558,0.351117701,0.177157697,0.173960004,-1.89663458,-7.162312594
O=C1c2ccccc2C(=O)c2c(O)c(Cl)c(Cl)c(O)c21,,,,,,,,,,,,,,csd_GAXLEW,8.902702853,8.725108739,-1.963148493,-2.130106215,5.254249226,2.5397,1.4915,0.368463853,0.190869739,0.177594114,0.329515904,0.166957722,0.162558182,-2.2993633,-7.553612526
O=C1c2ccccc2C(=O)c2c(O)c(Br)cc(O)c21,,,,,,,,,,,,,,csd_DOQCIX,7.89919785,7.693340344,-1.88493395,-2.049770543,5.237650272,2.5252,1.4628,0.413403208,0.207545702,0.205857506,0.324740575,0.164836593,0.159903982,-2.230518458,-7.46816873
O=C1c2ccccc2C(=O)c2c(Nc3ccccc3O)cccc21,,,,,,,,,,,,,,csd_NAKTEB,7.571711644,7.082793808,-1.55266915,-1.794507203,5.46132798,2.6452,1.9589,0.792481956,0.30356412,0.488917836,0.48073047,0.241838052,0.238892418,-1.85989919,-7.32122717
O=C1c2ccccc2C(=O)c2c(Nc3ccccc3)ccc(Nc3ccccc3)c21,,,,,,,,,,,,,,csd_NOHTIN,6.483334558,6.36872395,-1.562815193,-1.815676039,4.66539453,2.1067,1.1226,0.237098915,0.122488308,0.114610607,0.489807921,0.252860846,0.236947075,-1.6871068,-6.35250133
O=C1c2ccccc2C(=O)c2c(NCC3CCOC3)cccc21,,,,,,,,,,,,,,csd_KETQAC,7.463546874,7.324595397,-1.361023614,-1.534750716,5.435749264,2.575,1.8066,0.27331756,0.134366084,0.138951477,0.346332821,0.173727102,0.17260572,-1.690372168,-7.126121432
O=C1c2ccccc2C(=O)c2c(C#Cc3ccc(N(c4ccc(O)cc4)c4ccc(O)cc4)cc3)cccc21,,,,,,,,,,,,,,csd_UPIHAD,6.238267056,6.132993497,-1.459337314,-1.65493449,4.48307815,2.479,2.0417,0.203745085,0.098471526,0.10527356,0.407070843,0.195597176,0.211473667,-1.67486167,-6.15793982
O=C1c2ccccc2C(=O)c2c(-c3cccc4ccccc34)coc21,,,,,,,,,,,,,,csd_XETMUH,7.629342941,7.483815013,-1.541764182,-1.731699482,5.409354206,2.6457,2.2347,0.289310788,0.143782861,0.145527928,0.382440989,0.1899353,0.192505689,-1.931737286,-7.341091492
O=C1c2ccccc2C(=O)c2c(-c3c[nH]c4ccccc34)c[nH]c21,,,,,,,,,,,,,,csd_FIJWIE,6.966398677,6.786667925,-1.250013619,-1.418564024,5.100232702,2.5061,1.9788,0.363056131,0.183325379,0.179730753,0.335208529,0.168550405,0.166658124,-1.584247708,-6.68448041
O=C1c2ccccc2C(=O)c2[nH]cnc21,,,,,,,,,,,,,,csd_TEKREJ,9.03125201,8.898011335,-1.303140368,-1.467886292,6.230866372,2.7234,2.2737,0.260419003,0.127178328,0.133240675,0.329154537,0.164745925,0.164408612,-1.844660806,-8.075527178
O=C1c2ccccc2C(=O)c2[nH]c(=O)ccc21,,,,,,,,,,,,,,csd_UQEVIW,8.666145853,8.496303941,-1.834249915,-2.057541411,6.91033503,3.1602,2.0105,0.348237075,0.178395163,0.169841912,0.44627213,0.223291497,0.222980634,-1.769557342,-8.679892372
O=C1c2ccccc2C(=O)c2[nH]c(-c3ccccn3)nc21,,,,,,,,,,,,,,csd_PAKNIB,8.331372189,8.157754396,-1.353560996,-1.520591753,6.461619044,2.8416,2.3706,0.353984749,0.180366955,0.173617793,0.334864876,0.167030757,0.167834119,-1.634860912,-8.096479956
O=C1c2ccccc2C(=O)N1N=Cc1c(O)ccc2ccccc12,,,,,,,,,,,,,,csd_OBUBAQ,7.222347473,7.070707865,-1.121169545,-1.392324343,5.399013874,2.8081,2.2522,0.307304599,0.155664991,0.151639608,0.541068212,0.271154798,0.269913414,-1.53336239,-6.932376264
O=C1c2ccccc2C(=O)N1C=Cc1ccccc1,,,,,,,,,,,,,,csd_BASLEO,7.528628678,7.267195534,-0.936966653,-1.205329371,5.756027442,2.8734,2.5545,0.534074665,0.27264152,0.261433145,0.534449475,0.268362718,0.266086757,-1.399754416,-7.155781858
O=C1c2ccccc2C(=O)N1C=CC=Cc1ccccc1,,,,,,,,,,,,,,csd_BASLIS,7.090429191,6.841677538,-0.994216065,-1.279279534,5.387585086,2.7115,2.0566,0.504914792,0.25616314,0.248751653,0.570108844,0.28506347,0.285045374,-1.407917836,-6.795502922
O=C1c2ccccc2-c2nc3c(cnn3-c3ccc(Cl)cc3)c(-c3ccccc3)c21,,,,,,,,,,,,,,csd_ODIFAK,7.705029545,7.549704969,-1.269257793,-1.451961664,5.997664674,2.8795,2.4145,0.330741506,0.17541693,0.155324576,0.382603985,0.18270387,0.199900115,-1.489279922,-7.486944596
O=C1c2ccccc2-c2nnc(-c3ccccc3)c(-c3ccc(Br)cc3)c21,,,,,,,,,,,,,,csd_ZIFLOR,7.76729848,7.443839017,-1.61372609,-1.796034034,5.491532634,2.1467,1.8042,0.766858069,0.443398606,0.323459463,0.370688385,0.182307944,0.18838044,-1.883300994,-7.374833628
O=C1c2ccccc2-c2nccn21,,,,,,,,,,,,,,csd_HOSNIM,8.261171784,8.036114649,-0.83855853,-1.017409701,6.227601004,2.9247,2.2444,0.448359163,0.223302027,0.225057135,0.352628288,0.178851171,0.173777116,-1.416625484,-7.644226488
O=C1c2ccccc2-c2ncccc21,,,,,,,,,,,,,,csd_KISGAW,8.839988004,8.661849554,-0.847300927,-1.064999936,8.525875848,3.379,2.5299,0.359989434,0.181850983,0.17813845,0.444801381,0.21769901,0.227102372,-0.605725764,-9.131601612
O=C1c2ccccc2-c2nccc3ccnc1c23,,,,,,,,,,,,,,csd_ZOKTOI,8.37700783,8.263666253,-1.559632629,-1.696479005,5.994943534,2.5123,2.0891,0.230521348,0.117179772,0.113341576,0.27260952,0.136846375,0.135763144,-1.933642084,-7.928585618
O=C1c2ccccc2-c2nccc3cc(Br)cc1c23,,,,,,,,,,,,,,csd_ETUCAZ,8.171851724,8.060635195,-1.566000832,-1.692099548,5.99467142,2.791,2.0826,0.224791198,0.113574669,0.111216529,0.252407232,0.126098716,0.126308516,-1.871600092,-7.866271512
O=C1c2ccccc2-c2nccc3c2c1cc1c(-c2ccccn2)[nH]c(-c2ccccn2)c13,,,,,,,,,,,,,,csd_ETUCON,6.868021847,6.784452917,-1.268680912,-1.386609405,5.436565606,2.8358,1.913,0.165857293,0.082288362,0.083568931,0.235896715,0.117928493,0.117968222,-1.371726674,-6.80829228
O=C1c2ccccc2-c2nc3ccc4ccccc4c3c(-c3ccc(F)cc3)c21,,,,,,,,,,,,,,csd_MENQUS,7.877748464,7.769455256,-1.197252892,-1.368962812,6.759583874,2.9656,2.4624,0.237369668,0.12907646,0.108293209,0.340088349,0.171709921,0.168378429,-1.157028728,-7.916612602
O=C1c2ccccc2-c2nc3cc(Cl)ccc3nc21,,,,,,,,,,,,,,csd_IYUYIL,9.066091527,8.850080087,-1.336780978,-1.59690754,8.795540822,3.2879,1.9985,0.443516704,0.227505264,0.21601144,0.527949596,0.260126562,0.267823034,-0.802192072,-9.597732894
O=C1c2ccccc2-c2nc3c(cnn3-c3ccccc3)c(C(=O)c3ccccc3)c21,,,,,,,,,,,,,,csd_FAJMUB,7.854711837,7.687653161,-1.361773016,-1.740065627,6.065148946,2.8816,2.4319,0.354011334,0.186952658,0.167058676,0.699218148,0.378292611,0.320925537,-1.564383386,-7.629532332
O=C1c2ccccc2-c2nc3c(cnn3-c3ccccc3)c(C(=O)c3ccc(Cl)cc3)c21,,,,,,,,,,,,,,csd_FAJNAI,7.9024673,7.73082949,-1.468670008,-1.856656135,6.037121204,2.8786,2.4309,0.362536122,0.190898311,0.17163781,0.710250466,0.387986128,0.322264338,-1.644384902,-7.681506106
O=C1c2ccccc2-c2nc3c(cnn3-c3ccccc3)c(-c3ccc4c(c3)OCO4)c21,,,,,,,,,,,,,,csd_NUMWUO,7.704943829,7.511478666,-1.06820963,-1.295724417,6.852918976,3.1702,2.6442,0.382310646,0.188845483,0.193465163,0.475564114,0.227514788,0.248049326,-0.883282044,-7.73620102
O=C1c2ccccc2-c2nc3c(cnn3-c3ccccc3)c(-c3ccc(F)cc3)c21,,,,,,,,,,,,,,csd_QERMAC,7.755230496,7.624609518,-1.247978207,-1.430767793,6.091544004,2.8868,2.4251,0.280040409,0.14941943,0.130620979,0.383262773,0.182789586,0.200473187,-1.474585766,-7.56612977
O=C1c2ccccc2-c2nc3c(cnn3-c3ccc(Cl)cc3)c(-c3ccc(O)cc3)c21,,,,,,,,,,,,,,csd_ODIFEO,7.574471153,7.456988654,-1.209158423,-1.399979182,5.97562344,2.8718,2.4125,0.258197546,0.140715047,0.117482498,0.399594783,0.190820759,0.208774024,-1.421523536,-7.397146976
O=C1c2ccccc2-c2scnc21,,,,,,,,,,,,,,csd_WAKWUB,8.358992114,8.206510014,-0.996351398,-1.179567005,6.293452592,2.8381,2.1714,0.306146454,0.153664354,0.1524821,0.37055943,0.183215608,0.187343822,-1.54288638,-7.836338972
O=C1c2ccccc2-c2nc3c(ccc4ccccc43)c(-c3ccc(F)cc3)c21,,,,,,,,,,,,,,csd_MENCIS,8.202234885,7.9603269,-1.130474755,-1.368918458,8.454037752,3.7043,1.5135,0.492991383,0.251083397,0.241907985,0.47831056,0.238443702,0.239866858,-0.418511332,-8.872549084
O=C1c2ccccc2-c2nc3[nH]n(-c4ccccc4)c(=O)c3c(-c3ccc(O)cc3)c21,,,,,,,,,,,,,,csd_RIRLIO,7.349524305,7.138058801,-1.139600098,-1.398989504,5.802286822,2.8185,2.3756,0.485457635,0.273992131,0.211465504,0.516088147,0.259389405,0.256698742,-1.359481544,-7.161768366
O=C1c2ccccc2-c2nc(-c3ccccc3)ccc21,,,,,,,,,,,,,,csd_DOKKEV,7.974497019,7.861902885,-1.178382575,-1.320616617,6.167735924,2.7955,2.3597,0.220192336,0.107598202,0.112594134,0.280555303,0.142234042,0.138321261,-1.526831654,-7.694567578
O=C1c2ccccc2-c2nc(-c3ccc4ccccc4c3)cc(-c3[nH]cnc3Cl)c21,,,,,,,,,,,,,,csd_SENKAZ,8.216909449,8.021756363,-1.731690502,-2.026257172,7.898653078,3.8191,1.4205,0.383045898,0.187892812,0.195153086,0.617881368,0.29456667,0.323314698,-0.989406504,-8.888059582
O=C1c2ccccc2-c2n[nH]c3cccc1c23,,,,,,,,,,,,,,csd_DOLNAV,8.089835259,7.939526097,-0.825866425,-0.97683013,7.252382328,3.3239,2.3357,0.318930914,0.168621753,0.150309161,0.303658271,0.150963704,0.152694567,-0.83538998,-8.087772308
O=C1c2ccccc2-c2coc(-c3ccccc3)c21,,,,,,,,,,,,,,csd_ZIWJAT,7.740837326,7.603572901,-0.851668683,-0.981428366,6.20964148,3.1696,2.4495,0.278775813,0.141511389,0.137264424,0.258990513,0.129759683,0.12923083,-1.20138331,-7.41102479
O=C1c2ccccc2-c2ccsc21,,,,,,,,,,,,,,csd_GIMROL,8.265820253,8.101299802,-0.841906403,-1.024565021,7.181632688,3.1722,2.206,0.332083599,0.167563148,0.164520451,0.369444633,0.182658618,0.186786016,-0.981515198,-8.163147886
O=C1c2ccccc2-c2ccnc(O)c21,,,,,,,,,,,,,,csd_GIMRIF,8.634816688,8.438472532,-0.951695395,-1.127762323,6.40420299,2.8032,2.3344,0.329269559,0.132925403,0.196344156,0.354592543,0.176066928,0.178525614,-1.43676192,-7.84096491
O=C1c2ccccc2-c2cccn21,,,,,,,,,,,,,,csd_HOSNEI,7.821788928,7.648433262,-0.569887996,-0.728880315,6.163109986,2.9125,2.143,0.343551735,0.170196069,0.173355666,0.312507718,0.158992319,0.153515399,-1.101517472,-7.264627458
O=C1c2ccccc2-c2cccc3c(Cl)ccc1c23,,,,,,,,,,,,,,csd_FOMSAB,7.817589501,7.726621791,-1.257768324,-1.361944448,5.940792848,2.8942,2.0189,0.183635044,0.092667334,0.09096771,0.207864619,0.104176124,0.103688495,-1.566832412,-7.50762526
O=C1c2ccccc2-c2cccc3c(-c4ccccc4)c(-c4ccccc4)nc1c23,,,,,,,,,,,,,,csd_ROQGIQ,7.556336931,7.401503249,-1.427705966,-1.564458489,6.10759873,2.7445,1.9991,0.320175047,0.165341364,0.154833682,0.272108558,0.136752523,0.135356034,-1.454993558,-7.562592288
O=C1c2ccccc2-c2cccc(I)c21,,,,,,,,,,,,,,csd_CEDHAX,8.376223461,8.076325941,-1.042678479,-1.205331276,6.309779432,2.8035,2.3555,0.798529635,0.498632116,0.29989752,0.329077311,0.162652796,0.166424514,-1.450095506,-7.759874938
O=C1c2ccccc2-c2sc(-c3ccccc3)nc21,,,,,,,,,,,,,,csd_WAKXEM,7.658519276,7.499115711,-1.156932128,-1.32679521,5.849906772,2.7223,1.9692,0.320627028,0.161223463,0.159403565,0.347571484,0.169863083,0.177708402,-1.51159327,-7.361500042
O=C1c2ccccc2-n2c(nc3ccccc3c2=O)C2CCCN12,,,,,,,,,,,,,,csd_IHOLUO,8.226327042,8.046482002,-0.104801986,-0.34036781,8.186277576,4.4051,3.1972,0.402816341,0.2229713,0.179845041,0.472394258,0.235565824,0.236828433,-0.058232396,-8.244509972
O=C1c2ccccc2C(=O)N1C=CC=Cc1cccc(F)c1,,,,,,,,,,,,,,csd_BASKUD,7.371979533,7.075125908,-0.984746089,-1.297456614,6.395495342,3.2909,2.0642,0.604445604,0.307591978,0.296853625,0.628233238,0.312710524,0.315522714,-1.023420754,-7.418916096
O=C1c2ccccc2C(=Cc2ccc(O)c(O)c2)c2ccccc21,,,,,,,,,,,,,,csd_XAVLEM,7.110198681,6.874923747,-0.903636988,-1.212199297,5.711400746,3.1114,2.1062,0.454398815,0.21912388,0.235274935,0.712655137,0.30856231,0.404092827,-1.120293338,-6.831694084
O=C1c2ccccc2C(=Nc2ccccc2O)c2c(O)cccc21,,,,,,,,,,,,,,csd_NAKTUR,7.413918722,7.142767734,-1.424752713,-1.622099038,5.510036386,2.5547,1.997,0.647056071,0.375905082,0.271150989,0.395690219,0.197346325,0.198343895,-1.65853483,-7.168571216
O=C1c2ccccc2C(=Nc2ccccc2)c2c(O)cccc21,,,,,,,,,,,,,,csd_NAKTOL,7.721259975,7.456317893,-1.505239381,-1.760910593,5.68310089,2.7321,2.0663,0.631166954,0.366224872,0.264942082,0.523706904,0.255671212,0.268035691,-1.75105359,-7.43415448
O=C1c2ccccc2C(=Nc2ccccc2)c2c(O)ccc(Br)c21,,,,,,,,,,,,,,csd_NAKVED,7.640814178,7.22600659,-1.615638779,-1.930432499,5.51847192,2.573,1.9603,0.709544058,0.29473647,0.414807588,0.664791101,0.31479372,0.349997381,-1.822075344,-7.340547264
O=C1c2ccccc2C(=Nc2ccccc2)N1c1ccccc1,,,,,,,,,,,,,,csd_GINREC,7.679118959,7.232015275,-0.761458593,-1.132071221,6.305153494,3.1735,2.832,0.885696947,0.438593264,0.447103683,0.736321763,0.370612628,0.365709134,-1.087911772,-7.393065266
O=C1c2ccccc2C(=Nc2ccccc2)N1c1cccc2cccnc12,,,,,,,,,,,,,,csd_ZUSSIR,7.464357501,6.966356228,-0.636461857,-0.95648071,6.316310168,3.2004,2.774,0.971435551,0.473434278,0.498001274,0.668816211,0.320018853,0.348797358,-0.86396195,-7.180272118
O=C1c2ccccc2C(=Cc2ccccc2Cl)c2ccccc21,,,,,,,,,,,,,,csd_IDIRIY,7.671201965,7.399461306,-1.050571473,-1.421371969,6.212090506,3.0933,2.2619,0.561582615,0.289841955,0.27174066,0.792453384,0.370800496,0.421652888,-1.267779126,-7.479869632
O=C1c2ccccc2C(=Cc2ccccc2)c2ccccc21,,,,,,,,,,,,,,csd_GAQVUR,7.598370272,7.327834125,-0.975678734,-1.317458163,6.181613738,3.1016,2.242,0.537496172,0.266960025,0.270536147,0.753826394,0.341779429,0.412046965,-1.205737134,-7.387350872
O=C1c2ccccc2C(=Cc2ccccc2)N1c1ccccc1,,,,,,,,,,,,,,csd_RIQBUR,7.30752321,7.054938695,-0.610074037,-0.900060947,6.224063522,3.5749,2.2256,0.517886576,0.265302061,0.252584514,0.552320779,0.28998691,0.262333869,-0.855254302,-7.079317824
O=C1c2ccccc2C(=Cc2ccccc2)N1c1ccc(O)cc1,,,,,,,,,,,,,,csd_GUHCUH,7.143055358,6.91998909,-0.551763925,-0.849352149,6.12936785,3.4117,2.2149,0.441722656,0.218656388,0.223066268,0.566799584,0.297588224,0.26921136,-0.793756538,-6.923124388
O=C1c2ccccc2C(=Cc2ccccc2)N1c1ccc(Cl)cc1,,,,,,,,,,,,,,csd_FORJIH,7.376497333,7.133329732,-0.713931352,-1.012454016,6.22052604,3.5646,2.2385,0.503681381,0.26051378,0.243167601,0.568448595,0.298522664,0.269925931,-0.94831729,-7.16884333
O=C1c2ccccc2C(=Cc2cccc(O)c2)c2ccccc21,,,,,,,,,,,,,,csd_HAYTIL,7.501217356,7.258724571,-0.934678447,-1.284664779,6.122565,3.1044,2.2524,0.483033752,0.240540966,0.242492786,0.773633218,0.349986333,0.423646885,-1.161382552,-7.283947552
O=C1c2ccccc2C(=Cc2ccc(O)cc2)N1n1cccc1,,,,,,,,,,,,,,csd_ZOJHEN,7.120984056,6.894970222,-0.633041356,-0.841446231,5.935350568,3.4566,2.1219,0.455733343,0.22971951,0.226013834,0.426801503,0.208404874,0.218396628,-0.89933677,-6.834687338
O=C1c2ccccc2C(=Cc2ccc(F)cc2)c2ccccc21,,,,,,,,,,,,,,csd_FICTUH,7.596951687,7.316581368,-1.029121325,-1.357319435,6.113857352,3.0988,2.2192,0.552868354,0.272498034,0.28037032,0.737836349,0.32819811,0.409638239,-1.259343592,-7.373200944
O=C1c2ccccc2-n2c1cc1c(O)c(O)c(O)cc1c2=O,,,,,,,,,,,,,,csd_DAYHER,7.391912319,7.232803454,-1.025670865,-1.177009515,5.725822788,2.9613,1.9628,0.333429992,0.174321126,0.159108865,0.305954913,0.15133865,0.154616263,-1.350229668,-7.076052456
O=C1c2ccccc2C(=Cc2ccc(F)cc2)N1c1cccc2cccnc12,,,,,,,,,,,,,,csd_IRAMOF,7.189127252,6.873374874,-0.575924655,-0.811218638,6.25590086,3.3491,2.2671,0.650438176,0.334685798,0.315752378,0.49559116,0.235293983,0.260297177,-0.724639582,-6.980540442
O=C1c2ccccc2C(=C2c3ccccc3C(=O)c3ccccc32)c2ccccc21,,,,,,,,,,,,,,csd_DANTEN10,7.626326013,7.49665444,-1.423941813,-1.651548575,5.977528238,3.07,2.2115,0.258883545,0.129211972,0.129671573,0.465254531,0.227606762,0.237647769,-1.549417116,-7.526945354
O=C1c2ccccc2C(=C2c3ccccc3C(=O)c3cc4ccccc4cc32)c2cc3ccccc3cc21,,,,,,,,,,,,,,csd_BUXGAE,7.243830601,7.123607371,-1.365699621,-1.594428037,5.808545444,3.0296,2.182,0.241462535,0.121239304,0.120223231,0.47216024,0.228728416,0.243431824,-1.405196696,-7.21374214
O=C1c2ccccc2C(=C2c3ccccc3-c3ccccc32)c2ccccc21,,,,,,,,,,,,,,csd_LIQQOS,7.473043108,7.350623918,-1.316600731,-1.543989802,5.92392178,3.063,2.0975,0.245186143,0.122766952,0.122419191,0.443680244,0.227389071,0.216291173,-1.427510044,-7.351431824
O=C1c2ccccc2C(=C2c3ccccc3-c3cc4ccccc4cc32)c2ccccc21,,,,,,,,,,,,,,csd_LIQQUY,7.111132304,7.031641274,-1.358867111,-1.5812784,5.599834006,2.9291,1.9861,0.164409102,0.084918072,0.07949103,0.431234294,0.222411289,0.208823005,-1.418258168,-7.018092174
O=C1c2ccccc2C(=C2CCN(C(=O)O)c3ccc4ccccc4c32)c2cc(O)ccc21,,,,,,,,,,,,,,csd_NEBNOY,7.902418319,7.522527583,-0.578527153,-0.900126173,8.763703484,4.0704,1.5814,0.778043587,0.398152851,0.379890736,0.724405292,0.321599019,0.402806272,0.108301372,-8.655402112
O=C1c2ccccc2C(=C(Nc2ccccc2)C(O)=Nc2ccccc2)N1c1ccccc1,,,,,,,,,,,,,,csd_JABWUF,6.730106581,6.469530759,-0.780087708,-1.269945153,5.720380508,3.055,1.9098,0.544869645,0.284293823,0.260575822,0.950028343,0.489857446,0.460170897,-0.888996438,-6.609376946
O=C1c2ccccc2-n2nncc2C2CCCN12,,,,,,,,,,,,,,csd_NUDQEJ,8.545776443,8.390069519,0.039146102,-0.248794238,7.602320932,4.2081,3.4704,0.482913668,0.327206745,0.155706923,0.571949804,0.287940341,0.284009464,-0.35646934,-7.958790272
O=C1c2ccccc2-n2cccc2C2OCCN12,,,,,,,,,,,,,,csd_LIPLED,7.89328299,7.646817095,0.303368579,-0.069482895,7.24095354,4.13,3.4564,0.545322007,0.298856112,0.246465895,0.736300647,0.372851474,0.363449173,-0.11156674,-7.35252028
O=C1c2ccccc2-n2ccc(-c3ccc(O)cc3)c21,,,,,,,,,,,,,,csd_WEJFID,7.370910152,7.162908388,-0.814454318,-0.96136834,6.598220272,3.3474,2.2038,0.423763513,0.215761748,0.208001765,0.291215287,0.146914022,0.144301265,-0.7755249,-7.373745172
O=C1c2ccccc2-n2c1nc1ccccc1c2=O,,,,,,,,,,,,,,csd_DOJQEB,8.52670185,8.416712555,-1.425436046,-1.657033495,7.026527708,2.9393,2.3999,0.25504799,0.145058694,0.109989295,0.468987091,0.23159745,0.237389641,-1.457986812,-8.48451452
O=C1c2ccccc2-n2c1cc1cc(Br)ccc12,,,,,,,,,,,,,,csd_ROSQEY,7.908718575,7.826972536,-1.087865513,-1.239302396,6.85591223,3.2307,2.3115,0.178678216,0.096932177,0.081746039,0.302770907,0.151436883,0.151334024,-1.079204124,-7.935116354
O=C1c2ccccc2C(=O)c2c1c(O)c1nccnc1c2O,,,,,,,,,,,,,,csd_ZEFJEC,7.720377863,7.526226701,-1.768345618,-1.916908434,5.274657776,2.5859,1.518,0.387357816,0.193206654,0.194151162,0.292950041,0.148562815,0.144387226,-2.0680664,-7.342724176
O=C1c2ccccc2C(=O)c2c1cc(O)c(C(=O)O)c2C(=O)O,,,,,,,,,,,,,,csd_IPOJIH,8.610207786,8.47907224,-1.654351349,-1.847710932,6.215627988,2.7799,2.3521,0.290219649,0.159084103,0.131135546,0.385728942,0.193359582,0.19236936,-2.013099372,-8.22872736
O=C1c2ccccc2C(=O)c2c1ccc(O)c2C(=O)c1ccccc1,,,,,,,,,,,,,,csd_IJEHIP,8.142908047,7.914241673,-1.496218013,-1.707946379,5.862151902,2.7819,2.3547,0.574522452,0.345856078,0.228666374,0.424591991,0.211728366,0.212863626,-1.812823468,-7.67497537
O=C1c2ccccc2CN1c1nccs1,,,,,,,,,,,,,,csd_BUFHUG,8.150525334,7.806576231,0.059796507,-0.230003542,8.278252108,4.661,3.2993,0.721531768,0.377582665,0.343949103,0.588733605,0.289800049,0.298933556,0.125444554,-8.152807554
O=C1c2ccccc2N2C(=O)c3ccccc3C2C2CCCN12,,,,,,,,,,,,,,csd_IBEZAQ,8.077322559,7.842178021,0.170748433,-0.133275832,7.567218226,4.21,3.5266,0.556271194,0.321126657,0.235144538,0.617616466,0.304024265,0.313592201,-0.120002274,-7.6872205
O=C1c2ccccc2N2C(=O)c3ccccc3C12,,,,,,,,,,,,,,csd_PEBJUD,8.125033096,7.941641865,-0.476325244,-0.617723896,6.777815512,3.3599,2.8427,0.395611061,0.212219831,0.18339123,0.303581617,0.141398652,0.162182964,-0.892261806,-7.670077318
O=C1c2ccccc2N2C(=O)CC(=O)N(c3ccccc3)C2=C2CCCN12,,,,,,,,,,,,,,csd_GANTOF,7.429179148,7.066934732,-0.164352502,-0.467158512,6.73618207,3.67,2.9148,0.761664229,0.399419814,0.362244415,0.596386267,0.30280601,0.293580257,-0.4625938,-7.19877587
O=C1c2ccccc2N(C(=O)Nc2ccccc2Cl)C2CCCN12,,,,,,,,,,,,,,csd_BOTNAA,7.918916591,7.55455268,0.333096924,-0.067227124,8.323150918,4.4024,3.3276,0.774614951,0.410251039,0.364363911,0.832032093,0.400324049,0.431708045,0.345040552,-7.978110366
O=C1c2ccccc2Cc2cc3c(cc21)CCC3,,,,,,,,,,,,,,csd_JEMSEA,8.379527279,8.199310313,-0.198757045,-0.36956284,8.157161378,3.5465,3.0319,0.371198,0.190981034,0.180216966,0.365329644,0.170805795,0.194523849,-0.22177291,-8.378934288
O=C1c2ccccc2Cc2c1cnc1ccccc21,,,,,,,,,,,,,,csd_COKMAS,8.458372392,8.34919201,-0.797789077,-0.933094498,6.557403172,3.0964,2.7082,0.228798893,0.119618512,0.109180382,0.273668696,0.135305421,0.138363275,-1.132810582,-7.690213754
O=C1c2ccccc2Cc2c1c(O)c1ccccc1c2C(=O)c1ccccc1,,,,,,,,,,,,,,csd_UNICAX,7.305922934,7.06682371,-0.896227868,-1.153591928,5.966915792,3.1015,2.3563,0.614134087,0.375034862,0.239099225,0.601782832,0.257364061,0.344418772,-1.132810582,-7.099726374
O=C1c2ccccc2Cc2[nH]c(-c3ccccc3)c(-c3ccc(Br)cc3)c21,,,,,,,,,,,,,,csd_REWHAF,7.346612957,7.129759868,-0.095954743,-0.315511557,7.494291674,3.6261,3.0875,0.426147123,0.209294034,0.216853089,0.45833576,0.219556814,0.238778947,-0.025034488,-7.519326162
O=C1c2ccccc2CSc2ccccc21,,,,,,,,,,,,,,csd_DUNGEZ,7.888582955,7.773945409,-0.518593229,-0.783380559,6.430870162,3.3248,2.747,0.22592673,0.111289184,0.114637546,0.457603501,0.264787331,0.192816171,-0.921922232,-7.352792394
O=C1c2ccccc2COc2ccccc21,,,,,,,,,,,,,,csd_HUFZIS,8.269557467,8.060650814,-0.495930024,-0.679333581,6.800945202,3.3397,2.8387,0.43710216,0.228195508,0.208906653,0.346080408,0.183403557,0.162676851,-0.920561662,-7.721506864
O=C1c2ccccc2COc2c1[nH]c1ccccc21,,,,,,,,,,,,,,csd_WAZYEB,7.339473883,7.115431325,-0.591691376,-0.748041985,5.99467142,3.1288,2.177,0.463706175,0.239663616,0.224042558,0.312946556,0.156350609,0.156595947,-0.93335102,-6.92802244
O=C1c2ccccc2CN1n1cnc2nc3ccccc3cc2c1=O,,,,,,,,,,,,,,csd_AYAKIV,8.102990011,7.872515168,-0.880815331,-1.0216014,6.574818468,3.3749,2.5089,0.451962034,0.22148719,0.230474844,0.293020519,0.140786069,0.152234449,-1.213900554,-7.788719022
O=C1c2ccccc2CN1c1ccccn1,,,,,,,,,,,,,,csd_WAPLUX,8.069143438,7.883686019,0.052531063,-0.161233804,7.24503525,4.1942,3.426,0.410422117,0.224964698,0.185457419,0.447475391,0.213764867,0.233710524,-0.34694535,-7.5919806
O=C1c2ccccc2N2c3ccccc3C(=O)N3c4ccccc4N1C32,,,,,,,,,,,,,,csd_TBAZDO10,7.326644688,7.170363087,-0.495153601,-0.670895979,6.407196244,3.321,2.8692,0.379323106,0.223041505,0.156281601,0.393062414,0.175742378,0.217320037,-0.719469416,-7.12666566
O=C1c2ccccc2CN1c1ccccc1NC(=S)Nc1ccccc1,,,,,,,,,,,,,,csd_EMALEL02,7.186388152,6.856886398,-0.102084383,-0.5368099,6.154946566,3.3361,3.0347,0.865717902,0.536216147,0.329501754,0.924410987,0.434725517,0.48968547,-0.410347912,-6.565294478
O=C1c2ccccc2CN1c1ccccc1C=Cc1ccccc1,,,,,,,,,,,,,,csd_DOLQUT,7.387701491,7.037632272,-0.130436159,-0.577381826,7.286124464,4.108,2.4149,0.684574415,0.334505196,0.350069219,0.652653674,0.446945667,0.205708007,-0.109389828,-7.395514292
O=C1c2ccccc2CN1c1ccccc1,,,,,,,,,,,,,,csd_HEVBUI,7.793105636,7.578918829,0.121902909,-0.113196077,7.041766092,4.1628,3.3001,0.460461079,0.246274272,0.214186807,0.482947873,0.235098986,0.247848887,-0.28844084,-7.330206932
O=C1c2ccccc2CN1c1cccc2cccnc12,,,,,,,,,,,,,,csd_HORREO,7.699088262,7.32140769,-0.216427475,-0.390308185,7.535108774,3.9046,2.5683,0.694888488,0.317207916,0.377680572,0.359912398,0.17388071,0.186031688,-0.234562268,-7.769671042
O=C1c2ccccc2CN1c1cccc(Br)c1,,,,,,,,,,,,,,csd_KAPVUV,7.906993916,7.703697003,-0.070102553,-0.298733552,7.06952172,4.1815,3.3046,0.436092345,0.232795432,0.203296914,0.474317015,0.228630999,0.245686016,-0.445450618,-7.514972338
O=C1c2ccccc2CN1c1ccc(O)cc1,,,,,,,,,,,,,,csd_CUVWIB,7.382857073,7.111044874,0.27857015,0.004519596,7.159047226,4.2396,3.2315,0.566014535,0.294202337,0.271812198,0.55603851,0.274050554,0.281987956,0.065851588,-7.093195638
O=C1c2ccccc2CN1c1ccc(F)cc1,,,,,,,,,,,,,,csd_KAQBUC,7.766496397,7.5222134,0.075383986,-0.168406511,6.93346472,4.1979,3.2705,0.519096857,0.274813861,0.244282996,0.499138275,0.243790497,0.255347778,-0.3401425,-7.27360722
O=C1c2ccccc2CN1c1ccc(Br)cc1,,,,,,,,,,,,,,csd_SEJPUV,8.082963237,7.786235982,0.109101115,-0.218220462,8.849963622,4.8736,3.14,0.614176808,0.317449553,0.296727256,0.669226015,0.327321577,0.341904438,0.42041613,-8.429547492
O=C1c2ccccc2CN1c1ccc(-c2ccccc2)cc1,,,,,,,,,,,,,,csd_NOQLIQ,7.351515635,7.114979833,-0.091389813,-0.288614367,6.69808611,4.0472,3.0558,0.473418685,0.236882883,0.236535802,0.411252718,0.197224554,0.214028165,-0.381503828,-7.079589938
O=C1c2ccccc2CN1c1cc(Cl)c(Cl)cc1Cl,,,,,,,,,,,,,,csd_NOQLOW,8.138419254,7.755328185,-0.094905744,-0.373691979,7.374833628,4.2128,3.3254,0.739733473,0.356642405,0.383091069,0.580014528,0.278786235,0.301228293,-0.40544986,-7.780283488
O=C1c2ccccc2CN1c1cc(-c2ccccc2)ccc1O,,,,,,,,,,,,,,csd_DUPCEX,7.227590838,6.849964036,-0.198320792,-0.544948748,6.339711972,3.5976,3.0406,0.671076662,0.29344986,0.377626802,0.702045684,0.346627956,0.355417728,-0.540690518,-6.88040249
O=C1c2ccccc2CN1N=c1[nH]c2ccccc2s1,,,,,,,,,,,,,,csd_HENHIU,6.86065681,6.47428459,0.394225702,0.01906213,6.575906924,3.7793,3.096,0.654572404,0.268200184,0.38637222,0.684855427,0.375163572,0.309691855,0.050613204,-6.52529372
O=C1c2ccccc2N2C(=O)c3ccccc3OC12,,,,,,,,,,,,,,csd_YAFYOW,8.396891227,8.177500729,-0.5042175,-0.745265497,7.839332226,3.6066,2.9469,0.473266084,0.253875586,0.219390498,0.485097791,0.241047996,0.244049795,-0.567629804,-8.40696203
O=C1c2ccccc2N=C2C1CCN2c1ccc(Br)cc1,,,,,,,,,,,,,,csd_GANTAR,7.316035235,7.232967266,-0.514215458,-0.711839884,6.240390362,3.2832,2.6215,0.192425415,0.109357446,0.083067969,0.388314297,0.197624425,0.190689872,-0.824777534,-7.065167896
O=C1c2ccccc2CN1N=Cc1ccccn1,,,,,,,,,,,,,,csd_FEYMED,7.86551596,7.625171243,-0.449721366,-0.595536836,6.68992269,3.8754,2.6579,0.512304075,0.271959358,0.240344718,0.291980227,0.145815471,0.146164756,-0.771171076,-7.461093766
O=C1c2ccccc2NCN1c1nc(-c2ccccc2)cs1,,,,,,,,,,,,,,csd_KONSIP,7.508099555,7.250410862,0.008569958,-0.280518513,7.538374142,3.9343,2.9274,0.537161472,0.279472779,0.257688693,0.593640909,0.289088471,0.304552438,0.016054726,-7.522319416
O=C1c2cccn2Cn2cccc21,,,,,,,,,,,,,,csd_NUMHIN,8.077761805,7.967571717,0.085499035,-0.04269055,7.090746612,3.4736,2.9844,0.227711308,0.11752122,0.110190088,0.260755934,0.128189586,0.132566349,-0.441368908,-7.53211552
O=C1c2cccn2-c2ccccc2C2OCCN12,,,,,,,,,,,,,,csd_LIPLON,7.98307212,7.707577566,0.430838913,0.181889052,7.512523312,4.4111,3.3117,0.613806434,0.33831188,0.275494554,0.512990456,0.24894986,0.264040595,0.070205412,-7.4423179
O=C1c2ccccc2[SiH2]c2c1sc1ccccc21,,,,,,,,,,,,,,csd_KOKJID,8.074017217,7.950054324,-1.027500015,-1.184438499,6.329643754,3.1966,2.5193,0.260464528,0.136501634,0.123962893,0.311630667,0.156938484,0.154692183,-1.345059502,-7.674703256
O=C1c2ccccc2[SH2]c2cccc(-c3ccc4c(c3)c3ccccc3n4-c3ccccc3)c21,,,,,,,,,,,,,,csd_XELPOW,6.782758191,6.558326455,-0.629017906,-0.863583439,5.828953994,2.9158,2.5312,0.536362817,0.311931081,0.224431736,0.45105916,0.234565533,0.216493626,-0.847362996,-6.67631699
O=C1c2ccccc2[SH2]c2ccc(-c3ccc4c(c3)c3ccccc3n4-c3ccccc3)cc21,,,,,,,,,,,,,,csd_BALJAC,6.927015074,6.809597611,-0.609102971,-0.781859442,5.94296976,3.1896,2.7608,0.255853556,0.138436093,0.117417463,0.345581515,0.172756471,0.172825044,-0.869132116,-6.812101876
O=C1c2ccccc2Oc2ccccc2-c2nc3c(cnn3-c3ccccc3)cc21,,,,,,,,,,,,,,csd_FUBREB,7.675626811,7.53274492,-0.721938034,-0.939584335,6.437128784,3.3801,2.8564,0.300513994,0.157632103,0.142881891,0.416770347,0.217646301,0.199124045,-0.986685364,-7.423814148
O=C1c2ccccc2Oc2ccccc2-c2n[nH]cc21,,,,,,,,,,,,,,csd_FUBTED,8.176981754,7.886095425,-0.231005085,-0.455867224,7.135645422,3.4451,2.9184,0.660268131,0.369381802,0.290886329,0.423604653,0.224862139,0.198742514,-0.643277496,-7.778922918
O=C1c2ccccc2OCN1c1ccccc1,,,,,,,,,,,,,,csd_ZOBQAK,7.996826802,7.750992566,0.122498457,-0.193110707,7.297009024,4.1612,3.4597,0.583110043,0.337275806,0.245834237,0.67648667,0.315609164,0.360877505,-0.297420602,-7.594429626
O=C1c2ccccc2OCC(=Cc2ccccc2)Oc2ccccc21,,,,,,,,,,,,,,csd_MIYSEV,7.547519349,7.326283864,-0.532029674,-0.701078319,6.412094296,3.3909,2.7918,0.493891264,0.272655779,0.221235485,0.346029142,0.169048646,0.176980497,-0.838655348,-7.250749644
O=C1c2ccccc2OC2=NSc3ccccc3N12,,,,,,,,,,,,,,csd_REHSIJ,7.379146091,7.026061577,-0.343372221,-0.63775467,6.186783904,3.2432,2.8555,0.684869577,0.331785063,0.353084514,0.613721562,0.294382449,0.319339113,-0.724639582,-6.911423486
O=C1c2ccccc2NCc2[nH]c3ccccc3c21,,,,,,,,,,,,,,csd_GAQTUO,7.435837913,7.24580038,0.016963206,-0.150253977,6.76883575,3.4448,2.9386,0.375198783,0.18516125,0.190037533,0.339128059,0.167217182,0.171910877,-0.32789737,-7.09673312
O=C1c2ccccc2NCN1c1nc2ccccc2[nH]1,,,,,,,,,,,,,,csd_PAVNAE,7.397599311,7.211947793,-0.120747594,-0.424013014,6.57971652,3.612,2.9894,0.417918042,0.232266524,0.185651518,0.636026474,0.30326542,0.332761054,-0.4761995,-7.05591602
O=C1c2ccccc2NCN1c1ccccc1Br,,,,,,,,,,,,,,csd_XEBYUB,7.524561363,7.311241947,0.301660954,0.029929547,7.019452744,3.7946,3.1049,0.433243312,0.219923895,0.213319416,0.553420011,0.271731408,0.281688603,-0.040000758,-7.059453502
O=C1c2ccccc2N=C2C1CCN2c1cccc(O)c1,,,,,,,,,,,,,,csd_FAMXID,7.220067784,7.11376215,-0.37615491,-0.58427431,6.229505802,3.2647,2.6137,0.259251661,0.152946028,0.106305634,0.405750383,0.2081194,0.197630983,-0.714843478,-6.94434928
O=C1c2ccccc2NCN1c1ccccc1,,,,,,,,,,,,,,csd_MAZKOP,7.804432163,7.479936354,0.484543032,0.068891455,8.351450774,4.2201,3.2702,0.571942729,0.24744692,0.324495809,0.865270927,0.415651577,0.44961935,0.536880922,-7.814569852
O=C1c2ccccc2NCN1c1ccc(O)cc1,,,,,,,,,,,,,,csd_SADVUR,7.268848899,7.029971528,0.462045898,0.109883851,6.962308804,3.8279,3.1613,0.543745977,0.304868607,0.23887737,0.753224423,0.352162047,0.401062375,0.06258622,-6.899722584
O=C1c2ccccc2NCN1N=Cc1ccco1,,,,,,,,,,,,,,csd_DOXQUD,7.241420188,7.033914678,-0.111528154,-0.255449194,6.438489354,3.5454,2.4613,0.578312673,0.370807163,0.20750551,0.298780111,0.14392104,0.154859071,-0.439736224,-6.878225578
O=C1c2ccccc2NCN1N=Cc1ccccn1,,,,,,,,,,,,,,csd_IXAWOU,7.539816455,7.310256812,-0.331425655,-0.482747787,6.551688778,3.5394,2.6918,0.533892947,0.304333304,0.229559643,0.302622986,0.151322133,0.151300853,-0.638923672,-7.19061245
O=C1c2ccccc2NCN1N=Cc1ccccc1O,,,,,,,,,,,,,,csd_LEFFOT,7.775968495,7.458481472,-0.008822807,-0.261431702,8.486147204,4.2584,2.6041,0.651772324,0.334285301,0.317487023,0.571423753,0.252608896,0.318814858,0.320822406,-8.165324798
O=C1c2ccccc2NCN1N=Cc1ccccc1Cl,,,,,,,,,,,,,,csd_PENLUS,7.479736568,7.319746054,-0.35739099,-0.491377475,6.550056094,3.5997,2.6355,0.340433118,0.180442603,0.159990515,0.272558362,0.133986485,0.138571878,-0.63402562,-7.184081714
O=C1c2ccccc2NCN1N=Cc1ccccc1,,,,,,,,,,,,,,csd_TESGEF,7.40652348,7.174783062,-0.22302741,-0.359780913,6.582165546,3.5666,2.6595,0.653759763,0.422019344,0.231740419,0.275774695,0.136753503,0.139021192,-0.515928144,-7.09809369
O=C1c2ccccc2NCN1N=Cc1ccc(Cl)cc1,,,,,,,,,,,,,,csd_HILLEU,7.779318572,7.440189152,-0.187989141,-0.3515136,7.758786482,3.9873,2.6592,0.930509878,0.591380458,0.33912942,0.335253156,0.163524459,0.171728696,-0.093062988,-7.85184947
O=C1c2ccccc2NCCN1c1ccccc1,,,,,,,,,,,,,,csd_DANKOV,7.338204226,7.204357717,0.555081539,0.01876275,7.025439252,3.8933,3.1494,0.283224442,0.149377933,0.133846509,0.974423009,0.536318789,0.43810422,0.226126734,-6.799312518
O=C1c2ccccc2NC2(CCCCC2)N1c1ccccc1,,,,,,,,,,,,,,csd_CEDFOJ,7.317795051,7.104966827,0.59994794,0.240689649,7.152788604,3.8755,3.1474,0.41627499,0.203446767,0.212828223,0.683361956,0.359258291,0.324103665,0.244358372,-6.908430232
O=C1c2ccccc2NC2(CCCCC2)N1c1ccc(F)cc1,,,,,,,,,,,,,,csd_CEDFUP,7.374969957,7.164649781,0.543658193,0.175607137,7.146529982,3.8693,3.1425,0.405143188,0.194823012,0.210320176,0.69805867,0.368051056,0.330007614,0.177418328,-6.969111654
O=C1c2ccccc2N=C2C1CCN2c1ccccc1,,,,,,,,,,,,,,csd_GANSUK,7.27785911,7.172313246,-0.36796768,-0.568538311,6.285561286,3.2723,2.6167,0.266764565,0.161218701,0.105545864,0.390881965,0.200570631,0.190311334,-0.709401198,-6.994962484
O=C1c2ccccc2CN1N=Cc1cccs1,,,,,,,,,,,,,,csd_EMONIF,7.625047621,7.300258065,-0.204292851,-0.357153435,7.348710684,4.0628,2.4099,0.674762718,0.349973162,0.324789556,0.317605474,0.152860584,0.164744891,-0.234834382,-7.583545066
O=C1c2ccccc2CN1N=Cc1ccccc1O,,,,,,,,,,,,,,csd_CISYIO,7.522426983,7.210832044,-0.073983116,-0.239591942,7.440685216,4.0887,2.5895,0.647850562,0.336255624,0.311594939,0.34890868,0.165608825,0.183299854,-0.083811112,-7.524496328
O=C1c2ccccc2C(=O)c2c1ccc(O)c2O,,,,,,,,,,,,,,csd_KIBHUZ,7.956002791,7.679862728,-1.421529468,-1.597523769,5.6055484,2.7434,1.9083,0.752531321,0.476391259,0.276140063,0.350067178,0.175994301,0.174072877,-1.822891686,-7.428440086
O=C1c2ccccc2C(=O)c2c1oc1ccc3ccccc3c21,,,,,,,,,,,,,,csd_TACQIX,7.834179013,7.721962927,-1.711046437,-1.883518304,5.62187524,2.8048,2.1127,0.227492964,0.115276878,0.112216086,0.344191094,0.172471867,0.171719227,-1.97418707,-7.59606231
O=C1c2ccccc2C(=O)c2sc(=O)sc21,,,,,,,,,,,,,,csd_LAGXOG,8.835991929,8.692678465,-2.042224006,-2.222129728,5.753578416,2.6413,1.9299,0.303930113,0.160616649,0.143313464,0.360056347,0.179905722,0.180150625,-2.51161222,-8.265190636
O=C1c2ccccc2C(=O)c2nsnc21,,,,,,,,,,,,,,csd_BIVLAT,9.921519166,9.717494347,-1.420124326,-1.629580268,8.57023043,3.3063,2.7145,0.409468712,0.205443893,0.204024819,0.421522818,0.209455942,0.212066876,-1.334447056,-9.904677486
O=C1c2ccccc2C(=O)c2nc3ccccc3nc21,,,,,,,,,,,,,,csd_WUPYEM,8.432863147,8.134311857,-1.542874271,-1.69828908,6.054264386,2.5701,2.1492,0.641102271,0.342550981,0.29855129,0.311404432,0.155414809,0.155989623,-1.897178808,-7.951443194
O=C1c2ccccc2C(=O)c2nc3cc(O)ccc3nc21,,,,,,,,,,,,,,csd_WITPAT,8.527532451,8.378472456,-1.471706773,-1.639031821,6.056985526,2.5745,2.1815,0.300918002,0.151858007,0.149059995,0.334444134,0.167325048,0.167119085,-1.810646556,-7.867632082
O=C1c2ccccc2C(=O)c2n[se]nc21,,,,,,,,,,,,,,csd_BIVLEX,9.504323777,9.438479808,-1.452560315,-1.613787587,6.482299708,2.8648,2.3611,0.137123959,0.07127999,0.065843969,0.322068416,0.161227273,0.160841143,-1.93609111,-8.418390818
O=C1c2ccccc2C(=O)c2cc(O)c(O)cc21,,,,,,,,,,,,,,csd_NOJLEE,8.102355904,7.909468385,-1.225215,-1.399399933,5.912765106,2.7968,2.3393,0.397926588,0.205039069,0.192887519,0.347189137,0.174184933,0.173004204,-1.644112788,-7.556877894
O=C1c2ccccc2C(=O)c2cc(I)ccc21,,,,,,,,,,,,,,csd_DOPTOU,8.732524961,8.630716855,-1.618261604,-1.771211768,6.187056018,2.7307,2.2938,0.212459455,0.110651349,0.101808106,0.30577208,0.152950164,0.152821916,-1.990241796,-8.177297814
O=C1c2ccccc2C(=O)c2cc(Cl)c(Cl)cc21,,,,,,,,,,,,,,csd_DCANTR,8.967163938,8.831761372,-1.687627354,-1.844184062,6.248281668,2.7469,2.3095,0.284237767,0.148835201,0.135402566,0.314236159,0.156556708,0.157679451,-2.07214811,-8.320429778
O=C1c2ccccc2C(=O)c2cc(C=Cc3ccccc3)ccc21,,,,,,,,,,,,,,csd_XEDNIF,7.650882505,7.496083109,-1.559659296,-1.692209019,5.577520658,2.736,2.1221,0.311079555,0.156280159,0.154799396,0.265005348,0.132549723,0.132455626,-1.824796484,-7.402317142
O=C1c2ccccc2C(=O)c2cc(-n3c4ccccc4c4ccccc43)ccc21,,,,,,,,,,,,,,csd_XELPUC01,7.297495564,7.241137761,-1.650756996,-1.822663927,5.143498828,2.6953,2.2862,0.113642426,0.057284623,0.056357803,0.345791042,0.171906931,0.173884111,-1.950241038,-7.093739866
O=C1c2ccccc2C(=O)c2cc(-c3ccccc3)c(-c3ccccc3)cc21,,,,,,,,,,,,,,csd_GUZXUV,7.92684817,7.727659362,-1.539720878,-1.685685821,5.97018116,2.7221,2.2905,0.399642675,0.200453867,0.199188809,0.290766598,0.145964943,0.144801656,-1.79731297,-7.76749413
O=C1c2ccccc2C(=O)c2c1sc(-c1ccccc1O)c2C(=O)c1ccccc1,,,,,,,,,,,,,,csd_RAQWAK,7.957638958,7.627869715,-1.584843093,-1.7806,6.563117566,3.0163,2.3827,0.613309581,0.283540339,0.329769242,0.393195206,0.195756907,0.197438299,-1.510504814,-8.07362238
O=C1c2ccccc2C(=O)c2c1oc1c2c(=O)[nH]c2ccccc21,,,,,,,,,,,,,,csd_WILKAG,7.974714111,7.860060238,-1.644829536,-1.807550987,5.619698328,2.6064,2.1696,0.232475426,0.117821552,0.114653873,0.326907963,0.162721451,0.164186513,-2.003031154,-7.622729482
O=C1c2ccccc2C(=O)c2ssssc21,,,,,,,,,,,,,,csd_ILOLOL,8.155198075,7.998557284,-1.985240613,-2.164535167,5.254249226,2.199,1.6223,0.335760376,0.179119585,0.156640791,0.355573541,0.179294554,0.176278987,-2.383174412,-7.637423638
O=C1c2ccccc2C(=O)c2c1oc(Nc1ccccn1)c2-c1ccccc1,,,,,,,,,,,,,,csd_IBANOR,7.221442422,7.073908742,-1.477260919,-1.711387532,5.960929284,2.7718,1.9047,0.308873336,0.161339656,0.14753368,0.477547281,0.234126613,0.243420667,-1.425061018,-7.385990302
O=C1c2ccccc2C(=O)c2c1oc(C(=O)c1ccccc1)c2-c1cccc(F)c1,,,,,,,,,,,,,,csd_PAKDIR,8.083566242,7.812557297,-1.90804813,-2.109176567,5.61779353,2.6688,2.2418,0.767410188,0.496401243,0.271008945,0.384368644,0.201128437,0.183240207,-2.20548397,-7.8232775
O=C1c2ccccc2C(=O)c2c1oc(-c1ccccc1)c2-c1ccc(Br)cc1,,,,,,,,,,,,,,csd_LETKUS,7.696966535,7.508606775,-1.66572517,-1.837901766,5.575343746,2.7072,2.1701,0.368078812,0.179719052,0.18835976,0.347465632,0.172176596,0.175289036,-1.965207308,-7.540551054
O=C1c2ccccc2C(=O)c2c1ncc1c2CCC=C1,,,,,,,,,,,,,,csd_ZERXAY,8.297133826,8.092778471,-1.474489274,-1.638725339,6.079843102,2.608,2.1599,0.457317999,0.252962644,0.204355355,0.328254275,0.164236065,0.16401821,-1.829694536,-7.909537638
O=C1c2ccccc2C(=O)c2c1cccc2N1CCCCC1,,,,,,,,,,,,,,csd_CEFXAO,7.212783809,6.961130305,-1.253521495,-1.434802019,5.31574699,2.2928,1.7968,0.998654162,0.747000659,0.251653503,0.358381267,0.181280524,0.177100744,-1.571186236,-6.886933226
O=C1c2ccccc2C(=O)c2c1ccc1nc(-c3ccccc3)[nH]c21,,,,,,,,,,,,,,csd_UMIXEU,7.891415118,7.719577576,-1.669255033,-1.820565928,5.701332528,2.7156,2.2765,0.344771975,0.172934434,0.171837542,0.308255637,0.151310894,0.156944743,-1.941261276,-7.642593804
O=C1c2ccccc2C(=O)c2c1ccc1ccccc21,,,,,,,,,,,,,,csd_MEBZAN,8.171859534,8.041740715,-1.646381375,-1.79594089,5.82596074,2.5475,2.1342,0.284864582,0.154745762,0.130118819,0.298148344,0.149559514,0.148588829,-1.977996666,-7.803957406
O=C1c2ccccc2C(=O)c2c1ccc1c2OC[SiH2]O1,,,,,,,,,,,,,,csd_GAFPAE01,7.920335122,7.73112691,-1.205535498,-1.403518841,5.961745626,2.5707,2.1444,0.416971983,0.227763772,0.189208211,0.400171937,0.197983344,0.202188593,-1.564927614,-7.52667324
O=C1c2ccccc2C(=O)c2c1ccc1c2OCCC1,,,,,,,,,,,,,,csd_KAWVUA,8.083303489,7.833450455,-1.163953648,-1.326684378,6.0273251,2.5686,2.1476,0.403488272,0.153635238,0.249853034,0.324772903,0.16273073,0.162042173,-1.527103768,-7.554428868
O=C1c2ccccc2C(=O)c2c1ccc1c2NC2CCCCC2C1,,,,,,,,,,,,,,csd_XIHXIW,7.221041054,7.078259028,-1.196163619,-1.385930753,5.969636932,2.7427,1.8535,0.290662379,0.147880353,0.142782025,0.381015655,0.189767133,0.191248522,-1.25308497,-7.222721902
O=C1c2ccccc2C(=O)c2c1ccc1c(=O)oc3cc(O)cc(O)c3c21,,,,,,,,,,,,,,csd_MOSXUN,7.653275639,7.434095431,-1.630288308,-2.414757596,5.465137576,2.55,2.1783,0.459479999,0.240299792,0.219180208,0.929347135,0.784469287,0.144877847,-1.906430684,-7.37156826
O=C1c2ccccc2C(=O)c2c1ccc1[nH]c(=O)[nH]c21,,,,,,,,,,,,,,csd_EVIZOZ,8.046771096,7.88082855,-1.513482938,-1.68150683,5.678474952,2.7872,2.1919,0.343454808,0.177512262,0.165942546,0.337204512,0.168023891,0.169180621,-1.874593346,-7.553068298
O=C1c2ccccc2C(=O)c2sc(=S)sc21,,,,,,,,,,,,,,csd_LAGWOH,8.323880456,8.233821606,-2.173305129,-2.354203795,5.179962104,2.3364,1.7387,0.184655744,0.094596895,0.090058849,0.362143733,0.180898666,0.181245067,-2.57964072,-7.759602824
O=C1c2ccccc2C(=O)n2ccnc21,,,,,,,,,,,,,,csd_EVAWEE,9.128379619,8.851432412,-1.492566569,-1.635467808,6.358215724,2.8146,2.3586,0.543476557,0.26652935,0.276947207,0.285781688,0.142901239,0.142880449,-2.00684075,-8.365056474
O=C1c2ccccc2CN1N=Cc1ccccc1,,,,,,,,,,,,,,csd_IXUNAS,7.80657283,7.446032283,-0.131106267,-0.290958656,7.674159028,4.0051,2.6714,0.929054367,0.568513821,0.360540546,0.331711646,0.15985239,0.171859257,-0.138233912,-7.81239294
O=C1c2ccccc2C2CC(c3ccc(Cl)cc3)=Nc3ccccc3N12,,,,,,,,,,,,,,csd_FEYNAA,7.540518672,7.162992063,-0.669569695,-0.918950475,6.443115292,3.329,2.5249,0.800112849,0.422586239,0.37752661,0.49465019,0.24938078,0.24526941,-0.888724324,-7.331839616
O=C1c2ccccc2CN1N=Cc1cc(Br)ccc1O,,,,,,,,,,,,,,csd_QOBZEP,7.437582572,7.239132281,-0.658619011,-0.79165228,6.116306378,3.402,2.4661,0.403780985,0.205330694,0.198450291,0.266989277,0.133033269,0.133956008,-0.930357766,-7.046664144
O=C1c2ccccc2CN1C=Cc1ccccc1,,,,,,,,,,,,,,csd_NOMMIO,7.229472642,6.980996832,-0.209660544,-0.394818012,6.333997578,3.7555,2.5297,0.513730742,0.265254931,0.248475811,0.392382429,0.185157468,0.207224961,-0.524907906,-6.858905484
O=C1c2ccccc2CCc2ccccc21,,,,,,,,,,,,,,csd_BUFDOV,8.492086255,8.26293092,-0.460050106,-0.624586448,6.930199352,3.2728,2.7518,0.527987828,0.298832493,0.229155336,0.304770374,0.164536342,0.140234032,-0.877023422,-7.807222774
O=C1c2ccccc2CCc2c1coc2-c1ccccc1,,,,,,,,,,,,,,csd_ZAPQEP,7.666762235,7.465106876,-0.317325197,-0.500180417,6.623798988,3.3643,2.8334,0.392297856,0.190642497,0.201655359,0.356127075,0.18285522,0.173271855,-0.693074358,-7.316873346
O=C1c2ccccc2CCc2[nH]c3ccccc3c21,,,,,,,,,,,,,,csd_PARMUQ,7.573613476,7.415975823,-0.070123261,-0.260315246,6.770468434,3.4067,2.9074,0.328243036,0.170605383,0.157637654,0.378119954,0.190191985,0.187927969,-0.413885394,-7.184353828
O=C1c2ccccc2CCN1c1ccccc1O,,,,,,,,,,,,,,csd_AZUSIY,7.678716883,7.373415315,0.416043149,0.119958192,7.286668692,4.0621,3.473,0.65858682,0.353285252,0.305301568,0.589857082,0.296084958,0.293772125,0.03401425,-7.252654442
O=C1c2ccccc2CCN1c1ccccc1,,,,,,,,,,,,,,csd_REJPAX,8.115996462,7.627258765,0.40890364,-0.011837694,8.630911852,4.45,3.4482,0.848584053,0.359846356,0.488737697,0.919597072,0.420741333,0.498855739,0.454974608,-8.175937244
O=C1c2ccccc2C2OCc3ccccc3N12,,,,,,,,,,,,,,csd_RAXFII,7.960816705,7.674661487,0.085353128,-0.429252869,7.226259384,4.2043,3.4149,0.606797703,0.320642484,0.286155218,0.565445681,0.514605996,0.050839684,-0.321366634,-7.547626018
O=C1c2ccccc2C2Cc3ccccc3N12,,,,,,,,,,,,,,csd_LUQZOO,7.669979575,7.433710444,0.17944555,-0.07457842,6.99877208,4.067,3.2819,0.496054026,0.259784896,0.23626913,0.522559208,0.25402397,0.268535238,-0.233473812,-7.232245892
O=C1c2ccccc2C2Cc3cc(Br)ccc3N12,,,,,,,,,,,,,,csd_WUGTEZ,7.640883567,7.404271465,-0.010358292,-0.253776782,6.868429474,4.0446,3.215,0.491226451,0.254614349,0.236612103,0.505619649,0.24341849,0.262201159,-0.384497082,-7.252926556
O=C1c2ccccc2C2CCc3cccn3N12,,,,,,,,,,,,,,csd_RIWTUM,7.887095934,7.43078062,0.284927304,-0.070150962,8.150902756,4.6504,3.4643,0.748214287,0.291898974,0.456315314,0.721024167,0.355078266,0.365945901,0.377150004,-7.773752752
O=C1c2ccccc2C2CCC2c2ccccc21,,,,,,,,,,,,,,csd_CAPGIM,8.722020327,8.516140317,-0.163070791,-0.447615339,8.699212466,3.6535,3.0293,0.536594005,0.330713995,0.20588001,0.524233716,0.284544548,0.239689168,-0.05170166,-8.750914126
O=C1c2ccccc2C2C3CCOC3c3cc(Br)ccc3N12,,,,,,,,,,,,,,csd_IFUXIT,7.641576098,7.419012696,-0.092193312,-0.322781627,6.893463962,4.1513,3.2276,0.469968089,0.247404688,0.222563401,0.479526366,0.230588315,0.248938051,-0.407898886,-7.301362848
O=C1c2ccccc2C(c2ccccc2)=C2CC1C1C=CC2C1,,,,,,,,,,,,,,csd_NEGGAH,7.365227596,7.104026102,-0.281342447,-0.611072478,6.583526116,3.3654,2.4688,0.519969962,0.258768468,0.261201494,0.639831472,0.329730031,0.310101441,-0.558377928,-7.141904044
O=C1c2ccccc2C2C3CC=CC3c3c(ccc4ccccc34)N12,,,,,,,,,,,,,,csd_LUMLUB,7.183351632,6.991959434,-0.183917771,-0.317629965,6.548695524,3.8055,2.574,0.405822656,0.214430458,0.191392198,0.301023391,0.133712194,0.167311198,-0.410347912,-6.959043436
O=C1c2ccccc2C2=NN(c3ccccc3)CCC12,,,,,,,,,,,,,,csd_LIVRUG,6.918115613,6.849995247,-0.340013083,-0.59348858,5.927731376,3.1493,2.3042,0.13814142,0.070021055,0.068120366,0.507437099,0.253475497,0.253961602,-0.7074964,-6.635227776
O=C1c2ccccc2C2=NCCc3cc(O)c(O)c1c32,,,,,,,,,,,,,,csd_IHUKEB,7.472581793,7.219665164,-1.119944134,-1.303462659,5.596296524,2.7599,1.8845,0.721216197,0.468299568,0.252916629,0.36599333,0.183518525,0.182474805,-1.452544532,-7.048841056
O=C1c2ccccc2C2=Cc3ccccc3CC1O2,,,,,,,,,,,,,,csd_RABZUP,7.834768003,7.517085956,-0.434862826,-0.682552091,6.659173808,3.1969,2.6743,0.671832214,0.354150167,0.317682047,0.537226207,0.247689265,0.289536942,-0.837566892,-7.4967407
O=C1c2ccccc2C2=CN(c3ccccc3)C(=O)CN12,,,,,,,,,,,,,,csd_YADRUT,7.221718182,7.020748959,-0.406892146,-0.628421813,6.150592742,3.4786,2.136,0.423138522,0.222169298,0.200969223,0.464817243,0.221529667,0.243287576,-0.74287122,-6.893463962
O=C1c2ccccc2C2=CC=C3c4ccccc4CC3N12,,,,,,,,,,,,,,csd_TAGGEP,6.847639638,6.668749309,-0.860178613,-1.027838416,5.49806337,2.8019,1.5017,0.36225032,0.183359992,0.178890329,0.332599582,0.167659803,0.164939779,-1.095803078,-6.593866448
O=C1c2ccccc2C2=C(c3ccccc3)c3ccccc3CN12,,,,,,,,,,,,,,csd_RIZCUB,7.030123858,6.852993835,-0.677810667,-0.904091989,5.916030474,3.2066,1.9286,0.356981567,0.179851544,0.177130023,0.459220893,0.226281322,0.232939571,-0.894166604,-6.810197078
O=C1c2ccccc2C2=C(c3ccccc3)c3ccccc3C12,,,,,,,,,,,,,,csd_MOFVIP,7.403001345,7.23742414,-0.574830974,-0.867094009,6.875504438,3.4929,2.257,0.3373874,0.171810195,0.165577206,0.566153286,0.292263035,0.273890251,-0.560826954,-7.436331392
O=C1c2ccccc2C2=C(c3ccccc3)CCc3cccc1c32,,,,,,,,,,,,,,csd_FIGSUJ,7.497023073,7.282287602,-0.815546529,-1.053163549,6.646928678,3.241,2.2118,0.419576686,0.204841215,0.214735471,0.533720835,0.23761702,0.296103815,-0.852533162,-7.49946184
O=C1c2ccccc2C23CCCC2c2ccccc2N13,,,,,,,,,,,,,,csd_LURBEH,7.636770537,7.368942659,0.194054371,-0.095386706,7.504087778,4.2024,3.3828,0.55201525,0.284187372,0.267827878,0.59381011,0.289441077,0.304369033,0.016871068,-7.48721671
O=C1c2ccccc2C(c2ccccc2)=C2c3ccccc3CC12,,,,,,,,,,,,,,csd_BANSOB,7.283309064,7.055190047,-0.596172222,-0.812605249,6.274132498,3.1862,2.2719,0.468245227,0.24012621,0.228119017,0.468148654,0.216433026,0.251715627,-0.807634352,-7.08176685
O=C1c2ccccc2C(c2ccccc2)=C2CCCC12,,,,,,,,,,,,,,csd_BANTAO,7.551394688,7.358611361,-0.215618236,-0.431698085,6.666248772,3.2508,2.5655,0.378033041,0.185249714,0.192783327,0.415940345,0.21607985,0.199860495,-0.564092322,-7.230341094
O=C1c2ccccc2-c2ccc3ccccc3c21,,,,,,,,,,,,,,csd_KOFHOD,7.843289117,7.727437752,-1.102739563,-1.269963712,6.737270526,3.0268,1.9966,0.234889458,0.119038092,0.115851365,0.337398258,0.167224148,0.170174109,-1.107231866,-7.844502392
O=C1c2ccccc2-c2ccc3c4c(ccc1c24)-c1ccccc1C3=O,,,,,,,,,,,,,,csd_LOFMAX,7.723257645,7.644051519,-1.947772692,-2.063097326,5.380510122,2.6281,1.6603,0.160164123,0.080957997,0.079206127,0.229688434,0.115324634,0.1143638,-2.150244828,-7.53075495
O=C1c2ccccc2-c2ccc(N=CNc3ccccc3)c3cccc1c23,,,,,,,,,,,,,,csd_KIFJAM,6.94324749,6.748876188,-1.013259745,-1.146657375,5.588133104,2.9362,1.9212,0.415465832,0.22109453,0.194371302,0.274257986,0.13339763,0.140860356,-1.204376564,-6.792509668
O=C1c2cc(Cl)c3c4c(Cl)cc5c6c(cc(Cl)c(c7c(Cl)cc(c2c37)C(=O)N1c1c(F)c(F)c(F)c(F)c1F)c64)C(=O)N(c1c(F)c(F)c(F)c(F)c1F)C5=O,,,,,,,,,,,,,,csd_KUCGUL,7.908996675,7.792740051,-2.952511459,-3.11382336,4.86948003,2.413,1.3735,0.234015863,0.117759238,0.116256625,0.322630876,0.1613119,0.161318975,-3.001145306,-7.870625336
O=C1c2cc(O)cc(O)c2C(=O)c2c1cc1c(c2O)COCO1,,,,,,,,,,,,,,csd_AVERUF,8.179659764,7.987142646,-1.608994844,-1.844519579,6.592777992,2.9849,2.3005,0.418514325,0.225997208,0.192517118,0.468372413,0.235524735,0.232847678,-1.593771698,-8.18654969
O=C1c2cc(O)cc(O)c2C(=O)c2c1cc1c(c2O)C2CCOC2O1,,,,,,,,,,,,,,csd_HIBYEW,7.742686857,7.539507497,-1.312572628,-1.533513413,5.798477226,2.7796,2.1832,0.440898695,0.237719335,0.20317936,0.448368496,0.220940785,0.227427711,-1.632956114,-7.43143334
O=C1c2cc(O)c(O)cc2C(=O)c2cc3ccccc3cc21,,,,,,,,,,,,,,csd_ROMHEH,7.978223048,7.786241533,-1.215814141,-1.370171107,6.0001137,2.8938,2.4295,0.396284543,0.204303028,0.191981516,0.308474689,0.154356966,0.154117723,-1.514586524,-7.514700224
O=C1c2cc(O)c(O)cc2C(=O)c2cc(O)c(O)cc2C(=O)c2cc(O)c(O)cc2C(=O)c2cc(O)c(O)cc21,,,,,,,,,,,,,,csd_FENCEI,7.536112058,7.146998562,-0.701779013,-1.013989555,6.999588422,3.4707,2.7018,0.688442978,0.299329482,0.389113496,0.607168785,0.312210542,0.294958242,-0.581235504,-7.580823926
O=C1c2cc(O)c(O)cc2C(=O)c2cc(O)c(O)cc21,,,,,,,,,,,,,,csd_LEGSIB,7.698079917,7.561264481,-1.07959537,-1.271323057,5.781334044,2.7835,2.2496,0.277934872,0.141119436,0.136815436,0.382950359,0.191727688,0.191222671,-1.474041538,-7.255375582
O=C1c2cc(O)c(O)cc2-c2c(O)c(O)cc3ccnc1c23,,,,,,,,,,,,,,csd_CAWWAA,7.79840628,7.505012421,-0.889330866,-1.184587618,8.030356254,3.7437,1.3444,0.591010111,0.297616252,0.293393859,0.594546505,0.295256751,0.299289753,-0.3673539,-8.397710154
O=C1c2cc(N(c3ccccc3)c3ccccc3)c(N(c3ccccc3)c3ccccc3)cc2C(=O)N1c1ccccc1,,,,,,,,,,,,,,csd_FOCLAN,6.63825831,6.545568118,-1.037104006,-1.352488758,5.495614344,2.7338,2.2593,0.207913328,0.115223136,0.092690192,0.639301366,0.315384752,0.323916614,-1.16328735,-6.658901694
O=C1c2cc(F)ccc2Oc2ccccc2-c2nc3[nH]ncc3cc21,,,,,,,,,,,,,,csd_FUDBOX,8.721390301,8.245588632,-0.625326952,-0.894670015,8.096207842,3.6015,3.0029,0.9586149,0.482813231,0.475801669,0.503646823,0.269343063,0.23430376,-0.561643296,-8.657851138
O=C1c2cc(F)ccc2-n2c1nc1ncccc1c2=O,,,,,,,,,,,,,,csd_NIJYIP,8.59860343,8.452844287,-1.745506573,-1.971405167,6.03548852,2.6432,2.1581,0.338542007,0.192782864,0.145759143,0.454775665,0.225898594,0.228877072,-2.159496704,-8.194985224
O=C1c2cc(F)c3c(F)c(F)c(F)c(F)c3c2C1(F)F,,,,,,,,,,,,,,csd_LEVXOZ,9.077984814,8.861360301,-1.011022424,-1.305136569,8.110901998,3.7393,2.5434,0.438160412,0.221535899,0.216624513,0.582416751,0.294114145,0.288302606,-0.980426742,-9.09132874
O=C1c2cc(Cl)ccc2OCc2cc(-c3ccccc3)oc21,,,,,,,,,,,,,,csd_LONDID,7.993172964,7.804037408,-0.824776446,-0.973996688,7.231973778,3.5345,2.4974,0.387650339,0.198514782,0.189135557,0.299987998,0.149220243,0.150767755,-0.795389222,-8.027363
O=C1c2cc(Cl)cc(Cl)c2NCN1c1ccc(O)cc1,,,,,,,,,,,,,,csd_MAZLEG,7.792910122,7.511281384,0.059488202,-0.357333846,8.034982192,3.9923,3.0969,0.531655517,0.250026779,0.281628738,0.880288246,0.416822048,0.463466197,0.204629728,-7.830352464
O=C1c2cc(Cl)c(Cl)cc2C(=O)N1c1ccccc1O,,,,,,,,,,,,,,csd_GIZDAV,8.174601164,7.825554006,-0.906608472,-1.1735836,6.33209278,3.3068,2.9561,0.706357331,0.357310172,0.349047159,0.531494425,0.266975127,0.264519298,-1.352950808,-7.685043588
O=C1c2cc(O)ccc2-c2cccc(-c3ccc(O)cc3)c21,,,,,,,,,,,,,,csd_JABFAW,7.408187185,7.281490934,-0.876846058,-1.069524049,5.876029716,2.7735,2.2282,0.258537988,0.131841736,0.126696251,0.396009001,0.192677991,0.20333101,-1.21498901,-7.091018726
O=C1c2cc(C#Cc3ccccc3)ccc2-c2ccc(C#Cc3ccccc3)cc21,,,,,,,,,,,,,,csd_CINKOC,7.172194958,7.061526194,-1.431500052,-1.569850156,5.460239524,2.7435,2.0337,0.226142517,0.115473753,0.110668764,0.279920679,0.138350105,0.141570574,-1.570369894,-7.030609418
O=C1c2cc(C#Cc3ccc(O)cc3)ccc2-n2cccc21,,,,,,,,,,,,,,csd_IDOVEF,7.406474119,7.201753641,-0.812804355,-0.953871327,6.640670056,3.2887,2.4181,0.417465462,0.212744984,0.204720478,0.283025962,0.141066972,0.141958989,-0.784504662,-7.425174718
O=C1c2cc(C#Cc3ccc(O)cc3)ccc2-n2cc(F)c(F)c21,,,,,,,,,,,,,,csd_IDOVIJ,7.254858021,7.084728267,-1.045924854,-1.178416072,5.588133104,2.8579,2.251,0.346955418,0.176825664,0.170129755,0.266807233,0.132491218,0.134316015,-1.371726674,-6.959859778
O=C1c2cc(C#Cc3cc(O)c(I)cc3O)ccc2-c2ccc(C#Cc3cc(O)c(I)cc3O)cc21,,,,,,,,,,,,,,csd_OBEFIL,6.863574416,6.759942248,-1.477334117,-1.618358831,5.177240964,2.6611,1.9725,0.215223398,0.11159123,0.103632168,0.285369761,0.141024713,0.144345048,-1.568465096,-6.74570606
O=C1c2cc(C#Cc3cc(O)c(C#Cc4ccccc4)cc3O)ccc2-c2ccc(C#Cc3cc(O)c(C#Cc4ccccc4)cc3O)cc21,,,,,,,,,,,,,,csd_OBEFOR,6.803145244,6.701390662,-1.416573782,-1.568639793,5.53071705,2.843,1.9552,0.215410885,0.113656303,0.101754581,0.309939751,0.152066011,0.15787374,-1.291997272,-6.822714322
O=C1c2cc(Br)sc2-c2sc(Br)cc21,,,,,,,,,,,,,,csd_LEVJIH,7.826531439,7.621902255,-1.321603819,-1.534633434,6.519579326,2.5713,1.6367,0.411746034,0.20711685,0.204629184,0.430510471,0.213029615,0.217480856,-1.319480786,-7.839060112
O=C1c2cc(Br)cnc2-c2ncc(Br)cc21,,,,,,,,,,,,,,csd_CEBMED,8.566214844,8.432062642,-1.621778215,-1.803502475,6.099979538,2.6715,2.2733,0.274932829,0.140780627,0.134152202,0.371389895,0.18172426,0.189665635,-2.051467446,-8.151446984
O=C1c2cc(Br)ccc2CN1c1ccc(O)cc1,,,,,,,,,,,,,,csd_CUBTAW,7.420509868,7.166431584,-0.061816954,-0.324324241,6.51440916,3.909,3.0872,0.52962854,0.275550256,0.254078284,0.533446843,0.262507287,0.270939556,-0.41905556,-6.93346472
O=C1c2cc(Br)ccc2-n2c1nc1ncccc1c2=O,,,,,,,,,,,,,,csd_NIJYOV,8.513295746,8.367867684,-1.830989254,-2.049739794,5.94841204,2.6387,2.1548,0.326618434,0.181190372,0.145428062,0.442636687,0.21875054,0.223886147,-2.19868112,-8.14709316
O=C1c2cc(Br)cc(Br)c2NCN1c1ccc(O)cc1,,,,,,,,,,,,,,csd_MAZLIK,7.396889284,7.200909516,-0.09365402,-0.445176055,6.700263022,3.5841,2.9373,0.387028559,0.19104879,0.195979768,0.736704573,0.351522035,0.385182537,-0.399191238,-7.09945426
O=C1c2cc(-c3cccs3)ccc2-c2ccc(-c3cccs3)cc21,,,,,,,,,,,,,,csd_RADMIU,7.229445295,7.030407237,-1.193341797,-1.340500232,5.59466384,2.73,2.0897,0.353399078,0.15436102,0.199038057,0.296545755,0.147158435,0.149387321,-1.423428334,-7.018092174
O=C1c2cc(-c3cccs3)ccc2-c2cc3c(cc21)-c1cc2c(cc1C3)-c1ccc(-c3cccs3)cc1C2=O,,,,,,,,,,,,,,csd_KUBZUD,7.023501528,6.882193272,-1.377922982,-1.471115768,5.447994394,2.7178,2.0639,0.27056676,0.129258504,0.141308256,0.189404405,0.093192786,0.096211619,-1.482204958,-6.930199352
O=C1c2cc(O)ccc2-c2ccc(O)cc21,,,,,,,,,,,,,,csd_KOGRON01,7.395211293,7.212227281,-0.692475408,-0.879800345,5.751945732,2.5898,2.0458,0.371394548,0.188410536,0.182984012,0.376541421,0.187324937,0.189216484,-1.168457516,-6.920403248
O=C1c2cc(O)ccc2-c2ncc(-c3ccccc3)cc21,,,,,,,,,,,,,,csd_UPILIQ,7.831771865,7.627481681,-0.948522546,-1.147036022,6.841762302,3.0719,2.3636,0.410469003,0.206178819,0.204290184,0.403620955,0.198513476,0.205107479,-0.962195104,-7.803957406
O=C1c2cc(-c3ccccc3)c(-c3ccccc3)c3cccc(c23)N1c1ccccc1,,,,,,,,,,,,,,csd_BONDUF,7.349029602,7.187387083,-0.870777317,-1.097580527,6.55658683,3.3155,2.1557,0.343084869,0.18144235,0.161642519,0.44922103,0.226803209,0.22241782,-0.812804518,-7.369391348
O=C1c2cc3ccccc3cc2-c2cccc3cccc1c23,,,,,,,,,,,,,,csd_CANKUX,7.422081217,7.340794262,-1.099750554,-1.199035048,5.838477984,2.9646,2.0879,0.165882626,0.084595671,0.081286955,0.198330779,0.099284494,0.099046285,-1.350229668,-7.188707652
O=C1c2cc3ccccc3nc2C(=O)c2cccnc21,,,,,,,,,,,,,,csd_GUHFIY,8.73021357,8.405105859,-1.548320823,-1.713913022,6.182702194,2.6691,2.2398,0.532205378,0.207097666,0.325107712,0.331062464,0.165592199,0.165470265,-1.910784508,-8.093486702
O=C1c2cc3ccccc3nc2-c2c(O)cccc21,,,,,,,,,,,,,,csd_WINRIU,7.89005716,7.755767132,-0.959758514,-1.110218127,6.211546278,2.815,2.4024,0.272006705,0.137716678,0.134290028,0.305465244,0.150459613,0.155005631,-1.329549004,-7.541095282
O=C1c2cc3ccccc3n2-c2ccccc2C2OCCN12,,,,,,,,,,,,,,csd_LIPLIH,7.616172677,7.423231552,0.284329687,-0.077431481,7.973756542,4.4282,2.8922,0.420943786,0.228002661,0.192941126,0.713123255,0.361761168,0.351362087,0.328985826,-7.644770716
O=C1c2cc3ccccc3cc2O[PH3]N1c1ccccc1,,,,,,,,,,,,,,csd_CEQBOQ,7.437985573,7.003807822,-0.245287641,-0.53497041,6.526926404,3.4943,2.4564,0.939879579,0.505701828,0.434177751,0.554071724,0.289682768,0.264388956,-0.538241492,-7.065167896
O=C1c2cc3ccccc3cc2OPN1c1ccccc1,,,,,,,,,,,,,,csd_CEPZON,8.271328439,7.918024602,-0.375187518,-0.727050784,8.847514596,4.3811,2.1299,0.706105081,0.352801243,0.353303838,0.712811875,0.351863266,0.360948609,0.098505268,-8.749009328
O=C1c2cc3ccccc3cc2OP(Cl)N1c1ccccc1,,,,,,,,,,,,,,csd_CEQCUX,7.977720427,7.74348524,-0.601406226,-0.846815231,6.723392712,3.7235,2.5489,0.504106423,0.269871236,0.234235187,0.484577074,0.245409004,0.23916807,-0.886003184,-7.609395896
O=C1c2cc3ccccc3cc2Cc2cc3ccccc3cc21,,,,,,,,,,,,,,csd_LUPJUD,7.631381238,7.580940091,-0.905587392,-0.998085961,6.251002808,3.1528,2.4315,0.098032035,0.047590888,0.050441146,0.187980215,0.092498569,0.095481646,-1.126007732,-7.37701054
O=C1c2cc3ccccc3cc2C(=O)c2cc3ccccc3cc21,,,,,,,,,,,,,,csd_PENTQU,8.307901051,8.248188545,-1.220203667,-1.372187608,7.196871072,3.208,2.4144,0.120089568,0.060377062,0.059712506,0.304808089,0.151983941,0.152824148,-1.112402032,-8.309273104
O=C1c2cc3ccccc3cc2C(=O)N1c1ccccc1,,,,,,,,,,,,,,csd_ZIFREL,8.550354516,8.075069999,-0.551066415,-0.957239445,8.440704166,4.2425,2.4592,0.916217471,0.440932954,0.475284517,0.735178013,0.40617303,0.329004983,-0.39592587,-8.836630036
O=C1c2cc3ccccc3cc2C(=C=C=C2C(c3ccccc3)=C(c3ccccc3)C(c3ccccc3)=C2c2ccccc2)c2cc3ccccc3cc21,,,,,,,,,,,,,,csd_DEVNIE,6.598444222,6.177239505,-2.438180624,-2.573767411,3.862114002,1.442,0.8773,0.672888941,0.251684225,0.421204716,0.268190932,0.135586787,0.132604145,-2.54290533,-6.405019332
O=C1c2cc3ccccc3cc2C(=C=C=C(c2ccccc2)c2ccccc2)c2cc3ccccc3cc21,,,,,,,,,,,,,,csd_DEVMUP,6.577493077,6.469857295,-1.832867385,-1.983385067,4.789750628,2.4711,1.0177,0.218008213,0.110372432,0.107635781,0.296434189,0.150517682,0.145916507,-1.803571592,-6.59332222
O=C1c2cc3ccccc3cc2-c2ccccc2C1(F)F,,,,,,,,,,,,,,csd_SAZMUE,8.476173654,8.265559323,-0.716324975,-1.10164278,9.037722282,4.0223,1.3693,0.427159741,0.21654541,0.210614331,0.733926261,0.385317805,0.348608456,-0.076736148,-9.11445843
O=C1c2cc3ccccc3cc2-c2cccc(O)c21,,,,,,,,,,,,,,csd_SAHJES01,8.011215946,7.882933079,-0.988550597,-1.195829953,7.078501482,3.4648,2.4713,0.266752402,0.138469536,0.128282866,0.415510132,0.207279356,0.208230776,-0.948045176,-8.026546658
O=C1c2cc(O)ccc2-c2ncccc21,,,,,,,,,,,,,,csd_KISGEA,7.978635573,7.827726156,-0.922494243,-1.097657916,6.024876074,2.8229,2.2353,0.304116321,0.153206903,0.150909418,0.354046519,0.175163673,0.178882846,-1.432135982,-7.457012056
O=C1c2cc3ccccc3cc2-c2ccc3ccccc3c21,,,,,,,,,,,,,,csd_NIJCEQ,7.543612418,7.442238851,-1.194530092,-1.32381246,5.869771094,2.8529,2.0826,0.206376509,0.105002942,0.101373567,0.259868516,0.129282368,0.130586148,-1.439755174,-7.309526268
O=C1c2cc3ccccc3c(-c3ccccc3)c2-c2nc3ccccc3n21,,,,,,,,,,,,,,csd_PETDEA,7.577414065,7.424951585,-0.741400988,-1.196456958,6.17018495,3.2099,2.4622,0.300066094,0.147603613,0.152462481,0.630810049,0.45505597,0.175754079,-1.22995528,-7.40014023
O=C1c2cc3ccc(O)cc3c(-c3ccc(O)cc3)c2C(=O)N1c1ccccc1,,,,,,,,,,,,,,csd_PETCUP,7.753839449,7.460363684,-0.709997944,-1.032793993,7.14435307,3.6685,2.5607,0.548087937,0.254612172,0.293475765,0.632454434,0.322796049,0.309658385,-0.615521868,-7.759874938
O=C1c2cc3cc4c(cc3cc2C(=O)c2cc3cc5cc6c(cc5cc3cc21)OCO6)OCO4,,,,,,,,,,,,,,csd_WOQTON,7.669063965,7.452482446,-0.921166299,-1.332385792,7.98926704,3.8861,0.2662,0.434194622,0.217613103,0.216581519,0.681905983,0.411219493,0.27068649,-0.37279618,-8.36206322
O=C1c2cc3c(nc2-c2nc4c(cc21)C1CC(C4)C1)CC1CC3C1,,,,,,,,,,,,,,csd_LARKAT,7.749348453,7.610972851,-0.972846653,-1.140557586,6.182974308,2.7323,2.3232,0.281782401,0.143406799,0.138375602,0.345373864,0.167710933,0.177662931,-1.313766392,-7.4967407
O=C1c2cc3c(cc2C(=O)c2c(O)cccc21)CCCC3,,,,,,,,,,,,,,csd_KEPSIH,8.223075579,7.932764527,-1.469520037,-1.634518593,5.915214132,2.7279,2.1838,0.791187129,0.500876076,0.290311052,0.328493789,0.164998555,0.163495234,-1.814184038,-7.72939817
O=C1c2cc3c(cc2-c2cnc4ccccc4c21)OCO3,,,,,,,,,,,,,,csd_FECPAH,7.469396454,7.315306459,-1.388029677,-1.576279639,5.377516868,2.3473,1.7388,0.292240286,0.138150291,0.154089995,0.378349918,0.188249962,0.190099956,-1.723570076,-7.101086944
O=C1c2cc3[nH]c4ccccc4c3cc2C(=O)c2cc3[nH]c4ccccc4c3cc21,,,,,,,,,,,,,,csd_CENCUV,7.821404267,7.752561602,-1.115284808,-1.283965011,6.867341018,3.2147,2.7231,0.147442794,0.078600129,0.068842665,0.33736857,0.168680203,0.168688367,-0.94967786,-7.817018878
O=C1c2cc([nH]n2)C=c2ccc([nH]2)=CC2=NC(=Cc3ccc1[nH]3)C=C2,,,,,,,,,,,,,,csd_EZOZAW,6.646667449,6.518703935,-1.755936676,-1.886112204,4.907031762,2.1081,0.6881,0.26149584,0.133532326,0.127963513,0.260048737,0.130175528,0.129873209,-1.742345942,-6.649377704
O=C1c2cc(O)ccc2C2Cc3ccccc3N12,,,,,,,,,,,,,,csd_DEHBEA,7.750816698,7.468884308,0.276808211,-0.039537892,7.977294024,4.4121,3.3623,0.582233727,0.300301337,0.28193239,0.647272102,0.316346103,0.330925999,0.241909346,-7.735384678
O=C1c2cc(O)ccc2C2=Cc3nc4ccccc4cc3CCN12,,,,,,,,,,,,,,csd_ZAPCAX,7.176374629,7.008442739,-0.870052678,-1.062736329,5.870587436,3.4138,2.0637,0.342783094,0.174851205,0.16793189,0.390271885,0.192683651,0.197588234,-1.082741606,-6.953329042
O=C1c2cc(O)ccc2-n2c1nc1ccc(O)cc1c2=O,,,,,,,,,,,,,,csd_DOJQOL,7.804119314,7.677181425,-1.326254384,-1.52976371,5.8640567,2.7853,2.1402,0.263163463,0.136225575,0.126937888,0.409055534,0.203509326,0.205546208,-1.634588798,-7.498645498
O=C1c2cc(-c3ccccc3)ccc2-c2ncccc21,,,,,,,,,,,,,,csd_DOKKAR,8.103948397,7.889662758,-1.037207954,-1.22547993,7.006119158,3.038,2.5068,0.408020249,0.19373461,0.214285639,0.381307198,0.188271976,0.193035223,-1.097435762,-8.10355492
O=C1c2cc(-c3ccc(O)cc3)nn2CC2OCCN12,,,,,,,,,,,,,,csd_WISZAB,7.378993217,7.188603704,0.558253,0.243015245,7.064895782,4.2973,3.2087,0.38707607,0.196686557,0.190389513,0.704070648,0.315237756,0.388832892,0.144764648,-6.920131134
O=C1c2cc3cscc3cc2C(=O)c2cc3cscc3cc21,,,,,,,,,,,,,,csd_SAKDAL,7.890741636,7.834947653,-0.805010901,-0.939849919,6.84774881,3.3079,1.8318,0.111640211,0.055846228,0.055793982,0.269024962,0.134839018,0.134185944,-1.06804745,-7.91579626
O=C1c2[nH]c3ccccc3c(=O)c2CN1c1ccccc1,,,,,,,,,,,,,,csd_COLFOB,7.803405913,7.724962467,-0.578818914,-0.825785227,6.610465402,3.2963,2.6647,0.192546724,0.114103278,0.078443446,0.506724323,0.246966313,0.259758011,-0.890629122,-7.501094524
O=C1c2c(F)c(F)c(F)c(F)c2C(=O)N1c1ccccc1,,,,,,,,,,,,,,csd_RIGVEJ01,8.618486855,8.235532387,-1.178317023,-1.509079753,6.443931634,3.4077,2.9679,0.75562221,0.372667742,0.382954468,0.654489409,0.33076273,0.323726679,-1.70887592,-8.152807554
O=C1c2c(F)c(F)c(F)c(F)c2C(=O)N1c1c(F)cccc1F,,,,,,,,,,,,,,csd_HOKMIE,8.962534735,8.592599289,-1.134282991,-1.424056373,6.856728572,3.4635,3.0867,0.765765531,0.395830086,0.369935446,0.57510151,0.289773382,0.285328128,-1.682480862,-8.539209434
O=C1c2c(F)c(F)c(F)c(F)c2C(=O)N1c1c(F)cc(F)cc1F,,,,,,,,,,,,,,csd_HOKMUQ,8.947171178,8.552462474,-1.200755271,-1.493446804,6.747882972,3.457,3.085,0.80585255,0.411143845,0.394708704,0.580970465,0.292691533,0.288278932,-1.749420906,-8.497303878
O=C1c2c(Cl)cccc2-c2n[nH]c3cccc1c23,,,,,,,,,,,,,,csd_LIGYEI,8.538881537,8.309146843,-0.919746953,-1.14089645,8.72397484,3.7142,1.7312,0.492154632,0.262419939,0.229734694,0.444848158,0.221149497,0.223698661,-0.37551732,-9.09949216
O=C1c2c(Cl)c(Cl)c(Cl)c(Cl)c2C(=O)N1c1ccccc1O,,,,,,,,,,,,,,csd_REWDAZ,8.557833732,8.097291672,-1.15164468,-1.450827765,7.607763212,3.7929,2.9341,0.901247827,0.440705766,0.46054206,0.596101636,0.299183084,0.296918552,-0.987501706,-8.595264918
O=C1c2c(Cl)c(Cl)c(Cl)c(Cl)c2C(=O)N1c1ccccc1F,,,,,,,,,,,,,,csd_SABFAE,8.646034043,8.310872862,-1.339342931,-1.601957976,6.554137804,3.3078,2.9355,0.713328891,0.37816771,0.335161181,0.520397889,0.262615044,0.257782844,-1.715406656,-8.26954446
O=C1c2c(Cl)c(Cl)c(Cl)c(Cl)c2C(=O)N1c1ccccc1,,,,,,,,,,,,,,csd_BAVVEZ,8.503832981,8.140528954,-1.386448586,-1.668708084,6.361208978,3.3121,2.852,0.730939565,0.367635538,0.363304027,0.559417131,0.282259498,0.277157633,-1.753230502,-8.11443948
O=C1c2c(-c3cccs3)sc(-c3cccs3)c2C(=O)C1(F)F,,,,,,,,,,,,,,csd_NIZGIN,7.593664441,7.419239912,-0.930080482,-1.083555499,5.49262109,2.7821,1.7894,0.351873607,0.177449077,0.17442453,0.304468082,0.153475017,0.150993065,-1.832143562,-7.324764652
O=C1c2[se]c(C=Cc3ccccc3)cc2C2CC1C2,,,,,,,,,,,,,,csd_MUFZOC,7.448738702,7.241703214,-0.890349661,-1.115843458,6.695092856,3.4976,1.8085,0.416940146,0.209904658,0.207035488,0.450182136,0.225493797,0.224688339,-0.824777534,-7.51987039
O=C1c2[se]c(-c3ccccc3)cc2C2CC1C2,,,,,,,,,,,,,,csd_MUGBAR,7.752995624,7.526064521,-0.555071471,-0.81764461,6.516858186,3.2783,2.3782,0.409713342,0.182782239,0.226931103,0.454926172,0.262573139,0.192353033,-0.891989692,-7.408847878
O=C1c2[nH]c3ccccc3c2C2C=CCCC12,,,,,,,,,,,,,,csd_TANHIZ,7.602592175,7.445220812,0.009221971,-0.194257314,6.754413708,3.581,2.621,0.332945629,0.175574266,0.157371363,0.399868149,0.203479284,0.196388864,-0.439191996,-7.193605704
O=C1c2[nH]c3ccccc3c2-c2c(-c3ccccc3)c3cc(O)ccc3n21,,,,,,,,,,,,,,csd_EKIZOP,7.051333348,6.865782621,-0.879979124,-1.124160078,6.389780948,2.7926,1.858,0.377700491,0.192149764,0.185550727,0.472398067,0.244180954,0.228217114,-0.75239521,-7.142176158
O=C1c2[nH]c3ccc(O)cc3c2CCn2cccc21,,,,,,,,,,,,,,csd_UGIBET,7.281392837,7.14105747,-0.306635198,-0.451865651,6.18787236,3.3525,2.47,0.299920813,0.159585446,0.140335367,0.291115612,0.145230453,0.145885159,-0.657427424,-6.845299784
O=C1c2c(O)c(F)c(F)c(F)c2-c2c(F)c(F)c(F)c(F)c21,,,,,,,,,,,,,,csd_BOJWEE,8.843492479,8.619877629,-1.635242144,-1.927388632,7.210476772,3.4003,2.4369,0.454618955,0.231004105,0.22361485,0.583076627,0.292146488,0.290930139,-1.614724476,-8.825201248
O=C1Sc2ccccc2C1=Cc1cccs1,,,,,,,,,,,,,,csd_JAJGAD,7.566054939,7.422417659,-1.132795344,-1.298791414,5.784871526,3.0261,1.8073,0.293131541,0.149494261,0.14363728,0.336628148,0.165996071,0.170632077,-1.447102252,-7.231973778
O=C1SCc2c(O)c(O)c(-c3c(O)c(O)c4c(c3O)C(=O)SC4)c(O)c21,,,,,,,,,,,,,,csd_VAMREI,7.359055098,7.144846957,-0.020659983,-0.187110484,6.78380202,3.6973,2.8904,0.354826044,0.140617903,0.214208141,0.334472461,0.166450501,0.168021959,-0.286536042,-7.070338062
O=C1SC2=C(c3ccccc3)C(=O)SC2=C1c1ccccc1,,,,,,,,,,,,,,csd_IBEGON,8.485081333,8.349716864,-1.984378011,-2.292818142,6.36338589,2.679,1.6477,0.269225782,0.133861312,0.13536447,0.596995803,0.308440131,0.288555672,-1.92248541,-8.2858713
O=C1SC(=Cc2ccc(O)cc2)C(=O)N1C(=O)c1ccccc1,,,,,,,,,,,,,,csd_MAJNUI,7.700006593,7.444167187,-0.92101963,-1.10625416,6.133993788,3.5798,2.1714,0.535830834,0.279991428,0.255839406,0.43025414,0.185234531,0.245019609,-1.190226636,-7.324220424
O=C1Oc2nc1c(-c1ccccc1)c1ccc([nH]1)c(-c1ccccc1)c1nc(c(-c3ccccc3)c3ccc([nH]3)c2-c2ccccc2)OC1,,,,,,,,,,,,,,csd_ZUPQAE,6.25181534,6.16593072,-1.854647662,-1.996663959,4.395185328,1.9673,1.1277,0.169592057,0.083707437,0.085884621,0.27250911,0.142016297,0.130492813,-1.84357235,-6.238757678
O=C1Oc2nc1c(-c1c(F)c(F)c(F)c(F)c1F)c1ccc([nH]1)c(-c1c(F)c(F)c(F)c(F)c1F)c1nc(c(-c3c(F)c(F)c(F)c(F)c3F)c3[nH]c(c4c3C(=O)NC4=O)c2-c2c(F)c(F)c(F)c(F)c2F)C(=O)O1,,,,,,,,,,,,,,csd_ZOBPOY,7.618976214,7.456086596,-3.319984273,-3.437222957,4.329061626,1.922,0.9259,0.331308863,0.168419246,0.162889617,0.231625342,0.117238684,0.114386657,-3.299926478,-7.628988104
O=C1Oc2ccccc2Oc2ccc3c(c21)OCC=C3,,,,,,,,,,,,,,csd_CETVUV,7.711500824,7.318380014,0.021628301,-0.31756346,6.93618586,3.7824,2.6851,0.660696438,0.267575628,0.39312081,0.684360506,0.339191761,0.345168745,-0.343407868,-7.279593728
O=C1Oc2ccccc2OC1=Cc1ccccc1,,,,,,,,,,,,,,csd_CEYFUI,7.633959464,7.518367967,-0.514054857,-0.817028897,6.376447362,3.658,2.263,0.237988537,0.12239704,0.115591497,0.59999586,0.302974041,0.297021819,-0.899880998,-7.27632836
O=C1Oc2ccccc2CN1c1ccccc1,,,,,,,,,,,,,,csd_WOGQUH,8.08326474,7.814882184,0.720469326,0.587205223,7.977838252,4.8786,3.6253,0.641372099,0.372989544,0.268382555,0.275245597,0.133264104,0.141981493,0.354836656,-7.623001596
O=C1Oc2ccccc2CC1=Cc1ccccc1,,,,,,,,,,,,,,csd_LAPVAB,8.179170747,7.966023906,-0.503604264,-0.861602858,6.941900254,4.042,2.66,0.459472925,0.246326083,0.213146842,0.65755676,0.357998593,0.299558166,-0.884642614,-7.826542868
O=C1Oc2ccccc2C2CSC(Nc3ccccc3)=C12,,,,,,,,,,,,,,csd_NIVWOH,7.204293798,7.050342037,0.00179432,-0.305544565,6.660262264,3.783,2.6418,0.31126413,0.157312369,0.153951761,0.841082333,0.307338885,0.533743448,-0.259324642,-6.919586906
O=C1Oc2ccccc2C2=C(c3ccccc3)c3ccccc3CC12,,,,,,,,,,,,,,csd_JATFES,7.330614287,7.159393355,-0.572731942,-0.797017552,6.399577052,3.6155,2.2721,0.341220888,0.169999956,0.171220932,0.455166993,0.224285611,0.230881382,-0.74151065,-7.141087702
O=C1c2c(Nc3ccccc3)ccc(Nc3ccccc3)c2C(=O)N1c1ccccc1,,,,,,,,,,,,,,csd_MEBXEY,6.597115761,6.47700437,-1.061032895,-1.427544602,5.18241113,2.422,1.6171,0.252495941,0.132384549,0.120111392,0.70641638,0.366511707,0.339904672,-1.250908058,-6.433319188
O=C1c2c(O)cccc2C(=O)c2c(I)c(O)c(I)c(O)c21,,,,,,,,,,,,,,csd_ROFJUT,8.538797998,8.301111589,-1.999600613,-2.254114824,7.270613966,3.1729,2.4861,0.494128819,0.256442411,0.237686409,0.508547052,0.254514211,0.254032841,-1.612819678,-8.883433644
O=C1c2cc(-c3ccc(O)cc3)cnc2-c2ncc(-c3ccc(O)cc3)cc21,,,,,,,,,,,,,,csd_HOJVOU,7.706355284,7.464116408,-1.175917793,-1.379309403,6.575906924,2.9749,2.4134,0.484819255,0.242580379,0.242238876,0.415204603,0.203391609,0.211812993,-1.106959752,-7.682866676
O=C1c2c(cc3occc3c2O)C2C3C=CC(C3)C12,,,,,,,,,,,,,,csd_HIYFIE,7.668212657,7.492494089,0.133561252,-0.048459993,6.838496934,3.7628,2.9524,0.363006416,0.187287848,0.175718568,0.362860699,0.182021245,0.180839454,-0.343135754,-7.181632688
O=C1c2cc(-c3ccc(O)cc3)ccc2-c2ccc(-c3ccc(O)cc3)cc21,,,,,,,,,,,,,,csd_IBEMOU,7.102645069,6.90554283,-0.980361163,-1.144936798,5.672488444,2.8082,2.2248,0.389030773,0.191928535,0.197102238,0.331750504,0.164575636,0.167174869,-1.223696658,-6.896185102
O=C1c2c[nH]c(C(=O)O)c2Cc2c1c[nH]c2C(=O)O,,,,,,,,,,,,,,csd_RAGTAX,8.72398948,8.57118389,0.542963241,0.322824049,9.796376114,4.045,3.31,0.319414951,0.166609361,0.152805589,0.444313562,0.220139192,0.22417437,0.909404988,-8.886971126
O=C1c2c[nH]c(-c3ccccc3)c2C(=O)N1c1ccccc1,,,,,,,,,,,,,,csd_GAQYII,7.803211215,7.699867787,-0.495384898,-0.743092149,6.70352839,3.6741,2.7742,0.270936889,0.167593462,0.103343428,0.491977323,0.247707252,0.244270071,-0.817158342,-7.520686732
O=C1c2c3cc(F)ccc3nc3cccc(c23)N1c1ccccc1Cl,,,,,,,,,,,,,,csd_BEGVIU,7.742579644,7.546545181,-1.504851918,-1.710195673,6.316310168,2.9829,1.6087,0.413001296,0.216966833,0.196034463,0.408712235,0.205343755,0.20336848,-1.465606004,-7.781916172
O=C1c2c3cc(Cl)ccc3nc3cccc(c23)N1c1ccccc1,,,,,,,,,,,,,,csd_WUNXUA,7.552271276,7.410893903,-1.653823176,-1.829040374,5.404456154,2.5808,1.5968,0.302635395,0.161258022,0.141377373,0.346890927,0.175217198,0.171673729,-1.90887971,-7.313335864
O=C1c2c3c(nc4ccc(F)cc24)CCC=C3N1c1ccccc1,,,,,,,,,,,,,,csd_BEGVEQ,7.618681242,7.446348453,-0.999566697,-1.229495679,6.094809372,3.326,2.1675,0.372370049,0.20003726,0.172332789,0.453551452,0.229928983,0.223622469,-1.268595468,-7.36340484
O=C1c2c(nn(-c3ccccc3)c2-c2ccc(Cl)cc2)CCC12CC2,,,,,,,,,,,,,,csd_WALCUJ,8.130597337,7.840779056,-0.224163976,-0.661982884,8.090765562,3.8262,3.2015,0.593652882,0.303834601,0.289818281,0.852234109,0.437818909,0.4144152,-0.087348594,-8.178114156
O=C1c2c(cnn2-c2ccc(Cl)cc2)C2CCCN12,,,,,,,,,,,,,,csd_RAZHIJ,7.935294317,7.745765827,-0.006954962,-0.258309385,7.18244903,4.3345,3.2368,0.40017874,0.21065025,0.189528489,0.516645981,0.251354423,0.265291558,-0.336605018,-7.519054048
O=C1c2c(ccc3ccccc23)CC2CCCN12,,,,,,,,,,,,,,csd_IPUROC,8.099261342,7.929006987,0.06444797,-0.238113573,9.09541045,4.6712,2.0869,0.342009012,0.171754656,0.170254356,0.606097934,0.302561543,0.303536391,0.544500114,-8.550910336
O=C1c2c(ccc3c2CCCC3)-c2occc2C1(F)F,,,,,,,,,,,,,,csd_KAXRIN,7.841343992,7.675464713,-0.778547814,-1.022360462,6.231954828,3.0202,2.3737,0.335810119,0.169930839,0.165879279,0.469140373,0.243812647,0.225327726,-1.208730388,-7.440685216
O=C1c2c(ccc(O)c2O)-c2c3c(cc4ccnc1c24)OCO3,,,,,,,,,,,,,,csd_SANZIR,7.469486306,7.198037353,-1.14261621,-1.42330806,6.969111654,3.4063,1.9259,0.592105642,0.320656689,0.271448953,0.566526382,0.28069185,0.285834532,-0.845458198,-7.814569852
O=C1c2c(cc3occc3c2O)OC2CCC12,,,,,,,,,,,,,,csd_IRETAA,7.517176325,7.250633751,0.341773987,0.154249454,6.855095888,3.385,2.8868,0.490668237,0.224125662,0.266542575,0.379122232,0.187524533,